timestamp, utilization.gpu [%], clocks.current.sm [MHz], power.draw [W], temperature.gpu, memory.used [MiB]
2026/10/01 04:58:12.736, 0 %, 300 MHz, 2.51 W, 53, 0 MiB
2026/10/01 04:58:13.746, 0 %, 300 MHz, 2.54 W, 53, 8 MiB
2026/10/01 04:58:14.753, 0 %, 1890 MHz, 38.07 W, 66, 55 MiB
2026/10/01 04:58:15.757, 71 %, 1710 MHz, 49.95 W, 72, 57 MiB
2026/10/01 04:58:16.768, 56 %, 1710 MHz, 49.68 W, 74, 59 MiB
2026/10/01 04:58:17.773, 47 %, 1710 MHz, 47.96 W, 74, 59 MiB
2026/10/01 04:58:18.779, 47 %, 1905 MHz, 23.56 W, 72, 59 MiB
2026/10/01 04:58:19.784, 47 %, 1905 MHz, 23.48 W, 70, 55 MiB
2026/10/01 04:58:20.788, 62 %, 1410 MHz, 38.28 W, 74, 57 MiB
2026/10/01 04:58:21.792, 69 %, 1350 MHz, 30.87 W, 73, 59 MiB
2026/10/01 04:58:22.795, 42 %, 1815 MHz, 23.92 W, 75, 59 MiB
2026/10/01 04:58:23.799, 40 %, 1605 MHz, 18.45 W, 71, 55 MiB
2026/10/01 04:58:24.803, 65 %, 1350 MHz, 30.30 W, 75, 57 MiB
2026/10/01 04:58:25.805, 70 %, 1350 MHz, 31.43 W, 75, 59 MiB
2026/10/01 04:58:26.814, 42 %, 1890 MHz, 24.36 W, 73, 55 MiB
2026/10/01 04:58:27.822, 39 %, 1350 MHz, 16.29 W, 73, 55 MiB
2026/10/01 04:58:28.831, 73 %, 1350 MHz, 31.08 W, 76, 59 MiB
2026/10/01 04:58:29.840, 63 %, 1350 MHz, 31.62 W, 75, 59 MiB
2026/10/01 04:58:30.849, 37 %, 1770 MHz, 16.28 W, 73, 55 MiB
2026/10/01 04:58:31.862, 57 %, 1350 MHz, 30.70 W, 77, 57 MiB
2026/10/01 04:58:32.871, 75 %, 1350 MHz, 31.10 W, 76, 59 MiB
2026/10/01 04:58:33.881, 37 %, 1350 MHz, 16.10 W, 73, 55 MiB
2026/10/01 04:58:34.949, 47 %, 1350 MHz, 30.45 W, 77, 57 MiB
2026/10/01 04:58:35.953, 80 %, 1350 MHz, 31.22 W, 77, 59 MiB
2026/10/01 04:58:36.958, 38 %, 1350 MHz, 16.06 W, 73, 55 MiB
2026/10/01 04:58:37.962, 40 %, 1350 MHz, 31.18 W, 77, 55 MiB
2026/10/01 04:58:38.969, 80 %, 1665 MHz, 18.71 W, 73, 0 MiB
2026/10/01 04:58:39.973, 0 %, 480 MHz, 6.27 W, 71, 0 MiB
2026/10/01 04:58:40.980, 0 %, 1350 MHz, 30.48 W, 78, 57 MiB
2026/10/01 04:58:41.987, 73 %, 1350 MHz, 31.01 W, 77, 59 MiB
2026/10/01 04:58:42.991, 37 %, 1350 MHz, 16.30 W, 74, 55 MiB
2026/10/01 04:58:43.995, 47 %, 1350 MHz, 31.20 W, 79, 57 MiB
2026/10/01 04:58:44.999, 80 %, 1350 MHz, 31.28 W, 78, 59 MiB
2026/10/01 04:58:46.003, 42 %, 1350 MHz, 16.38 W, 75, 55 MiB
2026/10/01 04:58:47.009, 38 %, 1350 MHz, 24.11 W, 78, 55 MiB
2026/10/01 04:58:48.014, 80 %, 1350 MHz, 31.80 W, 79, 59 MiB
2026/10/01 04:58:49.017, 50 %, 1350 MHz, 16.45 W, 76, 59 MiB
2026/10/01 04:58:50.020, 36 %, 1350 MHz, 16.99 W, 78, 55 MiB
2026/10/01 04:58:51.024, 74 %, 1350 MHz, 31.77 W, 81, 59 MiB
2026/10/01 04:58:52.028, 59 %, 1350 MHz, 22.69 W, 78, 59 MiB
2026/10/01 04:58:53.032, 35 %, 1350 MHz, 17.04 W, 78, 55 MiB
2026/10/01 04:58:54.037, 67 %, 1350 MHz, 32.02 W, 81, 59 MiB
2026/10/01 04:58:55.041, 65 %, 1350 MHz, 31.63 W, 79, 59 MiB
2026/10/01 04:58:56.045, 35 %, 1350 MHz, 16.99 W, 78, 55 MiB
2026/10/01 04:58:57.049, 60 %, 1350 MHz, 31.59 W, 82, 57 MiB
2026/10/01 04:58:58.052, 72 %, 1350 MHz, 31.85 W, 81, 59 MiB
2026/10/01 04:58:59.056, 36 %, 1350 MHz, 17.00 W, 78, 55 MiB
2026/10/01 04:59:00.073, 52 %, 1350 MHz, 31.68 W, 83, 57 MiB
2026/10/01 04:59:01.177, 80 %, 1350 MHz, 32.29 W, 82, 59 MiB
2026/10/01 04:59:02.286, 38 %, 1350 MHz, 17.03 W, 78, 55 MiB
2026/10/01 04:59:03.393, 42 %, 1350 MHz, 32.40 W, 83, 57 MiB
2026/10/01 04:59:04.498, 80 %, 1350 MHz, 32.27 W, 82, 59 MiB
2026/10/01 04:59:05.602, 35 %, 1350 MHz, 17.11 W, 79, 55 MiB
2026/10/01 04:59:06.639, 45 %, 1350 MHz, 32.45 W, 84, 55 MiB
2026/10/01 04:59:07.643, 80 %, 1350 MHz, 16.95 W, 78, 0 MiB
2026/10/01 04:59:08.646, 0 %, 405 MHz, 6.05 W, 76, 0 MiB
2026/10/01 04:59:09.650, 0 %, 1350 MHz, 31.81 W, 82, 59 MiB
2026/10/01 04:59:10.656, 64 %, 1350 MHz, 31.66 W, 80, 59 MiB
2026/10/01 04:59:11.660, 36 %, 1350 MHz, 17.29 W, 80, 55 MiB
2026/10/01 04:59:12.664, 62 %, 1350 MHz, 32.89 W, 84, 57 MiB
2026/10/01 04:59:13.667, 70 %, 1350 MHz, 32.07 W, 82, 59 MiB
2026/10/01 04:59:14.670, 36 %, 1350 MHz, 17.35 W, 81, 55 MiB
2026/10/01 04:59:15.673, 54 %, 1350 MHz, 32.17 W, 84, 57 MiB
2026/10/01 04:59:16.676, 77 %, 1350 MHz, 32.54 W, 83, 59 MiB
2026/10/01 04:59:17.679, 36 %, 1350 MHz, 17.37 W, 81, 55 MiB
2026/10/01 04:59:18.682, 47 %, 1350 MHz, 32.88 W, 85, 57 MiB
2026/10/01 04:59:19.684, 80 %, 1350 MHz, 32.62 W, 84, 59 MiB
2026/10/01 04:59:20.687, 41 %, 1350 MHz, 17.37 W, 81, 55 MiB
2026/10/01 04:59:21.690, 39 %, 1350 MHz, 26.45 W, 85, 55 MiB
2026/10/01 04:59:22.693, 80 %, 1350 MHz, 32.93 W, 85, 59 MiB
2026/10/01 04:59:23.695, 49 %, 1350 MHz, 17.41 W, 81, 55 MiB
2026/10/01 04:59:24.698, 36 %, 1350 MHz, 17.42 W, 84, 55 MiB
2026/10/01 04:59:25.701, 77 %, 1350 MHz, 33.28 W, 85, 59 MiB
2026/10/01 04:59:26.703, 52 %, 1350 MHz, 17.48 W, 81, 59 MiB
2026/10/01 04:59:27.706, 35 %, 1350 MHz, 17.84 W, 84, 55 MiB
2026/10/01 04:59:28.709, 78 %, 1350 MHz, 33.40 W, 85, 59 MiB
2026/10/01 04:59:29.712, 51 %, 1350 MHz, 17.51 W, 82, 55 MiB
2026/10/01 04:59:30.717, 33 %, 1350 MHz, 23.01 W, 85, 55 MiB
2026/10/01 04:59:31.720, 84 %, 1350 MHz, 33.06 W, 85, 59 MiB
2026/10/01 04:59:32.722, 43 %, 1350 MHz, 17.55 W, 82, 55 MiB
2026/10/01 04:59:33.726, 84 %, 1350 MHz, 22.25 W, 85, 55 MiB
2026/10/01 04:59:34.729, 32 %, 1215 MHz, 27.77 W, 83, 59 MiB
2026/10/01 04:59:35.736, 59 %, 1350 MHz, 16.31 W, 83, 55 MiB
2026/10/01 04:59:36.740, 0 %, 1350 MHz, 16.06 W, 81, 0 MiB
2026/10/01 04:59:37.756, 0 %, 1245 MHz, 16.55 W, 77, 59 MiB
2026/10/01 04:59:38.769, 88 %, 1350 MHz, 16.39 W, 82, 55 MiB
2026/10/01 04:59:39.773, 27 %, 1350 MHz, 33.25 W, 86, 59 MiB
2026/10/01 04:59:40.776, 55 %, 1350 MHz, 32.96 W, 85, 59 MiB
2026/10/01 04:59:41.783, 75 %, 1350 MHz, 17.69 W, 83, 55 MiB
2026/10/01 04:59:42.786, 32 %, 1065 MHz, 24.93 W, 85, 57 MiB
2026/10/01 04:59:43.790, 68 %, 1350 MHz, 33.21 W, 86, 59 MiB
2026/10/01 04:59:44.794, 59 %, 1350 MHz, 17.82 W, 83, 55 MiB
2026/10/01 04:59:45.799, 32 %, 1005 MHz, 24.61 W, 86, 59 MiB
2026/10/01 04:59:46.838, 91 %, 1350 MHz, 17.65 W, 83, 57 MiB
2026/10/01 04:59:47.888, 33 %, 1140 MHz, 27.71 W, 85, 57 MiB
2026/10/01 04:59:48.938, 82 %, 1350 MHz, 16.32 W, 82, 55 MiB
2026/10/01 04:59:49.986, 24 %, 1200 MHz, 27.76 W, 86, 57 MiB
2026/10/01 04:59:51.090, 65 %, 1200 MHz, 27.92 W, 85, 59 MiB
2026/10/01 04:59:52.195, 61 %, 1350 MHz, 16.63 W, 83, 55 MiB
2026/10/01 04:59:53.301, 28 %, 1200 MHz, 27.69 W, 86, 59 MiB
2026/10/01 04:59:54.376, 89 %, 1350 MHz, 16.45 W, 83, 55 MiB
2026/10/01 04:59:55.381, 30 %, 1350 MHz, 27.89 W, 86, 55 MiB
2026/10/01 04:59:56.385, 59 %, 1200 MHz, 28.25 W, 86, 59 MiB
2026/10/01 04:59:57.389, 65 %, 1350 MHz, 16.68 W, 83, 55 MiB
2026/10/01 04:59:58.393, 29 %, 1200 MHz, 28.02 W, 86, 57 MiB
2026/10/01 04:59:59.398, 85 %, 1200 MHz, 19.82 W, 85, 59 MiB
2026/10/01 05:00:00.405, 39 %, 300 MHz, 9.10 W, 82, 59 MiB
2026/10/01 05:00:01.408, 97 %, 300 MHz, 8.67 W, 79, 57 MiB
2026/10/01 05:00:02.414, 99 %, 300 MHz, 7.31 W, 78, 55 MiB
2026/10/01 05:00:03.418, 28 %, 1350 MHz, 15.84 W, 79, 55 MiB
2026/10/01 05:00:04.421, 0 %, 1245 MHz, 28.85 W, 80, 59 MiB
2026/10/01 05:00:05.424, 69 %, 1350 MHz, 16.28 W, 82, 55 MiB
2026/10/01 05:00:06.427, 38 %, 1200 MHz, 28.03 W, 85, 59 MiB
2026/10/01 05:00:07.431, 74 %, 1350 MHz, 16.31 W, 82, 55 MiB
2026/10/01 05:00:08.434, 29 %, 1200 MHz, 27.78 W, 86, 57 MiB
2026/10/01 05:00:09.437, 74 %, 1200 MHz, 28.13 W, 84, 59 MiB
2026/10/01 05:00:10.440, 50 %, 1350 MHz, 16.64 W, 83, 55 MiB
2026/10/01 05:00:11.443, 39 %, 1350 MHz, 16.13 W, 81, 0 MiB
2026/10/01 05:00:12.447, 0 %, 360 MHz, 3.45 W, 78, 0 MiB
2026/10/01 05:00:13.452, 0 %, 1350 MHz, 33.22 W, 84, 57 MiB
2026/10/01 05:00:14.455, 72 %, 1350 MHz, 32.88 W, 82, 59 MiB
2026/10/01 05:00:15.459, 36 %, 1350 MHz, 17.93 W, 86, 55 MiB
2026/10/01 05:00:16.465, 61 %, 300 MHz, 29.01 W, 86, 59 MiB
2026/10/01 05:00:17.468, 65 %, 1350 MHz, 17.77 W, 84, 55 MiB
2026/10/01 05:00:18.472, 45 %, 1245 MHz, 25.45 W, 86, 59 MiB
2026/10/01 05:00:19.477, 65 %, 1200 MHz, 16.94 W, 83, 55 MiB
2026/10/01 05:00:20.483, 28 %, 1215 MHz, 19.64 W, 86, 57 MiB
2026/10/01 05:00:21.487, 94 %, 1350 MHz, 16.36 W, 83, 55 MiB
2026/10/01 05:00:22.494, 88 %, 1200 MHz, 28.23 W, 86, 57 MiB
2026/10/01 05:00:23.501, 29 %, 1200 MHz, 28.19 W, 83, 59 MiB
2026/10/01 05:00:24.504, 61 %, 1350 MHz, 16.74 W, 83, 55 MiB
2026/10/01 05:00:25.509, 64 %, 1200 MHz, 27.92 W, 86, 59 MiB
2026/10/01 05:00:26.513, 28 %, 1185 MHz, 16.51 W, 84, 59 MiB
2026/10/01 05:00:27.521, 87 %, 1350 MHz, 25.75 W, 85, 55 MiB
2026/10/01 05:00:28.526, 39 %, 1185 MHz, 27.94 W, 86, 59 MiB
2026/10/01 05:00:29.531, 51 %, 1350 MHz, 16.69 W, 83, 55 MiB
2026/10/01 05:00:30.536, 72 %, 1230 MHz, 28.00 W, 87, 57 MiB
2026/10/01 05:00:31.548, 24 %, 1350 MHz, 20.58 W, 84, 59 MiB
2026/10/01 05:00:32.560, 97 %, 300 MHz, 8.84 W, 80, 59 MiB
2026/10/01 05:00:33.566, 99 %, 300 MHz, 8.66 W, 79, 59 MiB
2026/10/01 05:00:34.574, 99 %, 300 MHz, 8.55 W, 78, 59 MiB
2026/10/01 05:00:35.582, 46 %, 1350 MHz, 16.06 W, 80, 55 MiB
2026/10/01 05:00:36.589, 0 %, 1350 MHz, 16.00 W, 80, 55 MiB
2026/10/01 05:00:37.597, 0 %, 360 MHz, 7.29 W, 77, 55 MiB
2026/10/01 05:00:38.606, 88 %, 1215 MHz, 27.62 W, 84, 57 MiB
2026/10/01 05:00:39.696, 20 %, 1215 MHz, 16.09 W, 82, 59 MiB
2026/10/01 05:00:40.704, 89 %, 1350 MHz, 22.34 W, 83, 55 MiB
2026/10/01 05:00:41.711, 32 %, 1215 MHz, 27.68 W, 85, 59 MiB
2026/10/01 05:00:42.734, 57 %, 1350 MHz, 16.51 W, 82, 55 MiB
2026/10/01 05:00:43.755, 68 %, 300 MHz, 9.35 W, 83, 59 MiB
2026/10/01 05:00:44.759, 98 %, 300 MHz, 8.69 W, 79, 57 MiB
2026/10/01 05:00:45.764, 77 %, 300 MHz, 7.33 W, 78, 55 MiB
2026/10/01 05:00:46.769, 0 %, 1350 MHz, 15.66 W, 78, 55 MiB
2026/10/01 05:00:47.773, 34 %, 1245 MHz, 28.32 W, 83, 59 MiB
2026/10/01 05:00:48.778, 64 %, 1350 MHz, 16.33 W, 81, 55 MiB
2026/10/01 05:00:49.781, 55 %, 1200 MHz, 28.21 W, 85, 59 MiB
2026/10/01 05:00:50.788, 33 %, 1350 MHz, 16.27 W, 82, 0 MiB
2026/10/01 05:00:51.792, 0 %, 1350 MHz, 16.08 W, 81, 0 MiB
2026/10/01 05:00:52.797, 2 %, 1245 MHz, 11.27 W, 80, 59 MiB
2026/10/01 05:00:53.801, 86 %, 1350 MHz, 19.76 W, 83, 55 MiB
2026/10/01 05:00:54.857, 35 %, 1200 MHz, 28.20 W, 85, 59 MiB
2026/10/01 05:00:55.962, 54 %, 300 MHz, 7.65 W, 80, 55 MiB
2026/10/01 05:00:57.067, 73 %, 300 MHz, 8.56 W, 78, 59 MiB
2026/10/01 05:00:58.174, 99 %, 300 MHz, 8.50 W, 77, 59 MiB
2026/10/01 05:00:59.191, 97 %, 1230 MHz, 28.00 W, 83, 57 MiB
2026/10/01 05:01:00.198, 18 %, 1350 MHz, 16.05 W, 80, 55 MiB
2026/10/01 05:01:01.202, 0 %, 405 MHz, 12.55 W, 79, 55 MiB
2026/10/01 05:01:02.206, 47 %, 1245 MHz, 28.33 W, 82, 59 MiB
2026/10/01 05:01:03.210, 59 %, 1350 MHz, 16.26 W, 81, 55 MiB
2026/10/01 05:01:04.215, 53 %, 1200 MHz, 27.84 W, 85, 59 MiB
2026/10/01 05:01:05.218, 36 %, 300 MHz, 7.49 W, 79, 59 MiB
2026/10/01 05:01:06.222, 91 %, 300 MHz, 8.55 W, 77, 59 MiB
2026/10/01 05:01:07.227, 99 %, 300 MHz, 8.47 W, 77, 59 MiB
2026/10/01 05:01:08.232, 89 %, 1350 MHz, 17.62 W, 81, 55 MiB
2026/10/01 05:01:09.238, 0 %, 1350 MHz, 15.99 W, 80, 55 MiB
2026/10/01 05:01:10.244, 0 %, 360 MHz, 7.46 W, 78, 59 MiB
2026/10/01 05:01:11.250, 87 %, 1215 MHz, 27.70 W, 84, 57 MiB
2026/10/01 05:01:12.253, 19 %, 1215 MHz, 16.06 W, 82, 59 MiB
2026/10/01 05:01:13.258, 88 %, 1350 MHz, 16.66 W, 83, 55 MiB
2026/10/01 05:01:14.263, 34 %, 1200 MHz, 28.09 W, 85, 59 MiB
2026/10/01 05:01:15.267, 54 %, 1350 MHz, 16.43 W, 82, 55 MiB
2026/10/01 05:01:16.271, 70 %, 1215 MHz, 27.58 W, 85, 57 MiB
2026/10/01 05:01:17.276, 26 %, 1230 MHz, 28.87 W, 84, 59 MiB
2026/10/01 05:01:18.280, 82 %, 1350 MHz, 16.73 W, 83, 55 MiB
2026/10/01 05:01:19.284, 42 %, 300 MHz, 9.21 W, 82, 59 MiB
2026/10/01 05:01:20.288, 100 %, 300 MHz, 8.66 W, 79, 59 MiB
2026/10/01 05:01:21.294, 99 %, 300 MHz, 8.58 W, 78, 59 MiB
2026/10/01 05:01:22.298, 97 %, 1350 MHz, 16.05 W, 80, 55 MiB
2026/10/01 05:01:23.303, 3 %, 1350 MHz, 15.95 W, 80, 55 MiB
2026/10/01 05:01:24.307, 0 %, 360 MHz, 7.38 W, 78, 55 MiB
2026/10/01 05:01:25.310, 20 %, 1245 MHz, 28.42 W, 82, 59 MiB
2026/10/01 05:01:26.314, 81 %, 1350 MHz, 16.12 W, 81, 55 MiB
2026/10/01 05:01:27.318, 34 %, 1200 MHz, 27.64 W, 85, 57 MiB
2026/10/01 05:01:28.321, 54 %, 1215 MHz, 28.00 W, 81, 59 MiB
2026/10/01 05:01:29.324, 72 %, 1350 MHz, 16.65 W, 85, 55 MiB
2026/10/01 05:01:30.328, 30 %, 1200 MHz, 27.85 W, 85, 59 MiB
2026/10/01 05:01:31.331, 96 %, 300 MHz, 8.71 W, 80, 57 MiB
2026/10/01 05:01:32.346, 99 %, 300 MHz, 7.29 W, 78, 55 MiB
2026/10/01 05:01:33.350, 12 %, 300 MHz, 7.21 W, 77, 55 MiB
2026/10/01 05:01:34.357, 18 %, 1245 MHz, 28.21 W, 81, 59 MiB
2026/10/01 05:01:35.359, 82 %, 1350 MHz, 16.10 W, 82, 55 MiB
2026/10/01 05:01:36.365, 35 %, 300 MHz, 9.24 W, 85, 57 MiB
2026/10/01 05:01:37.368, 97 %, 300 MHz, 7.38 W, 79, 55 MiB
2026/10/01 05:01:38.371, 43 %, 300 MHz, 7.23 W, 77, 55 MiB
2026/10/01 05:01:39.392, 0 %, 300 MHz, 3.31 W, 76, 0 MiB
2026/10/01 05:01:40.409, 0 %, 1245 MHz, 28.51 W, 76, 59 MiB
2026/10/01 05:01:41.426, 82 %, 1350 MHz, 16.08 W, 82, 55 MiB
2026/10/01 05:01:42.443, 30 %, 1200 MHz, 27.82 W, 84, 57 MiB
2026/10/01 05:01:43.459, 63 %, 1215 MHz, 27.94 W, 82, 59 MiB
2026/10/01 05:01:44.480, 62 %, 1350 MHz, 16.62 W, 85, 55 MiB
2026/10/01 05:01:45.496, 28 %, 1200 MHz, 27.79 W, 84, 59 MiB
2026/10/01 05:01:46.514, 87 %, 1350 MHz, 16.37 W, 82, 55 MiB
2026/10/01 05:01:47.551, 38 %, 1350 MHz, 27.81 W, 85, 55 MiB
2026/10/01 05:01:48.560, 51 %, 1200 MHz, 27.95 W, 85, 59 MiB
2026/10/01 05:01:49.564, 71 %, 1350 MHz, 16.67 W, 83, 55 MiB
2026/10/01 05:01:50.568, 30 %, 1200 MHz, 28.15 W, 86, 59 MiB
2026/10/01 05:01:51.572, 78 %, 1200 MHz, 20.63 W, 84, 59 MiB
2026/10/01 05:01:52.576, 47 %, 1350 MHz, 17.34 W, 85, 55 MiB
2026/10/01 05:01:53.579, 42 %, 1200 MHz, 27.89 W, 86, 59 MiB
2026/10/01 05:01:54.584, 82 %, 300 MHz, 8.94 W, 81, 57 MiB
2026/10/01 05:01:55.588, 99 %, 300 MHz, 7.40 W, 79, 55 MiB
2026/10/01 05:01:56.593, 10 %, 300 MHz, 7.30 W, 78, 55 MiB
2026/10/01 05:01:57.597, 41 %, 1290 MHz, 27.57 W, 85, 57 MiB
2026/10/01 05:01:58.601, 70 %, 1350 MHz, 16.27 W, 81, 55 MiB
2026/10/01 05:01:59.682, 39 %, 1350 MHz, 26.00 W, 85, 55 MiB
2026/10/01 05:02:00.787, 50 %, 1200 MHz, 27.92 W, 85, 59 MiB
2026/10/01 05:02:01.892, 74 %, 1350 MHz, 16.68 W, 84, 55 MiB
2026/10/01 05:02:02.946, 28 %, 1185 MHz, 28.02 W, 87, 59 MiB
2026/10/01 05:02:03.950, 96 %, 300 MHz, 8.82 W, 80, 57 MiB
2026/10/01 05:02:04.954, 81 %, 300 MHz, 7.42 W, 79, 55 MiB
2026/10/01 05:02:05.958, 0 %, 300 MHz, 7.94 W, 78, 59 MiB
2026/10/01 05:02:06.972, 69 %, 1350 MHz, 21.65 W, 84, 55 MiB
2026/10/01 05:02:07.976, 46 %, 1215 MHz, 27.78 W, 84, 59 MiB
2026/10/01 05:02:08.980, 60 %, 1350 MHz, 16.78 W, 84, 55 MiB
2026/10/01 05:02:09.986, 29 %, 1200 MHz, 28.15 W, 86, 59 MiB
2026/10/01 05:02:10.990, 89 %, 1350 MHz, 16.58 W, 83, 55 MiB
2026/10/01 05:02:11.996, 33 %, 300 MHz, 9.53 W, 83, 57 MiB
2026/10/01 05:02:13.002, 97 %, 300 MHz, 8.73 W, 80, 57 MiB
2026/10/01 05:02:14.006, 93 %, 300 MHz, 7.38 W, 78, 55 MiB
2026/10/01 05:02:15.011, 0 %, 360 MHz, 10.16 W, 78, 59 MiB
2026/10/01 05:02:16.015, 36 %, 1350 MHz, 21.05 W, 84, 55 MiB
2026/10/01 05:02:17.020, 64 %, 1350 MHz, 16.24 W, 82, 0 MiB
2026/10/01 05:02:18.026, 0 %, 360 MHz, 4.61 W, 79, 9 MiB
2026/10/01 05:02:19.032, 15 %, 1200 MHz, 27.88 W, 86, 57 MiB
2026/10/01 05:02:20.037, 75 %, 1200 MHz, 28.20 W, 86, 59 MiB
2026/10/01 05:02:21.041, 50 %, 300 MHz, 8.86 W, 81, 57 MiB
2026/10/01 05:02:22.045, 97 %, 300 MHz, 8.66 W, 79, 57 MiB
2026/10/01 05:02:23.051, 99 %, 300 MHz, 7.35 W, 78, 55 MiB
2026/10/01 05:02:24.056, 24 %, 1350 MHz, 15.98 W, 80, 55 MiB
2026/10/01 05:02:25.061, 0 %, 1200 MHz, 27.76 W, 85, 59 MiB
2026/10/01 05:02:26.065, 68 %, 1350 MHz, 16.38 W, 83, 59 MiB
2026/10/01 05:02:27.068, 29 %, 1350 MHz, 27.85 W, 85, 55 MiB
2026/10/01 05:02:28.075, 81 %, 1215 MHz, 28.08 W, 86, 59 MiB
2026/10/01 05:02:29.084, 43 %, 1350 MHz, 16.82 W, 84, 55 MiB
2026/10/01 05:02:30.087, 46 %, 570 MHz, 28.00 W, 87, 59 MiB
2026/10/01 05:02:31.096, 78 %, 1350 MHz, 16.61 W, 83, 55 MiB
2026/10/01 05:02:32.098, 23 %, 300 MHz, 9.53 W, 84, 57 MiB
2026/10/01 05:02:33.109, 92 %, 300 MHz, 8.84 W, 80, 57 MiB
2026/10/01 05:02:34.112, 99 %, 300 MHz, 7.46 W, 79, 55 MiB
2026/10/01 05:02:35.115, 41 %, 1350 MHz, 15.81 W, 79, 55 MiB
2026/10/01 05:02:36.120, 0 %, 1215 MHz, 27.75 W, 85, 59 MiB
2026/10/01 05:02:37.124, 78 %, 1350 MHz, 16.42 W, 82, 55 MiB
2026/10/01 05:02:38.128, 24 %, 300 MHz, 9.22 W, 82, 59 MiB
2026/10/01 05:02:39.133, 93 %, 300 MHz, 8.73 W, 80, 57 MiB
2026/10/01 05:02:40.138, 99 %, 300 MHz, 8.63 W, 79, 57 MiB
2026/10/01 05:02:41.141, 99 %, 1350 MHz, 15.88 W, 80, 55 MiB
2026/10/01 05:02:42.146, 28 %, 1350 MHz, 16.04 W, 81, 55 MiB
2026/10/01 05:02:43.154, 0 %, 435 MHz, 10.40 W, 79, 59 MiB
2026/10/01 05:02:44.163, 29 %, 1350 MHz, 24.54 W, 85, 55 MiB
2026/10/01 05:02:45.174, 79 %, 1215 MHz, 27.75 W, 84, 59 MiB
2026/10/01 05:02:46.183, 33 %, 1350 MHz, 16.76 W, 84, 55 MiB
2026/10/01 05:02:47.194, 55 %, 1200 MHz, 27.89 W, 86, 59 MiB
2026/10/01 05:02:48.204, 69 %, 1350 MHz, 16.59 W, 83, 55 MiB
2026/10/01 05:02:49.214, 27 %, 1050 MHz, 20.10 W, 86, 57 MiB
2026/10/01 05:02:50.223, 96 %, 1200 MHz, 22.70 W, 84, 59 MiB
2026/10/01 05:02:51.241, 19 %, 1185 MHz, 24.27 W, 86, 55 MiB
2026/10/01 05:02:52.256, 85 %, 1230 MHz, 28.24 W, 85, 59 MiB
2026/10/01 05:02:53.259, 26 %, 300 MHz, 8.92 W, 82, 59 MiB
2026/10/01 05:02:54.265, 97 %, 300 MHz, 8.78 W, 80, 59 MiB
2026/10/01 05:02:55.270, 99 %, 300 MHz, 8.70 W, 79, 57 MiB
2026/10/01 05:02:56.278, 98 %, 1350 MHz, 16.20 W, 81, 55 MiB
2026/10/01 05:02:57.283, 19 %, 1350 MHz, 16.27 W, 82, 55 MiB
2026/10/01 05:02:58.288, 0 %, 360 MHz, 7.98 W, 79, 59 MiB
2026/10/01 05:02:59.291, 17 %, 1350 MHz, 27.86 W, 86, 55 MiB
2026/10/01 05:03:00.294, 84 %, 1200 MHz, 27.77 W, 84, 59 MiB
2026/10/01 05:03:01.298, 31 %, 1350 MHz, 16.98 W, 85, 55 MiB
2026/10/01 05:03:02.301, 59 %, 570 MHz, 28.03 W, 87, 59 MiB
2026/10/01 05:03:03.321, 66 %, 1350 MHz, 16.77 W, 84, 55 MiB
2026/10/01 05:03:04.427, 38 %, 1350 MHz, 16.56 W, 83, 0 MiB
2026/10/01 05:03:05.531, 0 %, 1200 MHz, 28.51 W, 85, 59 MiB
2026/10/01 05:03:06.630, 47 %, 1350 MHz, 16.93 W, 85, 55 MiB
2026/10/01 05:03:07.634, 47 %, 1170 MHz, 27.98 W, 87, 59 MiB
2026/10/01 05:03:08.638, 71 %, 1350 MHz, 16.82 W, 85, 55 MiB
2026/10/01 05:03:09.641, 32 %, 495 MHz, 23.63 W, 88, 59 MiB
2026/10/01 05:03:10.645, 81 %, 300 MHz, 8.11 W, 84, 55 MiB
2026/10/01 05:03:11.649, 33 %, 300 MHz, 8.84 W, 81, 59 MiB
2026/10/01 05:03:12.655, 76 %, 300 MHz, 8.78 W, 80, 59 MiB
2026/10/01 05:03:13.658, 99 %, 1215 MHz, 28.07 W, 83, 59 MiB
2026/10/01 05:03:14.662, 97 %, 1350 MHz, 16.55 W, 83, 55 MiB
2026/10/01 05:03:15.664, 21 %, 1350 MHz, 16.46 W, 83, 55 MiB
2026/10/01 05:03:16.669, 38 %, 1215 MHz, 28.30 W, 80, 59 MiB
2026/10/01 05:03:17.672, 65 %, 1350 MHz, 16.70 W, 84, 55 MiB
2026/10/01 05:03:18.676, 54 %, 630 MHz, 27.78 W, 87, 59 MiB
2026/10/01 05:03:19.685, 97 %, 300 MHz, 7.79 W, 81, 55 MiB
2026/10/01 05:03:20.690, 0 %, 300 MHz, 7.50 W, 80, 59 MiB
2026/10/01 05:03:21.695, 84 %, 300 MHz, 8.74 W, 79, 59 MiB
2026/10/01 05:03:22.700, 96 %, 1350 MHz, 21.92 W, 85, 55 MiB
2026/10/01 05:03:23.706, 11 %, 1350 MHz, 16.48 W, 83, 55 MiB
2026/10/01 05:03:24.711, 39 %, 1200 MHz, 27.79 W, 87, 59 MiB
2026/10/01 05:03:25.715, 97 %, 300 MHz, 8.84 W, 81, 57 MiB
2026/10/01 05:03:26.719, 99 %, 300 MHz, 8.72 W, 80, 57 MiB
2026/10/01 05:03:27.724, 47 %, 1350 MHz, 14.13 W, 80, 55 MiB
2026/10/01 05:03:28.729, 0 %, 405 MHz, 16.14 W, 81, 55 MiB
2026/10/01 05:03:29.733, 36 %, 1215 MHz, 28.06 W, 85, 59 MiB
2026/10/01 05:03:30.742, 65 %, 1350 MHz, 16.54 W, 83, 55 MiB
2026/10/01 05:03:31.746, 52 %, 1215 MHz, 27.63 W, 87, 57 MiB
2026/10/01 05:03:32.751, 37 %, 1200 MHz, 23.47 W, 86, 59 MiB
2026/10/01 05:03:33.756, 85 %, 300 MHz, 9.43 W, 83, 57 MiB
2026/10/01 05:03:34.760, 99 %, 300 MHz, 8.07 W, 80, 55 MiB
2026/10/01 05:03:35.808, 19 %, 300 MHz, 7.47 W, 79, 55 MiB
2026/10/01 05:03:36.816, 24 %, 1215 MHz, 27.90 W, 85, 59 MiB
2026/10/01 05:03:37.820, 78 %, 1350 MHz, 16.67 W, 83, 55 MiB
2026/10/01 05:03:38.826, 37 %, 1170 MHz, 27.86 W, 87, 59 MiB
2026/10/01 05:03:39.830, 55 %, 300 MHz, 7.88 W, 82, 59 MiB
2026/10/01 05:03:40.837, 70 %, 300 MHz, 8.80 W, 80, 59 MiB
2026/10/01 05:03:41.843, 99 %, 300 MHz, 8.73 W, 80, 59 MiB
2026/10/01 05:03:42.848, 97 %, 1215 MHz, 28.63 W, 86, 57 MiB
2026/10/01 05:03:43.855, 33 %, 1350 MHz, 16.47 W, 83, 55 MiB
2026/10/01 05:03:44.860, 0 %, 405 MHz, 11.60 W, 82, 55 MiB
2026/10/01 05:03:45.864, 33 %, 1200 MHz, 27.96 W, 86, 59 MiB
2026/10/01 05:03:46.870, 66 %, 1350 MHz, 16.75 W, 84, 55 MiB
2026/10/01 05:03:47.880, 49 %, 540 MHz, 27.48 W, 87, 57 MiB
2026/10/01 05:03:48.886, 53 %, 300 MHz, 7.81 W, 81, 55 MiB
2026/10/01 05:03:49.893, 63 %, 300 MHz, 8.78 W, 80, 59 MiB
2026/10/01 05:03:50.900, 99 %, 300 MHz, 8.73 W, 80, 59 MiB
2026/10/01 05:03:51.907, 96 %, 1350 MHz, 16.90 W, 84, 55 MiB
2026/10/01 05:03:52.914, 13 %, 1350 MHz, 16.49 W, 83, 55 MiB
2026/10/01 05:03:53.920, 0 %, 360 MHz, 9.11 W, 81, 59 MiB
2026/10/01 05:03:54.941, 75 %, 1200 MHz, 27.87 W, 87, 55 MiB
2026/10/01 05:03:55.987, 28 %, 1350 MHz, 16.64 W, 83, 0 MiB
2026/10/01 05:03:56.991, 0 %, 360 MHz, 6.63 W, 80, 9 MiB
2026/10/01 05:03:57.997, 61 %, 1200 MHz, 27.57 W, 87, 57 MiB
2026/10/01 05:03:59.002, 29 %, 1185 MHz, 27.84 W, 87, 59 MiB
2026/10/01 05:04:00.006, 94 %, 1350 MHz, 17.08 W, 85, 55 MiB
2026/10/01 05:04:01.010, 16 %, 1185 MHz, 28.18 W, 87, 59 MiB
2026/10/01 05:04:02.014, 96 %, 1350 MHz, 17.11 W, 85, 55 MiB
2026/10/01 05:04:03.020, 16 %, 300 MHz, 9.51 W, 84, 59 MiB
2026/10/01 05:04:04.025, 98 %, 300 MHz, 8.92 W, 81, 59 MiB
2026/10/01 05:04:05.029, 99 %, 300 MHz, 8.82 W, 80, 59 MiB
2026/10/01 05:04:06.034, 99 %, 1215 MHz, 27.95 W, 84, 57 MiB
2026/10/01 05:04:07.038, 38 %, 1350 MHz, 16.49 W, 83, 55 MiB
2026/10/01 05:04:08.072, 0 %, 405 MHz, 11.49 W, 82, 55 MiB
2026/10/01 05:04:09.157, 5 %, 1215 MHz, 21.05 W, 83, 59 MiB
2026/10/01 05:04:10.161, 96 %, 1350 MHz, 17.02 W, 85, 55 MiB
2026/10/01 05:04:11.166, 15 %, 1200 MHz, 28.14 W, 87, 59 MiB
2026/10/01 05:04:12.170, 96 %, 300 MHz, 9.13 W, 82, 57 MiB
2026/10/01 05:04:13.176, 99 %, 300 MHz, 7.65 W, 80, 55 MiB
2026/10/01 05:04:14.182, 3 %, 300 MHz, 7.51 W, 79, 55 MiB
2026/10/01 05:04:15.188, 36 %, 1200 MHz, 27.88 W, 85, 59 MiB
2026/10/01 05:04:16.192, 65 %, 1350 MHz, 16.69 W, 83, 55 MiB
2026/10/01 05:04:17.198, 51 %, 1020 MHz, 21.74 W, 86, 59 MiB
2026/10/01 05:04:18.210, 52 %, 300 MHz, 7.82 W, 81, 55 MiB
2026/10/01 05:04:19.216, 66 %, 300 MHz, 8.81 W, 80, 59 MiB
2026/10/01 05:04:20.221, 99 %, 300 MHz, 8.74 W, 80, 59 MiB
2026/10/01 05:04:21.226, 97 %, 1350 MHz, 24.12 W, 85, 55 MiB
2026/10/01 05:04:22.230, 23 %, 1350 MHz, 16.46 W, 83, 55 MiB
2026/10/01 05:04:23.234, 0 %, 360 MHz, 7.79 W, 81, 55 MiB
2026/10/01 05:04:24.237, 56 %, 1185 MHz, 28.02 W, 87, 57 MiB
2026/10/01 05:04:25.250, 46 %, 1350 MHz, 16.64 W, 84, 59 MiB
2026/10/01 05:04:26.254, 69 %, 1035 MHz, 23.08 W, 86, 57 MiB
2026/10/01 05:04:27.258, 35 %, 300 MHz, 8.82 W, 81, 59 MiB
2026/10/01 05:04:28.264, 82 %, 300 MHz, 8.82 W, 80, 59 MiB
2026/10/01 05:04:29.268, 99 %, 300 MHz, 8.54 W, 80, 59 MiB
2026/10/01 05:04:30.289, 95 %, 1350 MHz, 16.78 W, 84, 55 MiB
2026/10/01 05:04:31.292, 0 %, 1350 MHz, 16.50 W, 83, 55 MiB
2026/10/01 05:04:32.295, 0 %, 525 MHz, 11.80 W, 81, 59 MiB
2026/10/01 05:04:33.298, 86 %, 1350 MHz, 21.93 W, 85, 55 MiB
2026/10/01 05:04:34.301, 22 %, 1200 MHz, 27.89 W, 86, 59 MiB
2026/10/01 05:04:35.304, 90 %, 300 MHz, 8.71 W, 84, 55 MiB
2026/10/01 05:04:36.308, 19 %, 300 MHz, 8.84 W, 81, 59 MiB
2026/10/01 05:04:37.312, 94 %, 300 MHz, 8.77 W, 80, 59 MiB
2026/10/01 05:04:38.315, 99 %, 1215 MHz, 28.31 W, 84, 59 MiB
2026/10/01 05:04:39.318, 71 %, 1350 MHz, 16.60 W, 83, 55 MiB
2026/10/01 05:04:40.321, 0 %, 1350 MHz, 16.45 W, 83, 55 MiB
2026/10/01 05:04:41.324, 23 %, 1200 MHz, 27.77 W, 85, 59 MiB
2026/10/01 05:04:42.328, 83 %, 1350 MHz, 16.87 W, 84, 55 MiB
2026/10/01 05:04:43.331, 29 %, 1170 MHz, 27.54 W, 87, 59 MiB
2026/10/01 05:04:44.334, 74 %, 300 MHz, 7.91 W, 82, 55 MiB
2026/10/01 05:04:45.337, 43 %, 300 MHz, 8.85 W, 81, 59 MiB
2026/10/01 05:04:46.340, 99 %, 300 MHz, 8.76 W, 80, 59 MiB
2026/10/01 05:04:47.345, 98 %, 1200 MHz, 28.09 W, 85, 57 MiB
2026/10/01 05:04:48.348, 44 %, 1350 MHz, 16.52 W, 83, 55 MiB
2026/10/01 05:04:49.353, 0 %, 405 MHz, 7.87 W, 83, 55 MiB
2026/10/01 05:04:50.358, 0 %, 360 MHz, 3.49 W, 78, 0 MiB
2026/10/01 05:04:51.366, 2 %, 1215 MHz, 27.83 W, 84, 59 MiB
2026/10/01 05:04:52.379, 88 %, 1350 MHz, 16.68 W, 84, 55 MiB
2026/10/01 05:04:53.386, 36 %, 1200 MHz, 26.83 W, 87, 57 MiB
2026/10/01 05:04:54.396, 63 %, 1350 MHz, 16.71 W, 84, 55 MiB
2026/10/01 05:04:55.406, 56 %, 1035 MHz, 23.08 W, 86, 57 MiB
2026/10/01 05:04:56.415, 48 %, 1185 MHz, 24.23 W, 84, 59 MiB
2026/10/01 05:04:57.422, 66 %, 990 MHz, 23.78 W, 86, 57 MiB
2026/10/01 05:04:58.425, 43 %, 1185 MHz, 26.68 W, 84, 59 MiB
2026/10/01 05:04:59.434, 68 %, 300 MHz, 8.95 W, 82, 59 MiB
2026/10/01 05:05:00.442, 99 %, 300 MHz, 8.83 W, 81, 59 MiB
2026/10/01 05:05:01.446, 99 %, 300 MHz, 8.57 W, 80, 59 MiB
2026/10/01 05:05:02.455, 75 %, 1350 MHz, 16.55 W, 83, 55 MiB
2026/10/01 05:05:03.460, 0 %, 1350 MHz, 16.49 W, 83, 55 MiB
2026/10/01 05:05:04.463, 0 %, 360 MHz, 7.62 W, 81, 55 MiB
2026/10/01 05:05:05.466, 59 %, 1170 MHz, 27.80 W, 86, 57 MiB
2026/10/01 05:05:06.470, 45 %, 1185 MHz, 27.00 W, 84, 59 MiB
2026/10/01 05:05:07.477, 69 %, 300 MHz, 9.40 W, 86, 57 MiB
2026/10/01 05:05:08.481, 98 %, 300 MHz, 8.89 W, 82, 57 MiB
2026/10/01 05:05:09.484, 56 %, 300 MHz, 7.56 W, 80, 55 MiB
2026/10/01 05:05:10.488, 0 %, 1230 MHz, 15.97 W, 79, 59 MiB
2026/10/01 05:05:11.491, 70 %, 1350 MHz, 19.50 W, 87, 55 MiB
2026/10/01 05:05:12.513, 30 %, 1170 MHz, 27.49 W, 86, 59 MiB
2026/10/01 05:05:13.619, 93 %, 300 MHz, 8.19 W, 85, 55 MiB
2026/10/01 05:05:14.668, 21 %, 300 MHz, 8.90 W, 81, 59 MiB
2026/10/01 05:05:15.672, 100 %, 300 MHz, 8.77 W, 80, 59 MiB
2026/10/01 05:05:16.675, 98 %, 1200 MHz, 27.98 W, 83, 59 MiB
2026/10/01 05:05:17.678, 58 %, 1350 MHz, 16.67 W, 84, 55 MiB
2026/10/01 05:05:18.683, 0 %, 1350 MHz, 16.58 W, 83, 55 MiB
2026/10/01 05:05:19.688, 28 %, 1200 MHz, 27.67 W, 83, 59 MiB
2026/10/01 05:05:20.691, 80 %, 1350 MHz, 16.92 W, 85, 55 MiB
2026/10/01 05:05:21.694, 31 %, 1170 MHz, 27.75 W, 87, 59 MiB
2026/10/01 05:05:22.701, 97 %, 300 MHz, 9.14 W, 84, 57 MiB
2026/10/01 05:05:23.707, 36 %, 300 MHz, 7.64 W, 81, 55 MiB
2026/10/01 05:05:24.712, 34 %, 300 MHz, 8.77 W, 80, 59 MiB
2026/10/01 05:05:25.715, 98 %, 1185 MHz, 27.61 W, 85, 57 MiB
2026/10/01 05:05:26.718, 46 %, 1350 MHz, 16.66 W, 84, 55 MiB
2026/10/01 05:05:27.722, 14 %, 1170 MHz, 27.49 W, 88, 59 MiB
2026/10/01 05:05:28.791, 97 %, 300 MHz, 8.94 W, 81, 57 MiB
2026/10/01 05:05:29.797, 99 %, 300 MHz, 8.81 W, 81, 57 MiB
2026/10/01 05:05:30.801, 64 %, 300 MHz, 7.47 W, 80, 55 MiB
2026/10/01 05:05:31.825, 0 %, 405 MHz, 10.48 W, 81, 55 MiB
2026/10/01 05:05:32.829, 26 %, 1185 MHz, 27.69 W, 86, 59 MiB
2026/10/01 05:05:33.833, 82 %, 1350 MHz, 16.72 W, 84, 55 MiB
2026/10/01 05:05:34.839, 29 %, 525 MHz, 19.44 W, 86, 57 MiB
2026/10/01 05:05:35.852, 75 %, 1350 MHz, 16.80 W, 85, 59 MiB
2026/10/01 05:05:36.855, 39 %, 300 MHz, 9.36 W, 83, 59 MiB
2026/10/01 05:05:37.859, 98 %, 300 MHz, 8.85 W, 81, 57 MiB
2026/10/01 05:05:38.864, 99 %, 300 MHz, 8.81 W, 81, 57 MiB
2026/10/01 05:05:39.869, 99 %, 300 MHz, 7.50 W, 80, 55 MiB
2026/10/01 05:05:40.873, 10 %, 300 MHz, 7.44 W, 79, 55 MiB
2026/10/01 05:05:41.877, 0 %, 300 MHz, 7.38 W, 79, 55 MiB
2026/10/01 05:05:42.883, 27 %, 1200 MHz, 28.19 W, 85, 59 MiB
2026/10/01 05:05:43.889, 87 %, 1350 MHz, 16.59 W, 83, 55 MiB
2026/10/01 05:05:44.894, 0 %, 1350 MHz, 16.45 W, 83, 0 MiB
2026/10/01 05:05:45.898, 0 %, 1200 MHz, 27.82 W, 86, 59 MiB
2026/10/01 05:05:46.903, 88 %, 1350 MHz, 16.88 W, 84, 55 MiB
2026/10/01 05:05:47.907, 29 %, 585 MHz, 20.17 W, 86, 59 MiB
2026/10/01 05:05:48.911, 92 %, 1350 MHz, 16.81 W, 84, 55 MiB
2026/10/01 05:05:49.920, 17 %, 1050 MHz, 24.51 W, 87, 59 MiB
2026/10/01 05:05:50.929, 89 %, 1350 MHz, 16.90 W, 84, 55 MiB
2026/10/01 05:05:51.933, 23 %, 300 MHz, 9.06 W, 82, 59 MiB
2026/10/01 05:05:53.001, 99 %, 300 MHz, 8.88 W, 81, 59 MiB
2026/10/01 05:05:54.005, 99 %, 300 MHz, 8.82 W, 80, 59 MiB
2026/10/01 05:05:55.011, 98 %, 1350 MHz, 16.69 W, 84, 55 MiB
2026/10/01 05:05:56.018, 22 %, 1350 MHz, 16.54 W, 83, 55 MiB
2026/10/01 05:05:57.026, 0 %, 360 MHz, 7.72 W, 81, 55 MiB
2026/10/01 05:05:58.035, 16 %, 1185 MHz, 28.04 W, 87, 59 MiB
2026/10/01 05:05:59.046, 86 %, 1350 MHz, 16.77 W, 84, 59 MiB
2026/10/01 05:06:00.055, 31 %, 300 MHz, 16.84 W, 86, 57 MiB
2026/10/01 05:06:01.063, 97 %, 300 MHz, 9.02 W, 81, 55 MiB
2026/10/01 05:06:02.071, 60 %, 300 MHz, 7.59 W, 80, 55 MiB
2026/10/01 05:06:03.079, 0 %, 1215 MHz, 16.12 W, 83, 59 MiB
2026/10/01 05:06:04.090, 92 %, 1350 MHz, 16.96 W, 85, 55 MiB
2026/10/01 05:06:05.096, 41 %, 1200 MHz, 28.11 W, 86, 59 MiB
2026/10/01 05:06:06.100, 52 %, 300 MHz, 9.59 W, 84, 57 MiB
2026/10/01 05:06:07.105, 97 %, 300 MHz, 7.71 W, 81, 55 MiB
2026/10/01 05:06:08.110, 2 %, 300 MHz, 8.79 W, 80, 59 MiB
2026/10/01 05:06:09.115, 81 %, 1200 MHz, 28.01 W, 85, 59 MiB
2026/10/01 05:06:10.123, 96 %, 1350 MHz, 16.78 W, 84, 55 MiB
2026/10/01 05:06:11.126, 16 %, 1350 MHz, 16.58 W, 84, 59 MiB
2026/10/01 05:06:12.135, 33 %, 300 MHz, 9.36 W, 83, 59 MiB
2026/10/01 05:06:13.139, 98 %, 300 MHz, 8.88 W, 81, 57 MiB
2026/10/01 05:06:14.144, 99 %, 300 MHz, 8.81 W, 80, 55 MiB
2026/10/01 05:06:15.148, 59 %, 1350 MHz, 16.14 W, 81, 55 MiB
2026/10/01 05:06:16.152, 0 %, 360 MHz, 7.78 W, 81, 55 MiB
2026/10/01 05:06:17.212, 21 %, 1185 MHz, 28.08 W, 87, 57 MiB
2026/10/01 05:06:18.326, 84 %, 300 MHz, 7.81 W, 81, 59 MiB
2026/10/01 05:06:19.402, 30 %, 300 MHz, 8.79 W, 80, 59 MiB
2026/10/01 05:06:20.409, 100 %, 300 MHz, 8.74 W, 80, 59 MiB
2026/10/01 05:06:21.413, 99 %, 1350 MHz, 26.76 W, 85, 55 MiB
2026/10/01 05:06:22.420, 64 %, 1350 MHz, 16.52 W, 83, 55 MiB
2026/10/01 05:06:23.426, 0 %, 360 MHz, 7.81 W, 81, 55 MiB
2026/10/01 05:06:24.432, 5 %, 1215 MHz, 27.81 W, 86, 59 MiB
2026/10/01 05:06:25.436, 97 %, 1350 MHz, 16.76 W, 84, 55 MiB
2026/10/01 05:06:26.440, 15 %, 1155 MHz, 27.68 W, 88, 57 MiB
2026/10/01 05:06:27.445, 95 %, 300 MHz, 7.79 W, 81, 55 MiB
2026/10/01 05:06:28.450, 26 %, 300 MHz, 8.82 W, 80, 59 MiB
2026/10/01 05:06:29.453, 70 %, 300 MHz, 8.61 W, 80, 59 MiB
2026/10/01 05:06:30.461, 98 %, 1350 MHz, 16.87 W, 85, 55 MiB
2026/10/01 05:06:31.463, 51 %, 1350 MHz, 16.61 W, 83, 55 MiB
2026/10/01 05:06:32.466, 0 %, 300 MHz, 9.55 W, 86, 59 MiB
2026/10/01 05:06:33.474, 72 %, 300 MHz, 8.91 W, 81, 59 MiB
2026/10/01 05:06:34.477, 99 %, 300 MHz, 8.70 W, 80, 57 MiB
2026/10/01 05:06:35.481, 99 %, 1350 MHz, 17.95 W, 82, 55 MiB
2026/10/01 05:06:36.486, 68 %, 1350 MHz, 16.35 W, 82, 55 MiB
2026/10/01 05:06:37.489, 0 %, 360 MHz, 7.70 W, 81, 55 MiB
2026/10/01 05:06:38.492, 0 %, 1215 MHz, 28.03 W, 82, 59 MiB
2026/10/01 05:06:39.495, 62 %, 1350 MHz, 16.84 W, 85, 55 MiB
2026/10/01 05:06:40.497, 45 %, 1185 MHz, 27.96 W, 87, 59 MiB
2026/10/01 05:06:41.537, 66 %, 300 MHz, 7.93 W, 83, 55 MiB
2026/10/01 05:06:42.541, 38 %, 300 MHz, 3.62 W, 79, 0 MiB
2026/10/01 05:06:43.544, 0 %, 300 MHz, 8.67 W, 79, 59 MiB
2026/10/01 05:06:44.548, 58 %, 1200 MHz, 27.96 W, 84, 59 MiB
2026/10/01 05:06:45.551, 96 %, 1350 MHz, 16.62 W, 84, 55 MiB
2026/10/01 05:06:46.553, 17 %, 1185 MHz, 27.87 W, 85, 59 MiB
2026/10/01 05:06:47.556, 51 %, 300 MHz, 9.07 W, 83, 57 MiB
2026/10/01 05:06:48.560, 96 %, 300 MHz, 7.63 W, 81, 55 MiB
2026/10/01 05:06:49.563, 45 %, 300 MHz, 7.50 W, 80, 55 MiB
2026/10/01 05:06:50.566, 7 %, 1215 MHz, 27.38 W, 85, 57 MiB
2026/10/01 05:06:51.569, 95 %, 1350 MHz, 16.62 W, 84, 55 MiB
2026/10/01 05:06:52.573, 13 %, 1065 MHz, 23.95 W, 87, 57 MiB
2026/10/01 05:06:53.576, 96 %, 300 MHz, 8.54 W, 82, 59 MiB
2026/10/01 05:06:54.581, 20 %, 300 MHz, 8.80 W, 81, 59 MiB
2026/10/01 05:06:55.584, 100 %, 300 MHz, 8.77 W, 80, 59 MiB
2026/10/01 05:06:56.588, 99 %, 1350 MHz, 16.86 W, 86, 55 MiB
2026/10/01 05:06:57.593, 63 %, 1350 MHz, 16.53 W, 83, 55 MiB
2026/10/01 05:06:58.598, 0 %, 360 MHz, 8.07 W, 82, 59 MiB
2026/10/01 05:06:59.602, 20 %, 1215 MHz, 26.79 W, 87, 55 MiB
2026/10/01 05:07:00.613, 85 %, 1200 MHz, 27.75 W, 84, 59 MiB
2026/10/01 05:07:01.623, 28 %, 300 MHz, 9.52 W, 86, 57 MiB
2026/10/01 05:07:02.629, 96 %, 300 MHz, 7.70 W, 82, 55 MiB
2026/10/01 05:07:03.635, 7 %, 300 MHz, 8.80 W, 81, 59 MiB
2026/10/01 05:07:04.643, 89 %, 1230 MHz, 28.58 W, 80, 59 MiB
2026/10/01 05:07:05.654, 98 %, 1350 MHz, 16.77 W, 86, 55 MiB
2026/10/01 05:07:06.659, 45 %, 1350 MHz, 16.57 W, 83, 55 MiB
2026/10/01 05:07:07.672, 0 %, 300 MHz, 9.20 W, 84, 59 MiB
2026/10/01 05:07:08.679, 74 %, 300 MHz, 8.83 W, 81, 59 MiB
2026/10/01 05:07:09.683, 99 %, 300 MHz, 8.76 W, 80, 59 MiB
2026/10/01 05:07:10.687, 99 %, 1350 MHz, 21.63 W, 80, 55 MiB
2026/10/01 05:07:11.690, 81 %, 1350 MHz, 16.42 W, 83, 55 MiB
2026/10/01 05:07:12.694, 0 %, 360 MHz, 7.76 W, 83, 55 MiB
2026/10/01 05:07:13.698, 0 %, 1215 MHz, 25.44 W, 80, 59 MiB
2026/10/01 05:07:14.702, 44 %, 1350 MHz, 16.98 W, 85, 55 MiB
2026/10/01 05:07:15.709, 63 %, 1215 MHz, 27.87 W, 87, 59 MiB
2026/10/01 05:07:16.713, 46 %, 300 MHz, 9.11 W, 82, 57 MiB
2026/10/01 05:07:17.718, 97 %, 300 MHz, 7.60 W, 81, 55 MiB
2026/10/01 05:07:18.723, 71 %, 300 MHz, 7.49 W, 80, 55 MiB
2026/10/01 05:07:19.731, 0 %, 1215 MHz, 28.15 W, 85, 59 MiB
2026/10/01 05:07:20.742, 62 %, 1350 MHz, 16.73 W, 84, 55 MiB
2026/10/01 05:07:21.762, 45 %, 1185 MHz, 28.06 W, 88, 59 MiB
2026/10/01 05:07:22.881, 68 %, 300 MHz, 9.00 W, 82, 57 MiB
2026/10/01 05:07:23.901, 97 %, 300 MHz, 7.60 W, 80, 55 MiB
2026/10/01 05:07:24.905, 22 %, 300 MHz, 8.72 W, 80, 59 MiB
2026/10/01 05:07:25.910, 22 %, 1185 MHz, 27.41 W, 87, 57 MiB
2026/10/01 05:07:26.916, 95 %, 1350 MHz, 16.59 W, 83, 55 MiB
2026/10/01 05:07:27.920, 5 %, 1065 MHz, 23.40 W, 87, 57 MiB
2026/10/01 05:07:28.927, 96 %, 300 MHz, 7.74 W, 81, 55 MiB
2026/10/01 05:07:29.931, 13 %, 300 MHz, 8.79 W, 80, 59 MiB
2026/10/01 05:07:30.935, 100 %, 300 MHz, 8.75 W, 80, 59 MiB
2026/10/01 05:07:31.939, 99 %, 1350 MHz, 16.84 W, 84, 55 MiB
2026/10/01 05:07:32.945, 62 %, 1350 MHz, 16.57 W, 83, 55 MiB
2026/10/01 05:07:33.948, 0 %, 1200 MHz, 20.80 W, 85, 59 MiB
2026/10/01 05:07:34.952, 28 %, 1350 MHz, 17.02 W, 85, 55 MiB
2026/10/01 05:07:35.957, 71 %, 555 MHz, 24.87 W, 87, 59 MiB
2026/10/01 05:07:36.961, 48 %, 300 MHz, 8.38 W, 84, 55 MiB
2026/10/01 05:07:37.970, 58 %, 300 MHz, 3.69 W, 80, 0 MiB
2026/10/01 05:07:38.981, 29 %, 300 MHz, 8.69 W, 80, 59 MiB
2026/10/01 05:07:39.985, 97 %, 1230 MHz, 28.15 W, 85, 59 MiB
2026/10/01 05:07:40.999, 49 %, 1350 MHz, 16.73 W, 84, 55 MiB
2026/10/01 05:07:42.003, 13 %, 1200 MHz, 27.89 W, 86, 59 MiB
2026/10/01 05:07:43.007, 97 %, 300 MHz, 9.22 W, 83, 59 MiB
2026/10/01 05:07:44.012, 99 %, 300 MHz, 8.87 W, 81, 57 MiB
2026/10/01 05:07:45.016, 61 %, 300 MHz, 7.58 W, 80, 55 MiB
2026/10/01 05:07:46.021, 0 %, 1350 MHz, 16.17 W, 82, 55 MiB
2026/10/01 05:07:47.025, 31 %, 1215 MHz, 28.04 W, 85, 59 MiB
2026/10/01 05:07:48.030, 68 %, 1350 MHz, 16.95 W, 85, 55 MiB
2026/10/01 05:07:49.033, 51 %, 495 MHz, 26.68 W, 87, 59 MiB
2026/10/01 05:07:50.037, 56 %, 1350 MHz, 16.95 W, 85, 55 MiB
2026/10/01 05:07:51.044, 58 %, 570 MHz, 19.83 W, 86, 59 MiB
2026/10/01 05:07:52.048, 97 %, 300 MHz, 9.07 W, 83, 57 MiB
2026/10/01 05:07:53.053, 99 %, 300 MHz, 8.92 W, 81, 57 MiB
2026/10/01 05:07:54.058, 7 %, 300 MHz, 7.59 W, 80, 55 MiB
2026/10/01 05:07:55.062, 0 %, 360 MHz, 7.77 W, 81, 55 MiB
2026/10/01 05:07:56.067, 89 %, 1170 MHz, 28.08 W, 88, 57 MiB
2026/10/01 05:07:57.129, 22 %, 1185 MHz, 27.96 W, 87, 59 MiB
2026/10/01 05:07:58.135, 98 %, 300 MHz, 8.99 W, 82, 59 MiB
2026/10/01 05:07:59.140, 100 %, 300 MHz, 8.87 W, 81, 59 MiB
2026/10/01 05:08:00.144, 99 %, 1350 MHz, 8.53 W, 81, 59 MiB
2026/10/01 05:08:01.157, 35 %, 1350 MHz, 16.54 W, 83, 55 MiB
2026/10/01 05:08:02.160, 0 %, 1350 MHz, 16.50 W, 83, 55 MiB
2026/10/01 05:08:03.164, 1 %, 360 MHz, 10.30 W, 81, 59 MiB
2026/10/01 05:08:04.169, 96 %, 1350 MHz, 24.72 W, 87, 55 MiB
2026/10/01 05:08:05.179, 17 %, 1200 MHz, 27.80 W, 87, 59 MiB
2026/10/01 05:08:06.182, 96 %, 300 MHz, 9.52 W, 84, 57 MiB
2026/10/01 05:08:07.188, 75 %, 300 MHz, 7.73 W, 81, 55 MiB
2026/10/01 05:08:08.193, 0 %, 300 MHz, 7.56 W, 81, 55 MiB
2026/10/01 05:08:09.198, 84 %, 1200 MHz, 28.02 W, 85, 59 MiB
2026/10/01 05:08:10.202, 66 %, 1350 MHz, 16.87 W, 85, 55 MiB
2026/10/01 05:08:11.210, 14 %, 1200 MHz, 27.92 W, 87, 59 MiB
2026/10/01 05:08:12.233, 96 %, 300 MHz, 9.30 W, 83, 57 MiB
2026/10/01 05:08:13.238, 99 %, 300 MHz, 8.92 W, 81, 57 MiB
2026/10/01 05:08:14.242, 31 %, 300 MHz, 7.56 W, 80, 55 MiB
2026/10/01 05:08:15.249, 0 %, 360 MHz, 7.50 W, 80, 55 MiB
2026/10/01 05:08:16.256, 80 %, 1245 MHz, 27.37 W, 87, 57 MiB
2026/10/01 05:08:17.260, 26 %, 1350 MHz, 17.47 W, 84, 59 MiB
2026/10/01 05:08:18.264, 87 %, 300 MHz, 9.15 W, 83, 59 MiB
2026/10/01 05:08:19.270, 99 %, 300 MHz, 8.88 W, 81, 59 MiB
2026/10/01 05:08:20.276, 99 %, 300 MHz, 8.81 W, 80, 57 MiB
2026/10/01 05:08:21.279, 57 %, 1350 MHz, 16.39 W, 82, 55 MiB
2026/10/01 05:08:22.282, 0 %, 1350 MHz, 16.46 W, 83, 55 MiB
2026/10/01 05:08:23.285, 0 %, 360 MHz, 7.65 W, 80, 55 MiB
2026/10/01 05:08:24.288, 77 %, 1185 MHz, 28.14 W, 86, 57 MiB
2026/10/01 05:08:25.298, 27 %, 1350 MHz, 16.74 W, 84, 57 MiB
2026/10/01 05:08:26.301, 86 %, 1020 MHz, 23.77 W, 87, 57 MiB
2026/10/01 05:08:27.366, 22 %, 300 MHz, 8.06 W, 82, 59 MiB
2026/10/01 05:08:28.383, 100 %, 300 MHz, 8.87 W, 81, 59 MiB
2026/10/01 05:08:29.386, 99 %, 300 MHz, 8.80 W, 81, 59 MiB
2026/10/01 05:08:30.390, 84 %, 1350 MHz, 17.02 W, 85, 55 MiB
2026/10/01 05:08:31.393, 0 %, 1350 MHz, 16.59 W, 84, 55 MiB
2026/10/01 05:08:32.396, 0 %, 360 MHz, 7.78 W, 81, 59 MiB
2026/10/01 05:08:33.399, 91 %, 705 MHz, 26.48 W, 87, 57 MiB
2026/10/01 05:08:34.402, 18 %, 1215 MHz, 16.78 W, 84, 59 MiB
2026/10/01 05:08:35.405, 93 %, 300 MHz, 15.85 W, 86, 57 MiB
2026/10/01 05:08:36.408, 97 %, 300 MHz, 8.98 W, 82, 57 MiB
2026/10/01 05:08:37.412, 39 %, 300 MHz, 7.68 W, 80, 55 MiB
2026/10/01 05:08:38.415, 0 %, 1350 MHz, 16.04 W, 80, 55 MiB
2026/10/01 05:08:39.418, 0 %, 360 MHz, 3.61 W, 79, 0 MiB
2026/10/01 05:08:40.422, 40 %, 1200 MHz, 28.06 W, 85, 59 MiB
2026/10/01 05:08:41.425, 50 %, 1350 MHz, 16.77 W, 84, 55 MiB
2026/10/01 05:08:42.428, 75 %, 540 MHz, 19.91 W, 87, 57 MiB
2026/10/01 05:08:43.431, 29 %, 1350 MHz, 17.12 W, 85, 59 MiB
2026/10/01 05:08:44.434, 86 %, 300 MHz, 9.46 W, 85, 59 MiB
2026/10/01 05:08:45.437, 100 %, 300 MHz, 8.97 W, 82, 59 MiB
2026/10/01 05:08:46.441, 99 %, 300 MHz, 8.81 W, 81, 57 MiB
2026/10/01 05:08:47.445, 71 %, 915 MHz, 11.07 W, 81, 55 MiB
2026/10/01 05:08:48.449, 0 %, 915 MHz, 11.00 W, 80, 55 MiB
2026/10/01 05:08:49.452, 0 %, 300 MHz, 7.49 W, 79, 55 MiB
2026/10/01 05:08:50.457, 55 %, 1200 MHz, 27.80 W, 84, 59 MiB
2026/10/01 05:08:51.461, 50 %, 1350 MHz, 16.81 W, 84, 55 MiB
2026/10/01 05:08:52.464, 61 %, 1170 MHz, 27.20 W, 88, 57 MiB
2026/10/01 05:08:53.475, 42 %, 300 MHz, 7.94 W, 83, 55 MiB
2026/10/01 05:08:54.482, 75 %, 300 MHz, 8.90 W, 81, 59 MiB
2026/10/01 05:08:55.485, 99 %, 300 MHz, 8.80 W, 81, 59 MiB
2026/10/01 05:08:56.488, 97 %, 1335 MHz, 26.29 W, 86, 55 MiB
2026/10/01 05:08:57.497, 10 %, 1350 MHz, 16.71 W, 84, 55 MiB
2026/10/01 05:08:58.500, 0 %, 360 MHz, 7.88 W, 83, 55 MiB
2026/10/01 05:08:59.505, 72 %, 1260 MHz, 27.03 W, 87, 57 MiB
2026/10/01 05:09:00.508, 41 %, 1350 MHz, 16.86 W, 85, 55 MiB
2026/10/01 05:09:01.512, 67 %, 525 MHz, 19.64 W, 88, 59 MiB
2026/10/01 05:09:02.518, 98 %, 300 MHz, 9.07 W, 83, 57 MiB
2026/10/01 05:09:03.521, 78 %, 300 MHz, 7.69 W, 81, 55 MiB
2026/10/01 05:09:04.526, 0 %, 300 MHz, 7.55 W, 80, 55 MiB
2026/10/01 05:09:05.530, 35 %, 1200 MHz, 27.79 W, 83, 59 MiB
2026/10/01 05:09:06.535, 66 %, 1350 MHz, 17.01 W, 85, 55 MiB
2026/10/01 05:09:07.539, 51 %, 300 MHz, 18.98 W, 88, 59 MiB
2026/10/01 05:09:08.543, 99 %, 300 MHz, 9.01 W, 82, 59 MiB
2026/10/01 05:09:09.548, 99 %, 300 MHz, 8.88 W, 81, 57 MiB
2026/10/01 05:09:10.553, 99 %, 1350 MHz, 14.92 W, 81, 55 MiB
2026/10/01 05:09:11.557, 2 %, 1350 MHz, 16.47 W, 83, 55 MiB
2026/10/01 05:09:12.560, 0 %, 360 MHz, 7.85 W, 83, 55 MiB
2026/10/01 05:09:13.565, 30 %, 1215 MHz, 12.33 W, 81, 59 MiB
2026/10/01 05:09:14.569, 78 %, 1350 MHz, 17.07 W, 87, 55 MiB
2026/10/01 05:09:15.579, 32 %, 1170 MHz, 27.79 W, 86, 59 MiB
2026/10/01 05:09:16.590, 73 %, 300 MHz, 8.27 W, 86, 55 MiB
2026/10/01 05:09:17.594, 42 %, 300 MHz, 8.93 W, 82, 59 MiB
2026/10/01 05:09:18.598, 99 %, 300 MHz, 8.81 W, 81, 59 MiB
2026/10/01 05:09:19.601, 97 %, 1200 MHz, 28.05 W, 81, 59 MiB
2026/10/01 05:09:20.604, 40 %, 1350 MHz, 16.81 W, 84, 55 MiB
2026/10/01 05:09:21.608, 0 %, 1350 MHz, 16.67 W, 84, 55 MiB
2026/10/01 05:09:22.613, 43 %, 1200 MHz, 28.06 W, 82, 59 MiB
2026/10/01 05:09:23.617, 67 %, 1350 MHz, 17.03 W, 86, 55 MiB
2026/10/01 05:09:24.620, 42 %, 1170 MHz, 27.72 W, 87, 59 MiB
2026/10/01 05:09:25.630, 97 %, 300 MHz, 9.20 W, 84, 57 MiB
2026/10/01 05:09:26.635, 94 %, 300 MHz, 8.17 W, 82, 55 MiB
2026/10/01 05:09:27.642, 0 %, 300 MHz, 7.59 W, 81, 55 MiB
2026/10/01 05:09:28.647, 26 %, 1215 MHz, 10.53 W, 80, 59 MiB
2026/10/01 05:09:29.650, 83 %, 1350 MHz, 17.16 W, 87, 55 MiB
2026/10/01 05:09:30.656, 29 %, 1185 MHz, 27.83 W, 85, 59 MiB
2026/10/01 05:09:31.666, 98 %, 300 MHz, 9.10 W, 83, 59 MiB
2026/10/01 05:09:32.669, 99 %, 300 MHz, 8.88 W, 81, 57 MiB
2026/10/01 05:09:33.673, 99 %, 300 MHz, 8.83 W, 81, 57 MiB
2026/10/01 05:09:34.677, 19 %, 1350 MHz, 16.43 W, 82, 55 MiB
2026/10/01 05:09:35.681, 0 %, 405 MHz, 16.57 W, 83, 55 MiB
2026/10/01 05:09:36.688, 20 %, 1215 MHz, 10.44 W, 80, 59 MiB
2026/10/01 05:09:37.694, 85 %, 1350 MHz, 17.22 W, 87, 55 MiB
2026/10/01 05:09:38.699, 0 %, 1350 MHz, 16.77 W, 84, 0 MiB
2026/10/01 05:09:39.702, 0 %, 360 MHz, 3.83 W, 83, 0 MiB
2026/10/01 05:09:40.706, 74 %, 1185 MHz, 27.56 W, 87, 57 MiB
2026/10/01 05:09:41.715, 29 %, 1200 MHz, 27.74 W, 85, 59 MiB
2026/10/01 05:09:42.721, 96 %, 300 MHz, 14.32 W, 87, 55 MiB
2026/10/01 05:09:43.728, 11 %, 300 MHz, 8.37 W, 82, 59 MiB
2026/10/01 05:09:44.732, 100 %, 300 MHz, 8.90 W, 81, 59 MiB
2026/10/01 05:09:45.736, 99 %, 1200 MHz, 29.31 W, 81, 59 MiB
2026/10/01 05:09:46.742, 62 %, 1350 MHz, 16.95 W, 86, 55 MiB
2026/10/01 05:09:47.745, 0 %, 1350 MHz, 16.74 W, 84, 55 MiB
2026/10/01 05:09:48.749, 29 %, 1200 MHz, 28.40 W, 86, 59 MiB
2026/10/01 05:09:49.753, 81 %, 300 MHz, 14.95 W, 85, 55 MiB
2026/10/01 05:09:50.760, 29 %, 1170 MHz, 27.90 W, 88, 59 MiB
2026/10/01 05:09:51.773, 96 %, 300 MHz, 9.51 W, 84, 57 MiB
2026/10/01 05:09:52.779, 64 %, 300 MHz, 3.85 W, 81, 55 MiB
2026/10/01 05:09:53.786, 0 %, 300 MHz, 3.71 W, 79, 55 MiB
2026/10/01 05:09:54.791, 86 %, 1200 MHz, 27.86 W, 85, 59 MiB
2026/10/01 05:09:55.796, 55 %, 1350 MHz, 16.98 W, 85, 55 MiB
2026/10/01 05:09:56.800, 31 %, 1170 MHz, 27.71 W, 88, 59 MiB
2026/10/01 05:09:57.810, 97 %, 300 MHz, 9.28 W, 83, 57 MiB
2026/10/01 05:09:58.814, 99 %, 300 MHz, 8.99 W, 82, 57 MiB
2026/10/01 05:09:59.819, 21 %, 300 MHz, 3.70 W, 79, 55 MiB
2026/10/01 05:10:00.825, 0 %, 300 MHz, 3.71 W, 78, 55 MiB
2026/10/01 05:10:01.831, 86 %, 1200 MHz, 27.97 W, 86, 57 MiB
2026/10/01 05:10:02.837, 26 %, 1350 MHz, 16.75 W, 84, 55 MiB
2026/10/01 05:10:03.844, 81 %, 300 MHz, 9.02 W, 82, 59 MiB
2026/10/01 05:10:04.848, 99 %, 300 MHz, 8.83 W, 81, 59 MiB
2026/10/01 05:10:05.853, 99 %, 300 MHz, 8.74 W, 80, 59 MiB
2026/10/01 05:10:06.858, 62 %, 1350 MHz, 16.57 W, 83, 55 MiB
2026/10/01 05:10:07.862, 0 %, 1350 MHz, 16.53 W, 83, 55 MiB
2026/10/01 05:10:08.867, 0 %, 360 MHz, 3.68 W, 79, 55 MiB
2026/10/01 05:10:09.872, 70 %, 1185 MHz, 28.12 W, 86, 59 MiB
2026/10/01 05:10:10.876, 29 %, 1290 MHz, 16.38 W, 84, 59 MiB
2026/10/01 05:10:11.882, 88 %, 1065 MHz, 24.23 W, 87, 57 MiB
2026/10/01 05:10:12.888, 17 %, 300 MHz, 5.71 W, 81, 59 MiB
2026/10/01 05:10:13.892, 100 %, 300 MHz, 8.79 W, 81, 59 MiB
2026/10/01 05:10:14.897, 99 %, 300 MHz, 8.74 W, 80, 59 MiB
2026/10/01 05:10:15.911, 73 %, 1350 MHz, 16.91 W, 84, 55 MiB
2026/10/01 05:10:16.915, 0 %, 1350 MHz, 16.62 W, 83, 55 MiB
2026/10/01 05:10:17.920, 11 %, 555 MHz, 11.39 W, 81, 59 MiB
2026/10/01 05:10:18.924, 95 %, 1170 MHz, 27.67 W, 86, 55 MiB
2026/10/01 05:10:19.977, 13 %, 1200 MHz, 28.00 W, 87, 59 MiB
2026/10/01 05:10:20.983, 95 %, 300 MHz, 9.55 W, 84, 57 MiB
2026/10/01 05:10:21.989, 66 %, 300 MHz, 3.73 W, 80, 55 MiB
2026/10/01 05:10:22.995, 1 %, 300 MHz, 8.58 W, 79, 59 MiB
2026/10/01 05:10:24.001, 98 %, 1245 MHz, 27.91 W, 85, 59 MiB
2026/10/01 05:10:25.013, 64 %, 1350 MHz, 16.75 W, 84, 55 MiB
2026/10/01 05:10:26.018, 5 %, 1215 MHz, 27.68 W, 86, 59 MiB
2026/10/01 05:10:27.027, 93 %, 300 MHz, 9.15 W, 83, 57 MiB
2026/10/01 05:10:28.033, 99 %, 300 MHz, 8.79 W, 81, 57 MiB
2026/10/01 05:10:29.039, 49 %, 300 MHz, 3.52 W, 79, 55 MiB
2026/10/01 05:10:30.044, 0 %, 1350 MHz, 12.12 W, 79, 55 MiB
2026/10/01 05:10:31.049, 57 %, 1230 MHz, 28.11 W, 85, 59 MiB
2026/10/01 05:10:32.055, 46 %, 1350 MHz, 16.63 W, 83, 55 MiB
2026/10/01 05:10:33.061, 65 %, 300 MHz, 8.95 W, 82, 59 MiB
2026/10/01 05:10:34.066, 99 %, 300 MHz, 8.76 W, 80, 59 MiB
2026/10/01 05:10:35.072, 99 %, 300 MHz, 8.70 W, 80, 59 MiB
2026/10/01 05:10:36.084, 77 %, 1350 MHz, 16.42 W, 83, 55 MiB
2026/10/01 05:10:37.089, 0 %, 1350 MHz, 16.41 W, 82, 55 MiB
2026/10/01 05:10:38.093, 0 %, 360 MHz, 3.55 W, 79, 55 MiB
2026/10/01 05:10:39.098, 0 %, 300 MHz, 3.45 W, 78, 0 MiB
2026/10/01 05:10:40.106, 0 %, 300 MHz, 4.75 W, 77, 9 MiB
2026/10/01 05:10:41.130, 75 %, 1200 MHz, 28.11 W, 85, 55 MiB
2026/10/01 05:10:42.147, 29 %, 1200 MHz, 28.12 W, 86, 59 MiB
2026/10/01 05:10:43.152, 74 %, 1350 MHz, 16.92 W, 84, 55 MiB
2026/10/01 05:10:44.158, 46 %, 480 MHz, 26.55 W, 87, 59 MiB
2026/10/01 05:10:45.164, 97 %, 300 MHz, 8.90 W, 81, 57 MiB
2026/10/01 05:10:46.171, 98 %, 300 MHz, 8.70 W, 80, 57 MiB
2026/10/01 05:10:47.182, 43 %, 1350 MHz, 11.59 W, 79, 55 MiB
2026/10/01 05:10:48.195, 0 %, 1350 MHz, 16.21 W, 82, 55 MiB
2026/10/01 05:10:49.204, 32 %, 1215 MHz, 28.12 W, 85, 59 MiB
2026/10/01 05:10:50.211, 67 %, 1350 MHz, 16.76 W, 84, 55 MiB
2026/10/01 05:10:51.219, 42 %, 1200 MHz, 27.27 W, 87, 59 MiB
2026/10/01 05:10:52.228, 52 %, 1350 MHz, 16.84 W, 84, 55 MiB
2026/10/01 05:10:53.234, 59 %, 300 MHz, 9.53 W, 84, 59 MiB
2026/10/01 05:10:54.241, 98 %, 300 MHz, 8.83 W, 81, 59 MiB
2026/10/01 05:10:55.252, 94 %, 300 MHz, 8.73 W, 80, 57 MiB
2026/10/01 05:10:56.264, 90 %, 1020 MHz, 14.69 W, 81, 55 MiB
2026/10/01 05:10:57.272, 0 %, 1020 MHz, 14.77 W, 81, 55 MiB
2026/10/01 05:10:58.282, 0 %, 360 MHz, 7.53 W, 80, 55 MiB
2026/10/01 05:10:59.289, 36 %, 1215 MHz, 27.87 W, 85, 59 MiB
2026/10/01 05:11:00.294, 69 %, 1350 MHz, 16.68 W, 84, 55 MiB
2026/10/01 05:11:01.299, 39 %, 1170 MHz, 27.98 W, 87, 59 MiB
2026/10/01 05:11:02.304, 65 %, 300 MHz, 7.79 W, 81, 55 MiB
2026/10/01 05:11:03.367, 50 %, 300 MHz, 8.76 W, 80, 59 MiB
2026/10/01 05:11:04.371, 99 %, 300 MHz, 8.70 W, 80, 59 MiB
2026/10/01 05:11:05.376, 97 %, 1200 MHz, 27.87 W, 86, 57 MiB
2026/10/01 05:11:06.383, 30 %, 1350 MHz, 16.49 W, 83, 55 MiB
2026/10/01 05:11:07.386, 0 %, 360 MHz, 7.78 W, 81, 55 MiB
2026/10/01 05:11:08.396, 54 %, 1215 MHz, 28.17 W, 86, 59 MiB
2026/10/01 05:11:09.404, 48 %, 1350 MHz, 16.70 W, 84, 55 MiB
2026/10/01 05:11:10.408, 62 %, 1095 MHz, 22.08 W, 87, 57 MiB
2026/10/01 05:11:11.420, 37 %, 300 MHz, 7.75 W, 81, 59 MiB
2026/10/01 05:11:12.427, 74 %, 300 MHz, 8.72 W, 80, 59 MiB
2026/10/01 05:11:13.435, 98 %, 300 MHz, 8.71 W, 80, 59 MiB
2026/10/01 05:11:14.442, 90 %, 1350 MHz, 16.99 W, 85, 55 MiB
2026/10/01 05:11:15.450, 10 %, 1350 MHz, 16.51 W, 83, 55 MiB
2026/10/01 05:11:16.457, 0 %, 360 MHz, 8.34 W, 81, 59 MiB
2026/10/01 05:11:17.463, 61 %, 1215 MHz, 26.35 W, 87, 57 MiB
2026/10/01 05:11:18.471, 34 %, 1275 MHz, 16.75 W, 84, 59 MiB
2026/10/01 05:11:19.482, 66 %, 300 MHz, 8.46 W, 86, 57 MiB
2026/10/01 05:11:20.489, 94 %, 300 MHz, 8.82 W, 81, 57 MiB
2026/10/01 05:11:21.495, 57 %, 300 MHz, 7.50 W, 80, 55 MiB
2026/10/01 05:11:22.503, 0 %, 1350 MHz, 15.89 W, 79, 59 MiB
2026/10/01 05:11:23.508, 64 %, 1350 MHz, 27.67 W, 87, 55 MiB
2026/10/01 05:11:24.516, 24 %, 1200 MHz, 28.23 W, 86, 59 MiB
2026/10/01 05:11:25.524, 89 %, 300 MHz, 9.29 W, 84, 57 MiB
2026/10/01 05:11:26.531, 94 %, 300 MHz, 8.79 W, 81, 57 MiB
2026/10/01 05:11:27.540, 63 %, 300 MHz, 7.48 W, 80, 55 MiB
2026/10/01 05:11:28.549, 0 %, 1350 MHz, 15.99 W, 80, 55 MiB
2026/10/01 05:11:29.555, 32 %, 1215 MHz, 26.84 W, 85, 59 MiB
2026/10/01 05:11:30.565, 64 %, 1350 MHz, 16.81 W, 84, 55 MiB
2026/10/01 05:11:31.569, 27 %, 300 MHz, 9.01 W, 83, 59 MiB
2026/10/01 05:11:32.576, 99 %, 300 MHz, 8.77 W, 80, 59 MiB
2026/10/01 05:11:33.582, 99 %, 300 MHz, 8.71 W, 80, 59 MiB
2026/10/01 05:11:34.586, 96 %, 1350 MHz, 23.53 W, 84, 55 MiB
2026/10/01 05:11:35.591, 19 %, 1350 MHz, 16.39 W, 82, 55 MiB
2026/10/01 05:11:36.597, 0 %, 360 MHz, 7.71 W, 82, 55 MiB
2026/10/01 05:11:37.604, 0 %, 300 MHz, 4.63 W, 79, 0 MiB
2026/10/01 05:11:38.612, 0 %, 300 MHz, 3.45 W, 77, 0 MiB
2026/10/01 05:11:39.625, 0 %, 300 MHz, 3.39 W, 77, 0 MiB
2026/10/01 05:11:40.732, 0 %, 300 MHz, 3.38 W, 76, 0 MiB
2026/10/01 05:11:41.840, 0 %, 1350 MHz, 14.63 W, 76, 17 MiB
2026/10/01 05:11:42.947, 54 %, 1245 MHz, 27.88 W, 85, 57 MiB
2026/10/01 05:11:44.059, 33 %, 1230 MHz, 27.87 W, 82, 59 MiB
2026/10/01 05:11:45.167, 79 %, 1350 MHz, 16.90 W, 87, 55 MiB
2026/10/01 05:11:46.274, 22 %, 1215 MHz, 28.25 W, 85, 59 MiB
2026/10/01 05:11:47.381, 76 %, 1350 MHz, 16.83 W, 85, 55 MiB
2026/10/01 05:11:48.387, 28 %, 1185 MHz, 27.81 W, 87, 59 MiB
2026/10/01 05:11:49.392, 71 %, 1350 MHz, 16.82 W, 85, 55 MiB
2026/10/01 05:11:50.397, 35 %, 1065 MHz, 24.52 W, 87, 59 MiB
2026/10/01 05:11:51.408, 69 %, 1350 MHz, 16.86 W, 84, 55 MiB
2026/10/01 05:11:52.417, 33 %, 300 MHz, 9.28 W, 83, 59 MiB
2026/10/01 05:11:53.426, 95 %, 300 MHz, 8.85 W, 81, 59 MiB
2026/10/01 05:11:54.434, 98 %, 300 MHz, 8.75 W, 80, 57 MiB
2026/10/01 05:11:55.442, 99 %, 1350 MHz, 16.19 W, 81, 55 MiB
2026/10/01 05:11:56.448, 21 %, 1350 MHz, 16.36 W, 82, 55 MiB
2026/10/01 05:11:57.455, 0 %, 360 MHz, 7.51 W, 80, 55 MiB
2026/10/01 05:11:58.464, 0 %, 1230 MHz, 28.17 W, 85, 59 MiB
2026/10/01 05:11:59.472, 84 %, 1350 MHz, 16.64 W, 83, 55 MiB
2026/10/01 05:12:00.476, 78 %, 300 MHz, 18.80 W, 88, 57 MiB
2026/10/01 05:12:01.488, 79 %, 300 MHz, 7.73 W, 81, 55 MiB
2026/10/01 05:12:02.492, 1 %, 300 MHz, 7.48 W, 80, 59 MiB
2026/10/01 05:12:03.496, 98 %, 1245 MHz, 26.89 W, 79, 59 MiB
2026/10/01 05:12:04.499, 70 %, 1350 MHz, 16.86 W, 85, 55 MiB
2026/10/01 05:12:05.505, 0 %, 1350 MHz, 16.53 W, 83, 55 MiB
2026/10/01 05:12:06.509, 81 %, 300 MHz, 9.48 W, 85, 59 MiB
2026/10/01 05:12:07.514, 98 %, 300 MHz, 8.82 W, 81, 57 MiB
2026/10/01 05:12:08.519, 69 %, 300 MHz, 7.48 W, 80, 55 MiB
2026/10/01 05:12:09.524, 0 %, 1350 MHz, 16.01 W, 80, 55 MiB
2026/10/01 05:12:10.530, 34 %, 1245 MHz, 27.73 W, 82, 59 MiB
2026/10/01 05:12:11.541, 66 %, 1350 MHz, 16.83 W, 85, 55 MiB
2026/10/01 05:12:12.549, 38 %, 300 MHz, 8.91 W, 82, 59 MiB
2026/10/01 05:12:13.555, 98 %, 300 MHz, 8.77 W, 80, 59 MiB
2026/10/01 05:12:14.563, 99 %, 300 MHz, 8.70 W, 80, 59 MiB
2026/10/01 05:12:15.569, 94 %, 1350 MHz, 22.68 W, 84, 55 MiB
2026/10/01 05:12:16.575, 9 %, 1350 MHz, 16.42 W, 82, 55 MiB
2026/10/01 05:12:17.581, 0 %, 360 MHz, 7.67 W, 82, 55 MiB
2026/10/01 05:12:18.586, 26 %, 1245 MHz, 28.62 W, 80, 59 MiB
2026/10/01 05:12:19.592, 80 %, 1350 MHz, 16.90 W, 86, 55 MiB
2026/10/01 05:12:20.597, 23 %, 1200 MHz, 27.82 W, 85, 59 MiB
2026/10/01 05:12:21.602, 96 %, 300 MHz, 8.84 W, 83, 57 MiB
2026/10/01 05:12:22.605, 98 %, 300 MHz, 8.78 W, 80, 57 MiB
2026/10/01 05:12:23.609, 67 %, 300 MHz, 7.43 W, 80, 55 MiB
2026/10/01 05:12:24.613, 0 %, 1350 MHz, 16.19 W, 81, 55 MiB
2026/10/01 05:12:25.617, 14 %, 1230 MHz, 28.66 W, 80, 59 MiB
2026/10/01 05:12:26.624, 80 %, 1350 MHz, 16.99 W, 86, 55 MiB
2026/10/01 05:12:27.635, 13 %, 300 MHz, 8.75 W, 81, 59 MiB
2026/10/01 05:12:28.653, 99 %, 300 MHz, 8.68 W, 80, 59 MiB
2026/10/01 05:12:29.671, 99 %, 1350 MHz, 20.01 W, 79, 59 MiB
2026/10/01 05:12:30.692, 75 %, 1350 MHz, 16.65 W, 85, 55 MiB
2026/10/01 05:12:31.708, 0 %, 1350 MHz, 16.41 W, 83, 55 MiB
2026/10/01 05:12:32.726, 0 %, 360 MHz, 10.17 W, 81, 59 MiB
2026/10/01 05:12:33.739, 91 %, 1350 MHz, 24.71 W, 86, 55 MiB
2026/10/01 05:12:34.744, 14 %, 1230 MHz, 28.05 W, 84, 59 MiB
2026/10/01 05:12:35.751, 90 %, 300 MHz, 9.39 W, 87, 57 MiB
2026/10/01 05:12:36.785, 59 %, 300 MHz, 7.60 W, 80, 55 MiB
2026/10/01 05:12:37.792, 0 %, 300 MHz, 3.58 W, 79, 0 MiB
2026/10/01 05:12:38.799, 0 %, 300 MHz, 3.45 W, 77, 0 MiB
2026/10/01 05:12:39.810, 0 %, 300 MHz, 3.38 W, 77, 0 MiB
2026/10/01 05:12:40.819, 0 %, 300 MHz, 3.36 W, 76, 0 MiB
2026/10/01 05:12:41.830, 0 %, 300 MHz, 4.72 W, 76, 9 MiB
2026/10/01 05:12:42.858, 58 %, 1245 MHz, 28.54 W, 85, 57 MiB
2026/10/01 05:12:43.868, 30 %, 1350 MHz, 27.45 W, 85, 59 MiB
2026/10/01 05:12:44.877, 83 %, 300 MHz, 8.89 W, 81, 59 MiB
2026/10/01 05:12:45.919, 97 %, 300 MHz, 8.69 W, 80, 57 MiB
2026/10/01 05:12:46.929, 98 %, 300 MHz, 7.77 W, 79, 55 MiB
2026/10/01 05:12:47.936, 18 %, 1350 MHz, 16.04 W, 81, 55 MiB
2026/10/01 05:12:48.941, 0 %, 360 MHz, 7.52 W, 79, 55 MiB
2026/10/01 05:12:49.945, 47 %, 1215 MHz, 28.00 W, 85, 59 MiB
2026/10/01 05:12:50.949, 94 %, 300 MHz, 8.79 W, 80, 55 MiB
2026/10/01 05:12:51.972, 31 %, 300 MHz, 7.40 W, 79, 55 MiB
2026/10/01 05:12:52.977, 35 %, 300 MHz, 8.59 W, 79, 59 MiB
2026/10/01 05:12:53.981, 97 %, 1200 MHz, 27.76 W, 85, 55 MiB
2026/10/01 05:12:54.986, 28 %, 1350 MHz, 16.35 W, 82, 55 MiB
2026/10/01 05:12:55.990, 45 %, 1200 MHz, 28.01 W, 87, 57 MiB
2026/10/01 05:12:56.994, 97 %, 300 MHz, 7.64 W, 80, 55 MiB
2026/10/01 05:12:58.000, 11 %, 300 MHz, 7.40 W, 79, 59 MiB
2026/10/01 05:12:59.008, 72 %, 1350 MHz, 7.93 W, 80, 59 MiB
2026/10/01 05:13:00.015, 96 %, 1350 MHz, 16.84 W, 84, 55 MiB
2026/10/01 05:13:01.077, 9 %, 1350 MHz, 16.39 W, 82, 55 MiB
2026/10/01 05:13:02.183, 57 %, 300 MHz, 9.60 W, 84, 57 MiB
2026/10/01 05:13:03.289, 95 %, 300 MHz, 8.82 W, 80, 57 MiB
2026/10/01 05:13:04.396, 34 %, 300 MHz, 7.45 W, 79, 55 MiB
2026/10/01 05:13:05.501, 21 %, 1215 MHz, 28.88 W, 83, 59 MiB
2026/10/01 05:13:06.537, 95 %, 1350 MHz, 16.77 W, 84, 55 MiB
2026/10/01 05:13:07.541, 2 %, 1200 MHz, 28.04 W, 86, 59 MiB
2026/10/01 05:13:08.546, 88 %, 300 MHz, 8.13 W, 83, 55 MiB
2026/10/01 05:13:09.552, 37 %, 300 MHz, 8.80 W, 80, 59 MiB
2026/10/01 05:13:10.556, 100 %, 300 MHz, 8.72 W, 80, 59 MiB
2026/10/01 05:13:11.561, 98 %, 1215 MHz, 28.13 W, 84, 59 MiB
2026/10/01 05:13:12.566, 55 %, 1350 MHz, 16.51 W, 83, 55 MiB
2026/10/01 05:13:13.571, 0 %, 1350 MHz, 16.41 W, 82, 55 MiB
2026/10/01 05:13:14.575, 19 %, 1200 MHz, 28.32 W, 85, 59 MiB
2026/10/01 05:13:15.581, 85 %, 1350 MHz, 16.82 W, 84, 55 MiB
2026/10/01 05:13:16.586, 28 %, 1185 MHz, 28.04 W, 87, 59 MiB
2026/10/01 05:13:17.590, 82 %, 300 MHz, 7.89 W, 82, 55 MiB
2026/10/01 05:13:18.596, 27 %, 300 MHz, 8.81 W, 80, 59 MiB
2026/10/01 05:13:19.600, 100 %, 300 MHz, 8.74 W, 80, 59 MiB
2026/10/01 05:13:20.605, 97 %, 1200 MHz, 27.80 W, 86, 57 MiB
2026/10/01 05:13:21.629, 35 %, 1350 MHz, 16.57 W, 83, 55 MiB
2026/10/01 05:13:22.633, 0 %, 405 MHz, 12.23 W, 82, 55 MiB
2026/10/01 05:13:23.637, 63 %, 1200 MHz, 28.07 W, 86, 57 MiB
2026/10/01 05:13:24.648, 49 %, 1320 MHz, 16.53 W, 84, 55 MiB
2026/10/01 05:13:25.652, 59 %, 1080 MHz, 21.22 W, 87, 57 MiB
2026/10/01 05:13:26.660, 46 %, 300 MHz, 7.75 W, 81, 59 MiB
2026/10/01 05:13:27.665, 69 %, 300 MHz, 8.79 W, 80, 59 MiB
2026/10/01 05:13:28.672, 99 %, 300 MHz, 8.72 W, 80, 59 MiB
2026/10/01 05:13:29.677, 95 %, 1350 MHz, 16.90 W, 84, 55 MiB
2026/10/01 05:13:30.684, 8 %, 1350 MHz, 16.52 W, 83, 55 MiB
2026/10/01 05:13:31.688, 0 %, 360 MHz, 9.32 W, 81, 59 MiB
2026/10/01 05:13:32.709, 78 %, 1335 MHz, 27.51 W, 86, 55 MiB
2026/10/01 05:13:33.716, 28 %, 1200 MHz, 28.42 W, 86, 59 MiB
2026/10/01 05:13:34.721, 83 %, 300 MHz, 8.55 W, 85, 55 MiB
2026/10/01 05:13:35.727, 21 %, 300 MHz, 3.71 W, 80, 0 MiB
2026/10/01 05:13:36.734, 0 %, 300 MHz, 4.46 W, 78, 0 MiB
2026/10/01 05:13:37.741, 0 %, 1275 MHz, 15.86 W, 81, 59 MiB
2026/10/01 05:13:38.748, 68 %, 1350 MHz, 24.41 W, 85, 55 MiB
2026/10/01 05:13:39.775, 25 %, 1215 MHz, 27.95 W, 87, 59 MiB
2026/10/01 05:13:40.783, 90 %, 300 MHz, 8.03 W, 83, 55 MiB
2026/10/01 05:13:41.789, 26 %, 300 MHz, 8.81 W, 81, 59 MiB
2026/10/01 05:13:42.792, 100 %, 300 MHz, 8.72 W, 80, 59 MiB
2026/10/01 05:13:43.796, 98 %, 1350 MHz, 23.70 W, 85, 55 MiB
2026/10/01 05:13:44.799, 59 %, 1350 MHz, 16.55 W, 83, 55 MiB
2026/10/01 05:13:45.803, 0 %, 360 MHz, 7.74 W, 81, 59 MiB
2026/10/01 05:13:46.812, 20 %, 1350 MHz, 27.80 W, 86, 55 MiB
2026/10/01 05:13:47.816, 85 %, 1185 MHz, 27.99 W, 87, 59 MiB
2026/10/01 05:13:48.880, 30 %, 300 MHz, 8.27 W, 84, 55 MiB
2026/10/01 05:13:49.969, 73 %, 300 MHz, 8.89 W, 81, 59 MiB
2026/10/01 05:13:50.973, 41 %, 300 MHz, 8.77 W, 80, 59 MiB
2026/10/01 05:13:51.977, 100 %, 1215 MHz, 28.21 W, 85, 59 MiB
2026/10/01 05:13:52.982, 97 %, 1350 MHz, 16.72 W, 84, 55 MiB
2026/10/01 05:13:53.987, 36 %, 1350 MHz, 16.57 W, 83, 55 MiB
2026/10/01 05:13:54.992, 0 %, 1200 MHz, 19.82 W, 84, 59 MiB
2026/10/01 05:13:55.996, 49 %, 1350 MHz, 17.05 W, 85, 55 MiB
2026/10/01 05:13:57.007, 60 %, 630 MHz, 27.86 W, 87, 59 MiB
2026/10/01 05:13:58.016, 49 %, 300 MHz, 9.33 W, 83, 55 MiB
2026/10/01 05:13:59.024, 90 %, 300 MHz, 7.66 W, 80, 55 MiB
2026/10/01 05:14:00.031, 0 %, 300 MHz, 8.78 W, 80, 59 MiB
2026/10/01 05:14:01.036, 97 %, 1200 MHz, 27.79 W, 86, 59 MiB
2026/10/01 05:14:02.041, 97 %, 1350 MHz, 16.69 W, 83, 55 MiB
2026/10/01 05:14:03.046, 20 %, 1200 MHz, 19.72 W, 85, 59 MiB
2026/10/01 05:14:04.050, 15 %, 300 MHz, 9.10 W, 82, 59 MiB
2026/10/01 05:14:05.055, 96 %, 300 MHz, 8.83 W, 81, 59 MiB
2026/10/01 05:14:06.060, 99 %, 300 MHz, 8.73 W, 80, 57 MiB
2026/10/01 05:14:07.064, 99 %, 1155 MHz, 15.45 W, 82, 55 MiB
2026/10/01 05:14:08.071, 32 %, 1155 MHz, 15.49 W, 82, 55 MiB
2026/10/01 05:14:09.075, 0 %, 360 MHz, 8.00 W, 80, 59 MiB
2026/10/01 05:14:10.081, 5 %, 1185 MHz, 28.04 W, 86, 57 MiB
2026/10/01 05:14:11.086, 96 %, 1320 MHz, 16.66 W, 85, 59 MiB
2026/10/01 05:14:12.098, 15 %, 1065 MHz, 23.94 W, 87, 57 MiB
2026/10/01 05:14:13.102, 95 %, 300 MHz, 8.51 W, 81, 59 MiB
2026/10/01 05:14:14.107, 20 %, 300 MHz, 8.82 W, 81, 59 MiB
2026/10/01 05:14:15.112, 100 %, 300 MHz, 8.75 W, 80, 59 MiB
2026/10/01 05:14:16.118, 99 %, 1350 MHz, 16.93 W, 84, 55 MiB
2026/10/01 05:14:17.123, 64 %, 1350 MHz, 16.56 W, 83, 55 MiB
2026/10/01 05:14:18.129, 0 %, 360 MHz, 9.38 W, 81, 59 MiB
2026/10/01 05:14:19.133, 15 %, 1350 MHz, 27.63 W, 86, 55 MiB
2026/10/01 05:14:20.140, 87 %, 1185 MHz, 27.81 W, 87, 59 MiB
2026/10/01 05:14:21.145, 27 %, 300 MHz, 8.52 W, 85, 55 MiB
2026/10/01 05:14:22.150, 80 %, 300 MHz, 8.87 W, 81, 59 MiB
2026/10/01 05:14:23.155, 30 %, 300 MHz, 8.81 W, 80, 59 MiB
2026/10/01 05:14:24.159, 99 %, 1200 MHz, 28.95 W, 84, 59 MiB
2026/10/01 05:14:25.163, 98 %, 1350 MHz, 16.74 W, 84, 55 MiB
2026/10/01 05:14:26.168, 41 %, 1350 MHz, 16.59 W, 83, 55 MiB
2026/10/01 05:14:27.173, 0 %, 1200 MHz, 27.68 W, 85, 59 MiB
2026/10/01 05:14:28.240, 41 %, 1350 MHz, 17.05 W, 85, 55 MiB
2026/10/01 05:14:29.251, 59 %, 465 MHz, 27.68 W, 87, 59 MiB
2026/10/01 05:14:30.254, 54 %, 300 MHz, 8.12 W, 83, 55 MiB
2026/10/01 05:14:31.261, 54 %, 300 MHz, 3.66 W, 80, 0 MiB
2026/10/01 05:14:32.266, 0 %, 300 MHz, 3.53 W, 78, 0 MiB
2026/10/01 05:14:33.275, 0 %, 1200 MHz, 27.74 W, 85, 59 MiB
2026/10/01 05:14:34.281, 74 %, 1350 MHz, 16.79 W, 84, 55 MiB
2026/10/01 05:14:35.286, 38 %, 1170 MHz, 27.86 W, 88, 59 MiB
2026/10/01 05:14:36.291, 68 %, 300 MHz, 7.88 W, 82, 55 MiB
2026/10/01 05:14:37.297, 37 %, 300 MHz, 8.81 W, 81, 59 MiB
2026/10/01 05:14:38.302, 77 %, 300 MHz, 8.77 W, 80, 59 MiB
2026/10/01 05:14:39.307, 99 %, 1200 MHz, 27.70 W, 86, 55 MiB
2026/10/01 05:14:40.311, 94 %, 1350 MHz, 16.59 W, 83, 55 MiB
2026/10/01 05:14:41.318, 0 %, 405 MHz, 7.92 W, 82, 55 MiB
2026/10/01 05:14:42.324, 0 %, 1185 MHz, 27.44 W, 87, 57 MiB
2026/10/01 05:14:43.328, 93 %, 1185 MHz, 23.58 W, 86, 59 MiB
2026/10/01 05:14:44.336, 18 %, 555 MHz, 20.03 W, 86, 57 MiB
2026/10/01 05:14:45.349, 11 %, 300 MHz, 7.78 W, 81, 55 MiB
2026/10/01 05:14:46.352, 97 %, 300 MHz, 8.84 W, 81, 59 MiB
2026/10/01 05:14:47.357, 99 %, 300 MHz, 8.77 W, 80, 59 MiB
2026/10/01 05:14:48.361, 69 %, 1350 MHz, 16.96 W, 84, 55 MiB
2026/10/01 05:14:49.364, 0 %, 1350 MHz, 16.63 W, 83, 55 MiB
2026/10/01 05:14:50.367, 22 %, 360 MHz, 10.32 W, 82, 59 MiB
2026/10/01 05:14:51.375, 86 %, 1350 MHz, 19.20 W, 86, 55 MiB
2026/10/01 05:14:52.378, 25 %, 1185 MHz, 27.96 W, 87, 59 MiB
2026/10/01 05:14:53.393, 91 %, 300 MHz, 9.30 W, 85, 55 MiB
2026/10/01 05:14:54.497, 17 %, 300 MHz, 8.93 W, 81, 59 MiB
2026/10/01 05:14:55.601, 100 %, 300 MHz, 8.81 W, 81, 59 MiB
2026/10/01 05:14:56.705, 98 %, 1200 MHz, 28.20 W, 84, 59 MiB
2026/10/01 05:14:57.810, 46 %, 1350 MHz, 16.82 W, 84, 55 MiB
2026/10/01 05:14:58.914, 0 %, 1350 MHz, 16.64 W, 84, 55 MiB
2026/10/01 05:15:00.018, 46 %, 1200 MHz, 27.95 W, 85, 59 MiB
2026/10/01 05:15:01.064, 67 %, 1350 MHz, 16.97 W, 85, 55 MiB
2026/10/01 05:15:02.067, 25 %, 1185 MHz, 27.89 W, 87, 59 MiB
2026/10/01 05:15:03.070, 96 %, 300 MHz, 9.14 W, 84, 57 MiB
2026/10/01 05:15:04.075, 99 %, 300 MHz, 8.88 W, 82, 57 MiB
2026/10/01 05:15:05.078, 45 %, 300 MHz, 7.55 W, 80, 55 MiB
2026/10/01 05:15:06.081, 0 %, 1350 MHz, 16.33 W, 82, 55 MiB
2026/10/01 05:15:07.084, 61 %, 1200 MHz, 27.99 W, 85, 59 MiB
2026/10/01 05:15:08.087, 46 %, 1350 MHz, 16.82 W, 85, 55 MiB
2026/10/01 05:15:09.091, 65 %, 300 MHz, 8.94 W, 82, 59 MiB
2026/10/01 05:15:10.094, 99 %, 300 MHz, 8.80 W, 81, 59 MiB
2026/10/01 05:15:11.097, 99 %, 1350 MHz, 27.05 W, 82, 59 MiB
2026/10/01 05:15:12.101, 77 %, 1350 MHz, 16.60 W, 83, 55 MiB
2026/10/01 05:15:13.107, 0 %, 1350 MHz, 16.55 W, 83, 55 MiB
2026/10/01 05:15:14.113, 0 %, 465 MHz, 10.89 W, 81, 59 MiB
2026/10/01 05:15:15.119, 66 %, 1350 MHz, 24.76 W, 86, 55 MiB
2026/10/01 05:15:16.123, 43 %, 1200 MHz, 27.74 W, 87, 59 MiB
2026/10/01 05:15:17.128, 68 %, 300 MHz, 9.31 W, 83, 57 MiB
2026/10/01 05:15:18.134, 97 %, 300 MHz, 8.89 W, 81, 57 MiB
2026/10/01 05:15:19.141, 75 %, 300 MHz, 7.51 W, 80, 55 MiB
2026/10/01 05:15:20.145, 0 %, 300 MHz, 7.48 W, 80, 59 MiB
2026/10/01 05:15:21.151, 37 %, 1200 MHz, 28.03 W, 87, 57 MiB
2026/10/01 05:15:22.167, 70 %, 1200 MHz, 27.89 W, 86, 59 MiB
2026/10/01 05:15:23.173, 43 %, 300 MHz, 8.97 W, 82, 59 MiB
2026/10/01 05:15:24.177, 99 %, 300 MHz, 8.84 W, 81, 59 MiB
2026/10/01 05:15:25.182, 99 %, 300 MHz, 8.76 W, 80, 57 MiB
2026/10/01 05:15:26.187, 97 %, 1350 MHz, 16.42 W, 82, 55 MiB
2026/10/01 05:15:27.192, 2 %, 1350 MHz, 16.47 W, 83, 55 MiB
2026/10/01 05:15:28.198, 0 %, 360 MHz, 8.76 W, 80, 59 MiB
2026/10/01 05:15:29.202, 34 %, 1260 MHz, 27.92 W, 87, 55 MiB
2026/10/01 05:15:30.209, 68 %, 1350 MHz, 16.68 W, 84, 0 MiB
2026/10/01 05:15:31.214, 0 %, 360 MHz, 4.20 W, 81, 0 MiB
2026/10/01 05:15:32.235, 0 %, 1215 MHz, 28.22 W, 86, 59 MiB
2026/10/01 05:15:33.242, 66 %, 1350 MHz, 16.91 W, 85, 55 MiB
2026/10/01 05:15:34.247, 27 %, 1080 MHz, 16.42 W, 87, 59 MiB
2026/10/01 05:15:35.252, 93 %, 1350 MHz, 16.93 W, 85, 55 MiB
2026/10/01 05:15:36.256, 15 %, 1035 MHz, 24.17 W, 87, 59 MiB
2026/10/01 05:15:37.263, 96 %, 300 MHz, 8.27 W, 84, 55 MiB
2026/10/01 05:15:38.269, 14 %, 300 MHz, 8.92 W, 82, 59 MiB
2026/10/01 05:15:39.273, 98 %, 300 MHz, 8.82 W, 81, 59 MiB
2026/10/01 05:15:40.278, 99 %, 1215 MHz, 28.12 W, 85, 59 MiB
2026/10/01 05:15:41.287, 96 %, 1350 MHz, 16.75 W, 84, 55 MiB
2026/10/01 05:15:42.295, 11 %, 1350 MHz, 16.63 W, 84, 55 MiB
2026/10/01 05:15:43.301, 0 %, 1200 MHz, 21.26 W, 83, 59 MiB
2026/10/01 05:15:44.308, 55 %, 1245 MHz, 16.38 W, 86, 55 MiB
2026/10/01 05:15:45.316, 54 %, 1170 MHz, 28.19 W, 87, 59 MiB
2026/10/01 05:15:46.323, 58 %, 300 MHz, 9.25 W, 83, 57 MiB
2026/10/01 05:15:47.332, 97 %, 300 MHz, 8.91 W, 82, 55 MiB
2026/10/01 05:15:48.339, 70 %, 300 MHz, 7.58 W, 80, 55 MiB
2026/10/01 05:15:49.389, 0 %, 1230 MHz, 22.44 W, 83, 59 MiB
2026/10/01 05:15:50.426, 57 %, 1350 MHz, 17.02 W, 85, 55 MiB
2026/10/01 05:15:51.429, 42 %, 1170 MHz, 27.88 W, 88, 59 MiB
2026/10/01 05:15:52.433, 72 %, 300 MHz, 9.13 W, 83, 57 MiB
2026/10/01 05:15:53.437, 97 %, 300 MHz, 8.87 W, 81, 55 MiB
2026/10/01 05:15:54.441, 70 %, 300 MHz, 7.56 W, 80, 55 MiB
2026/10/01 05:15:55.445, 0 %, 465 MHz, 11.17 W, 81, 59 MiB
2026/10/01 05:15:56.448, 45 %, 1350 MHz, 22.71 W, 87, 55 MiB
2026/10/01 05:15:57.472, 63 %, 1170 MHz, 27.78 W, 86, 59 MiB
2026/10/01 05:15:58.475, 48 %, 300 MHz, 8.99 W, 82, 59 MiB
2026/10/01 05:15:59.479, 99 %, 300 MHz, 8.83 W, 81, 59 MiB
2026/10/01 05:16:00.483, 99 %, 300 MHz, 8.78 W, 80, 57 MiB
2026/10/01 05:16:01.487, 96 %, 1350 MHz, 16.44 W, 83, 55 MiB
2026/10/01 05:16:02.492, 0 %, 1350 MHz, 16.54 W, 83, 55 MiB
2026/10/01 05:16:03.497, 0 %, 360 MHz, 10.07 W, 80, 59 MiB
2026/10/01 05:16:04.503, 38 %, 1230 MHz, 27.87 W, 87, 55 MiB
2026/10/01 05:16:05.513, 67 %, 1200 MHz, 27.90 W, 86, 59 MiB
2026/10/01 05:16:06.519, 45 %, 300 MHz, 15.66 W, 87, 55 MiB
2026/10/01 05:16:07.522, 64 %, 300 MHz, 8.88 W, 82, 59 MiB
2026/10/01 05:16:08.526, 47 %, 300 MHz, 8.82 W, 81, 59 MiB
2026/10/01 05:16:09.529, 99 %, 1215 MHz, 29.83 W, 80, 59 MiB
2026/10/01 05:16:10.533, 97 %, 1350 MHz, 16.81 W, 85, 55 MiB
2026/10/01 05:16:11.538, 28 %, 1350 MHz, 16.62 W, 83, 55 MiB
2026/10/01 05:16:12.542, 0 %, 1200 MHz, 22.32 W, 82, 59 MiB
2026/10/01 05:16:13.545, 60 %, 1350 MHz, 17.13 W, 87, 55 MiB
2026/10/01 05:16:14.602, 47 %, 1170 MHz, 27.99 W, 87, 59 MiB
2026/10/01 05:16:15.706, 64 %, 300 MHz, 9.31 W, 85, 55 MiB
2026/10/01 05:16:16.812, 65 %, 300 MHz, 7.69 W, 81, 59 MiB
2026/10/01 05:16:17.868, 30 %, 300 MHz, 8.80 W, 81, 59 MiB
2026/10/01 05:16:18.871, 99 %, 1200 MHz, 28.09 W, 84, 59 MiB
2026/10/01 05:16:19.878, 95 %, 1350 MHz, 16.78 W, 85, 55 MiB
2026/10/01 05:16:20.884, 9 %, 1350 MHz, 16.66 W, 84, 55 MiB
2026/10/01 05:16:21.887, 8 %, 1200 MHz, 27.90 W, 86, 59 MiB
2026/10/01 05:16:22.891, 95 %, 1080 MHz, 15.51 W, 85, 55 MiB
2026/10/01 05:16:23.894, 16 %, 510 MHz, 19.48 W, 87, 59 MiB
2026/10/01 05:16:24.898, 88 %, 300 MHz, 8.02 W, 84, 55 MiB
2026/10/01 05:16:25.903, 50 %, 300 MHz, 5.18 W, 81, 0 MiB
2026/10/01 05:16:26.907, 0 %, 300 MHz, 3.56 W, 79, 0 MiB
2026/10/01 05:16:27.913, 0 %, 1350 MHz, 13.55 W, 78, 53 MiB
2026/10/01 05:16:28.917, 30 %, 1350 MHz, 27.78 W, 86, 55 MiB
2026/10/01 05:16:29.921, 60 %, 1185 MHz, 27.98 W, 86, 59 MiB
2026/10/01 05:16:30.926, 60 %, 300 MHz, 9.03 W, 83, 59 MiB
2026/10/01 05:16:31.954, 98 %, 300 MHz, 8.85 W, 81, 57 MiB
2026/10/01 05:16:32.958, 99 %, 300 MHz, 7.52 W, 80, 55 MiB
2026/10/01 05:16:33.963, 48 %, 1350 MHz, 16.35 W, 82, 55 MiB
2026/10/01 05:16:34.968, 0 %, 360 MHz, 7.65 W, 81, 55 MiB
2026/10/01 05:16:35.972, 18 %, 1170 MHz, 27.52 W, 85, 57 MiB
2026/10/01 05:16:36.979, 95 %, 300 MHz, 7.68 W, 82, 55 MiB
2026/10/01 05:16:37.982, 38 %, 300 MHz, 8.72 W, 80, 59 MiB
2026/10/01 05:16:38.986, 45 %, 300 MHz, 8.71 W, 80, 59 MiB
2026/10/01 05:16:39.990, 98 %, 1350 MHz, 16.99 W, 86, 55 MiB
2026/10/01 05:16:40.993, 51 %, 1350 MHz, 16.61 W, 84, 55 MiB
2026/10/01 05:16:41.996, 0 %, 1185 MHz, 17.98 W, 87, 59 MiB
2026/10/01 05:16:43.032, 86 %, 300 MHz, 8.82 W, 82, 57 MiB
2026/10/01 05:16:44.036, 99 %, 300 MHz, 8.80 W, 81, 57 MiB
2026/10/01 05:16:45.039, 99 %, 1350 MHz, 16.01 W, 80, 55 MiB
2026/10/01 05:16:46.042, 22 %, 1350 MHz, 16.37 W, 82, 55 MiB
2026/10/01 05:16:47.045, 0 %, 360 MHz, 9.54 W, 81, 59 MiB
2026/10/01 05:16:48.048, 37 %, 300 MHz, 9.27 W, 86, 57 MiB
2026/10/01 05:16:49.052, 91 %, 300 MHz, 8.80 W, 81, 57 MiB
2026/10/01 05:16:50.056, 99 %, 300 MHz, 7.45 W, 80, 55 MiB
2026/10/01 05:16:51.061, 28 %, 1350 MHz, 16.01 W, 79, 55 MiB
2026/10/01 05:16:52.065, 0 %, 1215 MHz, 28.21 W, 80, 59 MiB
2026/10/01 05:16:53.069, 70 %, 1350 MHz, 16.83 W, 87, 55 MiB
2026/10/01 05:16:54.074, 30 %, 300 MHz, 8.94 W, 82, 59 MiB
2026/10/01 05:16:55.162, 99 %, 300 MHz, 8.77 W, 80, 59 MiB
2026/10/01 05:16:56.169, 99 %, 300 MHz, 8.69 W, 80, 59 MiB
2026/10/01 05:16:57.174, 62 %, 1350 MHz, 16.54 W, 83, 55 MiB
2026/10/01 05:16:58.180, 0 %, 1350 MHz, 16.43 W, 83, 55 MiB
2026/10/01 05:16:59.188, 0 %, 360 MHz, 10.07 W, 80, 59 MiB
2026/10/01 05:17:00.198, 87 %, 1200 MHz, 27.80 W, 87, 57 MiB
2026/10/01 05:17:01.234, 22 %, 1185 MHz, 28.84 W, 86, 59 MiB
2026/10/01 05:17:02.304, 88 %, 300 MHz, 9.59 W, 85, 57 MiB
2026/10/01 05:17:03.310, 24 %, 300 MHz, 7.76 W, 81, 59 MiB
2026/10/01 05:17:04.316, 81 %, 300 MHz, 8.76 W, 80, 59 MiB
2026/10/01 05:17:05.322, 99 %, 1215 MHz, 28.15 W, 84, 59 MiB
2026/10/01 05:17:06.327, 65 %, 1350 MHz, 16.74 W, 84, 55 MiB
2026/10/01 05:17:07.333, 0 %, 1350 MHz, 16.56 W, 83, 55 MiB
2026/10/01 05:17:08.338, 40 %, 1200 MHz, 27.86 W, 86, 59 MiB
2026/10/01 05:17:09.345, 68 %, 1350 MHz, 16.89 W, 85, 55 MiB
2026/10/01 05:17:10.352, 41 %, 1170 MHz, 27.69 W, 88, 59 MiB
2026/10/01 05:17:11.364, 64 %, 300 MHz, 7.97 W, 83, 55 MiB
2026/10/01 05:17:12.369, 52 %, 300 MHz, 8.86 W, 81, 59 MiB
2026/10/01 05:17:13.374, 99 %, 300 MHz, 8.77 W, 80, 59 MiB
2026/10/01 05:17:14.380, 98 %, 1215 MHz, 27.56 W, 86, 57 MiB
2026/10/01 05:17:15.385, 34 %, 1350 MHz, 16.65 W, 84, 55 MiB
2026/10/01 05:17:16.389, 0 %, 1350 MHz, 16.58 W, 83, 55 MiB
2026/10/01 05:17:17.392, 45 %, 1200 MHz, 28.08 W, 86, 59 MiB
2026/10/01 05:17:18.396, 64 %, 1350 MHz, 16.90 W, 85, 55 MiB
2026/10/01 05:17:19.399, 46 %, 960 MHz, 19.78 W, 86, 59 MiB
2026/10/01 05:17:20.407, 96 %, 300 MHz, 9.10 W, 82, 57 MiB
2026/10/01 05:17:21.411, 28 %, 300 MHz, 7.61 W, 81, 55 MiB
2026/10/01 05:17:22.414, 40 %, 300 MHz, 8.75 W, 80, 59 MiB
2026/10/01 05:17:23.418, 97 %, 1185 MHz, 27.49 W, 87, 57 MiB
2026/10/01 05:17:24.421, 27 %, 1350 MHz, 16.67 W, 84, 55 MiB
2026/10/01 05:17:25.424, 44 %, 1170 MHz, 27.36 W, 88, 59 MiB
2026/10/01 05:17:26.427, 96 %, 300 MHz, 8.99 W, 82, 57 MiB
2026/10/01 05:17:27.431, 71 %, 300 MHz, 7.59 W, 80, 55 MiB
2026/10/01 05:17:28.435, 0 %, 300 MHz, 7.49 W, 80, 55 MiB
2026/10/01 05:17:29.441, 0 %, 300 MHz, 3.92 W, 78, 0 MiB
2026/10/01 05:17:30.446, 3 %, 1230 MHz, 29.07 W, 82, 59 MiB
2026/10/01 05:17:31.454, 87 %, 1350 MHz, 16.93 W, 85, 55 MiB
2026/10/01 05:17:32.459, 35 %, 1185 MHz, 28.15 W, 87, 59 MiB
2026/10/01 05:17:33.467, 66 %, 1350 MHz, 16.88 W, 84, 55 MiB
2026/10/01 05:17:34.472, 48 %, 300 MHz, 11.10 W, 87, 59 MiB
2026/10/01 05:17:35.476, 98 %, 300 MHz, 8.91 W, 82, 59 MiB
2026/10/01 05:17:36.480, 99 %, 300 MHz, 8.80 W, 81, 57 MiB
2026/10/01 05:17:37.484, 99 %, 1350 MHz, 16.05 W, 81, 55 MiB
2026/10/01 05:17:38.489, 4 %, 1350 MHz, 16.39 W, 82, 55 MiB
2026/10/01 05:17:39.492, 0 %, 360 MHz, 7.70 W, 81, 55 MiB
2026/10/01 05:17:40.497, 29 %, 1230 MHz, 28.00 W, 84, 59 MiB
2026/10/01 05:17:41.532, 70 %, 1275 MHz, 16.38 W, 84, 55 MiB
2026/10/01 05:17:42.537, 45 %, 600 MHz, 27.99 W, 88, 59 MiB
2026/10/01 05:17:43.541, 59 %, 300 MHz, 8.06 W, 83, 55 MiB
2026/10/01 05:17:44.546, 56 %, 300 MHz, 8.84 W, 81, 59 MiB
2026/10/01 05:17:45.549, 99 %, 300 MHz, 8.78 W, 81, 59 MiB
2026/10/01 05:17:46.552, 98 %, 1200 MHz, 28.07 W, 85, 59 MiB
2026/10/01 05:17:47.556, 39 %, 1350 MHz, 16.69 W, 84, 55 MiB
2026/10/01 05:17:48.562, 0 %, 1350 MHz, 16.58 W, 83, 55 MiB
2026/10/01 05:17:49.564, 34 %, 1200 MHz, 27.87 W, 85, 59 MiB
2026/10/01 05:17:50.567, 68 %, 1350 MHz, 16.96 W, 85, 55 MiB
2026/10/01 05:17:51.570, 46 %, 960 MHz, 19.78 W, 87, 59 MiB
2026/10/01 05:17:52.574, 93 %, 300 MHz, 8.02 W, 83, 55 MiB
2026/10/01 05:17:53.579, 0 %, 300 MHz, 8.22 W, 81, 59 MiB
2026/10/01 05:17:54.583, 94 %, 300 MHz, 8.79 W, 81, 59 MiB
2026/10/01 05:17:55.586, 97 %, 1200 MHz, 27.53 W, 86, 57 MiB
2026/10/01 05:17:56.590, 24 %, 1350 MHz, 16.69 W, 84, 55 MiB
2026/10/01 05:17:57.594, 9 %, 1200 MHz, 27.90 W, 85, 59 MiB
2026/10/01 05:17:58.597, 97 %, 300 MHz, 9.04 W, 83, 59 MiB
2026/10/01 05:17:59.601, 100 %, 300 MHz, 8.82 W, 81, 59 MiB
2026/10/01 05:18:00.605, 99 %, 300 MHz, 8.75 W, 81, 57 MiB
2026/10/01 05:18:01.610, 38 %, 1350 MHz, 16.38 W, 82, 55 MiB
2026/10/01 05:18:02.615, 0 %, 1350 MHz, 16.45 W, 83, 55 MiB
2026/10/01 05:18:03.618, 0 %, 360 MHz, 10.35 W, 80, 59 MiB
2026/10/01 05:18:04.622, 95 %, 1350 MHz, 27.56 W, 87, 55 MiB
2026/10/01 05:18:05.626, 17 %, 1185 MHz, 27.80 W, 85, 59 MiB
2026/10/01 05:18:06.629, 96 %, 300 MHz, 17.08 W, 87, 55 MiB
2026/10/01 05:18:07.635, 17 %, 300 MHz, 8.93 W, 82, 59 MiB
2026/10/01 05:18:08.639, 100 %, 300 MHz, 8.81 W, 81, 59 MiB
2026/10/01 05:18:09.642, 99 %, 1215 MHz, 24.24 W, 80, 59 MiB
2026/10/01 05:18:10.646, 69 %, 1350 MHz, 16.83 W, 85, 55 MiB
2026/10/01 05:18:11.650, 0 %, 1350 MHz, 16.64 W, 84, 55 MiB
2026/10/01 05:18:12.654, 8 %, 540 MHz, 11.73 W, 82, 59 MiB
2026/10/01 05:18:13.657, 96 %, 1350 MHz, 21.06 W, 88, 55 MiB
2026/10/01 05:18:14.661, 14 %, 1185 MHz, 27.87 W, 84, 59 MiB
2026/10/01 05:18:15.666, 96 %, 300 MHz, 9.39 W, 86, 57 MiB
2026/10/01 05:18:16.670, 99 %, 300 MHz, 8.87 W, 82, 57 MiB
2026/10/01 05:18:17.674, 44 %, 300 MHz, 7.59 W, 81, 55 MiB
2026/10/01 05:18:18.679, 0 %, 1350 MHz, 16.16 W, 80, 55 MiB
2026/10/01 05:18:19.685, 63 %, 1185 MHz, 28.01 W, 85, 59 MiB
2026/10/01 05:18:20.691, 44 %, 1350 MHz, 16.79 W, 85, 55 MiB
2026/10/01 05:18:21.694, 68 %, 300 MHz, 9.22 W, 85, 59 MiB
2026/10/01 05:18:22.698, 99 %, 300 MHz, 8.88 W, 82, 59 MiB
2026/10/01 05:18:23.702, 99 %, 300 MHz, 8.72 W, 81, 57 MiB
2026/10/01 05:18:24.706, 75 %, 1350 MHz, 16.41 W, 83, 55 MiB
2026/10/01 05:18:25.710, 0 %, 1350 MHz, 16.49 W, 83, 55 MiB
2026/10/01 05:18:26.714, 0 %, 360 MHz, 7.67 W, 81, 55 MiB
2026/10/01 05:18:27.718, 58 %, 1200 MHz, 27.84 W, 84, 59 MiB
2026/10/01 05:18:28.722, 48 %, 1350 MHz, 16.83 W, 85, 55 MiB
2026/10/01 05:18:29.731, 0 %, 1350 MHz, 16.62 W, 84, 0 MiB
2026/10/01 05:18:30.736, 0 %, 360 MHz, 3.65 W, 80, 0 MiB
2026/10/01 05:18:31.742, 53 %, 1200 MHz, 28.15 W, 85, 59 MiB
2026/10/01 05:18:32.745, 38 %, 1215 MHz, 16.79 W, 85, 59 MiB
2026/10/01 05:18:33.750, 83 %, 1035 MHz, 19.87 W, 87, 57 MiB
2026/10/01 05:18:34.755, 32 %, 1350 MHz, 16.87 W, 85, 55 MiB
2026/10/01 05:18:35.758, 73 %, 765 MHz, 19.81 W, 87, 59 MiB
2026/10/01 05:18:36.765, 97 %, 300 MHz, 9.01 W, 83, 57 MiB
2026/10/01 05:18:37.769, 41 %, 300 MHz, 7.65 W, 81, 55 MiB
2026/10/01 05:18:38.773, 0 %, 300 MHz, 8.46 W, 80, 59 MiB
2026/10/01 05:18:39.776, 92 %, 1185 MHz, 27.73 W, 86, 55 MiB
2026/10/01 05:18:40.779, 17 %, 1200 MHz, 27.88 W, 84, 59 MiB
2026/10/01 05:18:41.782, 96 %, 300 MHz, 23.18 W, 86, 57 MiB
2026/10/01 05:18:42.790, 33 %, 300 MHz, 7.77 W, 82, 55 MiB
2026/10/01 05:18:43.793, 61 %, 300 MHz, 8.82 W, 81, 59 MiB
2026/10/01 05:18:44.797, 99 %, 1215 MHz, 29.61 W, 81, 59 MiB
2026/10/01 05:18:45.814, 72 %, 1350 MHz, 16.91 W, 87, 55 MiB
2026/10/01 05:18:46.818, 0 %, 1350 MHz, 16.71 W, 84, 55 MiB
2026/10/01 05:18:47.821, 40 %, 300 MHz, 9.46 W, 86, 59 MiB
2026/10/01 05:18:48.824, 99 %, 300 MHz, 8.92 W, 82, 59 MiB
2026/10/01 05:18:49.827, 99 %, 300 MHz, 8.80 W, 81, 59 MiB
2026/10/01 05:18:50.831, 97 %, 1350 MHz, 21.86 W, 81, 55 MiB
2026/10/01 05:18:51.834, 6 %, 1350 MHz, 16.52 W, 83, 55 MiB
2026/10/01 05:18:52.837, 0 %, 360 MHz, 7.79 W, 83, 55 MiB
2026/10/01 05:18:53.840, 30 %, 1200 MHz, 28.06 W, 80, 59 MiB
2026/10/01 05:18:54.844, 70 %, 1350 MHz, 17.01 W, 85, 55 MiB
2026/10/01 05:18:55.849, 46 %, 645 MHz, 27.47 W, 88, 59 MiB
2026/10/01 05:18:56.876, 67 %, 300 MHz, 8.06 W, 83, 55 MiB
2026/10/01 05:18:57.882, 41 %, 300 MHz, 8.88 W, 81, 59 MiB
2026/10/01 05:18:58.888, 100 %, 300 MHz, 8.83 W, 81, 59 MiB
2026/10/01 05:18:59.893, 97 %, 1200 MHz, 27.46 W, 86, 57 MiB
2026/10/01 05:19:00.900, 27 %, 1350 MHz, 16.73 W, 84, 55 MiB
2026/10/01 05:19:01.904, 0 %, 405 MHz, 9.31 W, 83, 55 MiB
2026/10/01 05:19:02.909, 63 %, 1185 MHz, 27.92 W, 87, 59 MiB
2026/10/01 05:19:03.913, 53 %, 900 MHz, 11.20 W, 83, 55 MiB
2026/10/01 05:19:04.918, 50 %, 1170 MHz, 27.84 W, 87, 59 MiB
2026/10/01 05:19:05.922, 72 %, 300 MHz, 7.89 W, 82, 55 MiB
2026/10/01 05:19:06.926, 29 %, 300 MHz, 8.83 W, 81, 59 MiB
2026/10/01 05:19:07.933, 99 %, 300 MHz, 8.77 W, 80, 59 MiB
2026/10/01 05:19:08.939, 95 %, 1350 MHz, 23.00 W, 86, 55 MiB
2026/10/01 05:19:09.944, 7 %, 1350 MHz, 16.69 W, 84, 55 MiB
2026/10/01 05:19:10.949, 14 %, 1215 MHz, 26.28 W, 85, 59 MiB
2026/10/01 05:19:11.958, 95 %, 300 MHz, 8.84 W, 81, 59 MiB
2026/10/01 05:19:12.966, 99 %, 300 MHz, 8.79 W, 81, 59 MiB
2026/10/01 05:19:13.973, 99 %, 300 MHz, 8.44 W, 80, 59 MiB
2026/10/01 05:19:14.990, 45 %, 1350 MHz, 16.57 W, 83, 55 MiB
2026/10/01 05:19:15.998, 0 %, 1350 MHz, 16.54 W, 83, 55 MiB
2026/10/01 05:19:17.005, 0 %, 360 MHz, 7.56 W, 80, 55 MiB
2026/10/01 05:19:18.011, 78 %, 1185 MHz, 27.77 W, 87, 57 MiB
2026/10/01 05:19:19.017, 28 %, 1200 MHz, 16.77 W, 85, 59 MiB
2026/10/01 05:19:20.024, 84 %, 300 MHz, 9.46 W, 84, 57 MiB
2026/10/01 05:19:21.029, 98 %, 300 MHz, 8.94 W, 82, 57 MiB
2026/10/01 05:19:22.036, 65 %, 300 MHz, 7.59 W, 80, 55 MiB
2026/10/01 05:19:23.042, 0 %, 1350 MHz, 16.13 W, 81, 55 MiB
2026/10/01 05:19:24.046, 45 %, 1200 MHz, 27.66 W, 86, 59 MiB
2026/10/01 05:19:25.051, 62 %, 1350 MHz, 16.89 W, 84, 55 MiB
2026/10/01 05:19:26.057, 49 %, 300 MHz, 9.30 W, 83, 59 MiB
2026/10/01 05:19:27.062, 99 %, 300 MHz, 8.90 W, 81, 59 MiB
2026/10/01 05:19:28.067, 99 %, 300 MHz, 8.79 W, 80, 59 MiB
2026/10/01 05:19:29.072, 94 %, 1350 MHz, 16.63 W, 83, 55 MiB
2026/10/01 05:19:30.077, 0 %, 1350 MHz, 16.54 W, 83, 55 MiB
2026/10/01 05:19:31.081, 0 %, 360 MHz, 7.78 W, 81, 55 MiB
2026/10/01 05:19:32.086, 0 %, 300 MHz, 4.00 W, 79, 0 MiB
2026/10/01 05:19:33.092, 0 %, 300 MHz, 3.50 W, 78, 0 MiB
2026/10/01 05:19:34.102, 30 %, 1200 MHz, 27.99 W, 85, 59 MiB
2026/10/01 05:19:35.110, 92 %, 300 MHz, 8.96 W, 81, 57 MiB
2026/10/01 05:19:36.118, 32 %, 300 MHz, 7.50 W, 80, 55 MiB
2026/10/01 05:19:37.125, 47 %, 300 MHz, 8.70 W, 79, 59 MiB
2026/10/01 05:19:38.130, 97 %, 1185 MHz, 26.80 W, 86, 57 MiB
2026/10/01 05:19:39.137, 29 %, 1350 MHz, 16.60 W, 83, 55 MiB
2026/10/01 05:19:40.144, 34 %, 1170 MHz, 28.09 W, 87, 59 MiB
2026/10/01 05:19:41.151, 97 %, 300 MHz, 8.99 W, 82, 57 MiB
2026/10/01 05:19:42.156, 82 %, 300 MHz, 7.64 W, 80, 55 MiB
2026/10/01 05:19:43.162, 0 %, 300 MHz, 7.48 W, 79, 55 MiB
2026/10/01 05:19:44.168, 51 %, 1185 MHz, 28.49 W, 87, 59 MiB
2026/10/01 05:19:45.172, 38 %, 1185 MHz, 22.27 W, 86, 59 MiB
2026/10/01 05:19:46.176, 87 %, 540 MHz, 19.78 W, 86, 57 MiB
2026/10/01 05:19:47.180, 44 %, 300 MHz, 7.77 W, 81, 55 MiB
2026/10/01 05:19:48.186, 52 %, 300 MHz, 8.81 W, 80, 59 MiB
2026/10/01 05:19:49.208, 99 %, 1350 MHz, 17.36 W, 81, 59 MiB
2026/10/01 05:19:50.213, 83 %, 1350 MHz, 16.89 W, 84, 55 MiB
2026/10/01 05:19:51.218, 0 %, 1350 MHz, 16.62 W, 83, 55 MiB
2026/10/01 05:19:52.223, 31 %, 300 MHz, 9.28 W, 83, 59 MiB
2026/10/01 05:19:53.228, 98 %, 300 MHz, 8.84 W, 81, 59 MiB
2026/10/01 05:19:54.233, 99 %, 300 MHz, 8.78 W, 80, 59 MiB
2026/10/01 05:19:55.238, 99 %, 1215 MHz, 27.82 W, 84, 57 MiB
2026/10/01 05:19:56.255, 30 %, 1320 MHz, 16.32 W, 83, 55 MiB
2026/10/01 05:19:57.261, 0 %, 1320 MHz, 16.31 W, 83, 55 MiB
2026/10/01 05:19:58.267, 0 %, 360 MHz, 9.96 W, 80, 59 MiB
2026/10/01 05:19:59.272, 92 %, 1350 MHz, 25.20 W, 86, 55 MiB
2026/10/01 05:20:00.276, 19 %, 1170 MHz, 28.06 W, 87, 59 MiB
2026/10/01 05:20:01.281, 96 %, 300 MHz, 9.26 W, 83, 57 MiB
2026/10/01 05:20:02.287, 99 %, 300 MHz, 8.87 W, 81, 55 MiB
2026/10/01 05:20:03.294, 19 %, 300 MHz, 7.54 W, 80, 55 MiB
2026/10/01 05:20:04.299, 10 %, 1200 MHz, 28.14 W, 85, 59 MiB
2026/10/01 05:20:05.303, 79 %, 1350 MHz, 16.95 W, 85, 55 MiB
2026/10/01 05:20:06.308, 45 %, 510 MHz, 28.00 W, 87, 59 MiB
2026/10/01 05:20:07.317, 59 %, 300 MHz, 7.95 W, 82, 55 MiB
2026/10/01 05:20:08.325, 55 %, 300 MHz, 8.87 W, 81, 59 MiB
2026/10/01 05:20:09.329, 99 %, 300 MHz, 8.79 W, 80, 59 MiB
2026/10/01 05:20:10.335, 97 %, 1200 MHz, 28.35 W, 87, 57 MiB
2026/10/01 05:20:11.339, 21 %, 1350 MHz, 16.67 W, 84, 55 MiB
2026/10/01 05:20:12.343, 0 %, 405 MHz, 8.63 W, 82, 55 MiB
2026/10/01 05:20:13.347, 65 %, 1185 MHz, 27.93 W, 87, 59 MiB
2026/10/01 05:20:14.353, 43 %, 1350 MHz, 16.84 W, 84, 55 MiB
2026/10/01 05:20:15.361, 68 %, 1110 MHz, 24.55 W, 87, 57 MiB
2026/10/01 05:20:16.365, 70 %, 300 MHz, 7.88 W, 82, 55 MiB
2026/10/01 05:20:17.370, 19 %, 300 MHz, 8.85 W, 81, 59 MiB
2026/10/01 05:20:18.374, 100 %, 300 MHz, 8.81 W, 80, 59 MiB
2026/10/01 05:20:19.379, 95 %, 1350 MHz, 17.97 W, 85, 55 MiB
2026/10/01 05:20:20.383, 4 %, 1350 MHz, 16.73 W, 84, 55 MiB
2026/10/01 05:20:21.386, 27 %, 1140 MHz, 24.57 W, 87, 59 MiB
2026/10/01 05:20:22.399, 97 %, 300 MHz, 8.98 W, 82, 59 MiB
2026/10/01 05:20:23.402, 99 %, 300 MHz, 8.78 W, 81, 57 MiB
2026/10/01 05:20:24.405, 99 %, 1290 MHz, 24.74 W, 83, 55 MiB
2026/10/01 05:20:25.409, 18 %, 1350 MHz, 16.45 W, 83, 55 MiB
2026/10/01 05:20:26.412, 0 %, 405 MHz, 8.62 W, 82, 55 MiB
2026/10/01 05:20:27.415, 19 %, 1215 MHz, 29.29 W, 84, 59 MiB
2026/10/01 05:20:28.418, 86 %, 1350 MHz, 17.04 W, 85, 55 MiB
2026/10/01 05:20:29.423, 25 %, 1170 MHz, 27.58 W, 88, 59 MiB
2026/10/01 05:20:30.429, 90 %, 300 MHz, 8.22 W, 84, 55 MiB
2026/10/01 05:20:31.433, 0 %, 300 MHz, 3.69 W, 80, 0 MiB
2026/10/01 05:20:32.438, 0 %, 300 MHz, 3.58 W, 79, 0 MiB
2026/10/01 05:20:33.444, 2 %, 1245 MHz, 26.19 W, 82, 59 MiB
2026/10/01 05:20:34.448, 88 %, 1350 MHz, 17.08 W, 85, 55 MiB
2026/10/01 05:20:35.455, 28 %, 1200 MHz, 27.99 W, 87, 59 MiB
2026/10/01 05:20:36.462, 95 %, 300 MHz, 9.15 W, 83, 57 MiB
2026/10/01 05:20:37.468, 58 %, 300 MHz, 7.59 W, 80, 55 MiB
2026/10/01 05:20:38.473, 1 %, 300 MHz, 8.69 W, 80, 59 MiB
2026/10/01 05:20:39.478, 98 %, 1200 MHz, 27.84 W, 85, 59 MiB
2026/10/01 05:20:40.482, 50 %, 1350 MHz, 16.68 W, 84, 55 MiB
2026/10/01 05:20:41.486, 30 %, 1185 MHz, 28.00 W, 87, 59 MiB
2026/10/01 05:20:42.492, 80 %, 300 MHz, 7.97 W, 82, 55 MiB
2026/10/01 05:20:43.496, 28 %, 300 MHz, 8.83 W, 81, 59 MiB
2026/10/01 05:20:44.500, 100 %, 300 MHz, 8.74 W, 80, 59 MiB
2026/10/01 05:20:45.504, 97 %, 1215 MHz, 28.21 W, 86, 57 MiB
2026/10/01 05:20:46.510, 20 %, 1350 MHz, 16.61 W, 83, 55 MiB
2026/10/01 05:20:47.513, 0 %, 405 MHz, 9.96 W, 83, 59 MiB
2026/10/01 05:20:48.516, 89 %, 300 MHz, 8.85 W, 81, 59 MiB
2026/10/01 05:20:49.520, 99 %, 300 MHz, 8.75 W, 80, 59 MiB
2026/10/01 05:20:50.523, 99 %, 300 MHz, 8.70 W, 80, 59 MiB
2026/10/01 05:20:51.527, 64 %, 1350 MHz, 16.47 W, 83, 55 MiB
2026/10/01 05:20:52.530, 0 %, 1350 MHz, 16.40 W, 82, 55 MiB
2026/10/01 05:20:53.534, 0 %, 360 MHz, 7.56 W, 80, 55 MiB
2026/10/01 05:20:54.537, 62 %, 1200 MHz, 27.85 W, 85, 59 MiB
2026/10/01 05:20:55.540, 46 %, 1350 MHz, 16.60 W, 84, 55 MiB
2026/10/01 05:20:56.544, 65 %, 495 MHz, 15.17 W, 87, 57 MiB
2026/10/01 05:20:57.552, 97 %, 300 MHz, 8.89 W, 81, 57 MiB
2026/10/01 05:20:58.556, 34 %, 300 MHz, 7.50 W, 80, 55 MiB
2026/10/01 05:20:59.560, 15 %, 1245 MHz, 29.59 W, 79, 59 MiB
2026/10/01 05:21:00.578, 94 %, 1350 MHz, 16.99 W, 86, 55 MiB
2026/10/01 05:21:01.654, 22 %, 1200 MHz, 27.88 W, 86, 59 MiB
2026/10/01 05:21:02.660, 75 %, 300 MHz, 8.14 W, 85, 55 MiB
2026/10/01 05:21:03.664, 43 %, 300 MHz, 8.81 W, 81, 59 MiB
2026/10/01 05:21:04.668, 99 %, 300 MHz, 8.73 W, 80, 59 MiB
2026/10/01 05:21:05.672, 98 %, 1215 MHz, 28.03 W, 82, 59 MiB
2026/10/01 05:21:06.676, 52 %, 1350 MHz, 16.58 W, 83, 55 MiB
2026/10/01 05:21:07.679, 0 %, 1350 MHz, 16.46 W, 83, 55 MiB
2026/10/01 05:21:08.683, 20 %, 1200 MHz, 28.58 W, 81, 59 MiB
2026/10/01 05:21:09.687, 86 %, 1350 MHz, 16.95 W, 86, 55 MiB
2026/10/01 05:21:10.689, 24 %, 1170 MHz, 27.94 W, 86, 59 MiB
2026/10/01 05:21:11.692, 96 %, 300 MHz, 9.12 W, 83, 57 MiB
2026/10/01 05:21:12.698, 55 %, 300 MHz, 7.53 W, 81, 55 MiB
2026/10/01 05:21:13.703, 10 %, 300 MHz, 8.72 W, 80, 59 MiB
2026/10/01 05:21:14.708, 97 %, 1200 MHz, 27.90 W, 84, 59 MiB
2026/10/01 05:21:15.712, 46 %, 1350 MHz, 16.66 W, 84, 55 MiB
2026/10/01 05:21:16.717, 29 %, 1185 MHz, 27.94 W, 86, 59 MiB
2026/10/01 05:21:17.721, 95 %, 300 MHz, 8.97 W, 83, 57 MiB
2026/10/01 05:21:18.729, 77 %, 300 MHz, 7.55 W, 81, 55 MiB
2026/10/01 05:21:19.734, 0 %, 300 MHz, 7.41 W, 79, 55 MiB
2026/10/01 05:21:20.738, 61 %, 1200 MHz, 27.78 W, 84, 59 MiB
2026/10/01 05:21:21.746, 51 %, 1350 MHz, 16.63 W, 84, 55 MiB
2026/10/01 05:21:22.750, 53 %, 1170 MHz, 28.00 W, 87, 57 MiB
2026/10/01 05:21:23.753, 64 %, 300 MHz, 7.79 W, 82, 55 MiB
2026/10/01 05:21:24.757, 40 %, 300 MHz, 8.76 W, 80, 59 MiB
2026/10/01 05:21:25.761, 100 %, 300 MHz, 8.70 W, 80, 59 MiB
2026/10/01 05:21:26.764, 95 %, 1350 MHz, 16.97 W, 86, 55 MiB
2026/10/01 05:21:27.768, 2 %, 1350 MHz, 16.52 W, 83, 55 MiB
2026/10/01 05:21:28.772, 0 %, 360 MHz, 3.76 W, 83, 0 MiB
2026/10/01 05:21:29.777, 0 %, 300 MHz, 3.47 W, 78, 0 MiB
2026/10/01 05:21:30.782, 3 %, 1245 MHz, 28.33 W, 77, 59 MiB
2026/10/01 05:21:31.787, 86 %, 1350 MHz, 16.77 W, 86, 55 MiB
2026/10/01 05:21:32.794, 31 %, 1200 MHz, 27.48 W, 87, 59 MiB
2026/10/01 05:21:33.888, 58 %, 1350 MHz, 16.72 W, 84, 55 MiB
2026/10/01 05:21:34.893, 63 %, 300 MHz, 9.35 W, 83, 59 MiB
2026/10/01 05:21:35.901, 98 %, 300 MHz, 8.85 W, 81, 57 MiB
2026/10/01 05:21:36.909, 99 %, 300 MHz, 8.75 W, 80, 55 MiB
2026/10/01 05:21:37.915, 26 %, 1350 MHz, 16.06 W, 81, 55 MiB
2026/10/01 05:21:38.920, 0 %, 360 MHz, 7.65 W, 80, 55 MiB
2026/10/01 05:21:39.926, 54 %, 1290 MHz, 28.14 W, 86, 57 MiB
2026/10/01 05:21:40.931, 49 %, 1350 MHz, 16.57 W, 84, 59 MiB
2026/10/01 05:21:41.936, 67 %, 600 MHz, 16.21 W, 85, 57 MiB
2026/10/01 05:21:42.945, 50 %, 1350 MHz, 16.63 W, 83, 55 MiB
2026/10/01 05:21:43.950, 55 %, 300 MHz, 9.04 W, 82, 59 MiB
2026/10/01 05:21:44.956, 99 %, 300 MHz, 8.78 W, 80, 59 MiB
2026/10/01 05:21:45.962, 99 %, 300 MHz, 8.72 W, 80, 59 MiB
2026/10/01 05:21:46.967, 88 %, 1350 MHz, 16.37 W, 82, 55 MiB
2026/10/01 05:21:47.973, 0 %, 1350 MHz, 16.36 W, 82, 55 MiB
2026/10/01 05:21:48.978, 0 %, 360 MHz, 7.54 W, 79, 55 MiB
2026/10/01 05:21:49.993, 44 %, 1200 MHz, 27.77 W, 85, 59 MiB
2026/10/01 05:21:51.005, 64 %, 1350 MHz, 16.58 W, 83, 55 MiB
2026/10/01 05:21:52.009, 43 %, 1200 MHz, 28.06 W, 87, 57 MiB
2026/10/01 05:21:53.021, 48 %, 300 MHz, 7.77 W, 81, 59 MiB
2026/10/01 05:21:54.025, 75 %, 300 MHz, 8.79 W, 80, 59 MiB
2026/10/01 05:21:55.030, 99 %, 300 MHz, 8.68 W, 80, 59 MiB
2026/10/01 05:21:56.035, 96 %, 1350 MHz, 16.86 W, 84, 55 MiB
2026/10/01 05:21:57.040, 10 %, 1350 MHz, 16.48 W, 83, 55 MiB
2026/10/01 05:21:58.045, 0 %, 360 MHz, 10.05 W, 80, 59 MiB
2026/10/01 05:21:59.061, 72 %, 1245 MHz, 27.79 W, 86, 55 MiB
2026/10/01 05:22:00.065, 30 %, 1215 MHz, 28.51 W, 86, 59 MiB
2026/10/01 05:22:01.069, 83 %, 300 MHz, 11.97 W, 84, 55 MiB
2026/10/01 05:22:02.074, 21 %, 300 MHz, 8.83 W, 81, 59 MiB
2026/10/01 05:22:03.079, 97 %, 300 MHz, 8.76 W, 80, 59 MiB
2026/10/01 05:22:04.084, 99 %, 1230 MHz, 29.94 W, 83, 59 MiB
2026/10/01 05:22:05.089, 80 %, 1350 MHz, 16.68 W, 83, 55 MiB
2026/10/01 05:22:06.124, 0 %, 1350 MHz, 16.47 W, 83, 55 MiB
2026/10/01 05:22:07.128, 8 %, 1215 MHz, 15.95 W, 83, 59 MiB
2026/10/01 05:22:08.132, 95 %, 1350 MHz, 16.99 W, 84, 55 MiB
2026/10/01 05:22:09.137, 15 %, 1185 MHz, 27.98 W, 87, 59 MiB
2026/10/01 05:22:10.142, 91 %, 300 MHz, 8.09 W, 82, 55 MiB
2026/10/01 05:22:11.150, 25 %, 300 MHz, 8.81 W, 81, 59 MiB
2026/10/01 05:22:12.157, 99 %, 300 MHz, 8.70 W, 80, 59 MiB
2026/10/01 05:22:13.162, 98 %, 1215 MHz, 27.96 W, 85, 59 MiB
2026/10/01 05:22:14.166, 55 %, 1350 MHz, 16.54 W, 83, 55 MiB
2026/10/01 05:22:15.171, 0 %, 1350 MHz, 16.45 W, 82, 55 MiB
2026/10/01 05:22:16.177, 26 %, 1200 MHz, 28.33 W, 85, 59 MiB
2026/10/01 05:22:17.182, 81 %, 1350 MHz, 16.80 W, 84, 55 MiB
2026/10/01 05:22:18.188, 30 %, 1170 MHz, 27.99 W, 87, 59 MiB
2026/10/01 05:22:19.192, 91 %, 300 MHz, 7.86 W, 82, 55 MiB
2026/10/01 05:22:20.201, 8 %, 300 MHz, 8.75 W, 80, 59 MiB
2026/10/01 05:22:21.206, 99 %, 300 MHz, 8.71 W, 80, 59 MiB
2026/10/01 05:22:22.210, 97 %, 1200 MHz, 27.80 W, 86, 57 MiB
2026/10/01 05:22:23.215, 35 %, 1350 MHz, 16.52 W, 83, 55 MiB
2026/10/01 05:22:24.222, 0 %, 405 MHz, 3.76 W, 81, 0 MiB
2026/10/01 05:22:25.228, 0 %, 360 MHz, 3.48 W, 78, 0 MiB
2026/10/01 05:22:26.235, 0 %, 1245 MHz, 28.44 W, 82, 59 MiB
2026/10/01 05:22:27.240, 74 %, 1350 MHz, 16.87 W, 84, 55 MiB
2026/10/01 05:22:28.246, 28 %, 1200 MHz, 27.93 W, 87, 59 MiB
2026/10/01 05:22:29.251, 77 %, 1350 MHz, 16.78 W, 84, 55 MiB
2026/10/01 05:22:30.256, 46 %, 900 MHz, 20.11 W, 86, 57 MiB
2026/10/01 05:22:31.264, 57 %, 1350 MHz, 16.72 W, 84, 55 MiB
2026/10/01 05:22:32.271, 55 %, 1035 MHz, 23.97 W, 87, 57 MiB
2026/10/01 05:22:33.276, 49 %, 1350 MHz, 20.50 W, 85, 59 MiB
2026/10/01 05:22:34.280, 64 %, 1035 MHz, 24.11 W, 87, 57 MiB
2026/10/01 05:22:35.285, 44 %, 1170 MHz, 16.82 W, 85, 59 MiB
2026/10/01 05:22:36.289, 67 %, 300 MHz, 9.37 W, 84, 59 MiB
2026/10/01 05:22:37.295, 97 %, 300 MHz, 8.90 W, 81, 57 MiB
2026/10/01 05:22:38.301, 99 %, 300 MHz, 7.55 W, 80, 55 MiB
2026/10/01 05:22:39.307, 1 %, 1350 MHz, 16.02 W, 81, 55 MiB
2026/10/01 05:22:40.313, 0 %, 1230 MHz, 29.14 W, 83, 59 MiB
2026/10/01 05:22:41.325, 92 %, 1350 MHz, 16.94 W, 84, 55 MiB
2026/10/01 05:22:42.329, 18 %, 300 MHz, 9.03 W, 82, 59 MiB
2026/10/01 05:22:43.334, 98 %, 300 MHz, 8.77 W, 80, 59 MiB
2026/10/01 05:22:44.339, 99 %, 300 MHz, 8.71 W, 80, 59 MiB
2026/10/01 05:22:45.344, 98 %, 1215 MHz, 28.12 W, 85, 57 MiB
2026/10/01 05:22:46.348, 39 %, 1350 MHz, 16.37 W, 82, 55 MiB
2026/10/01 05:22:47.352, 0 %, 405 MHz, 7.83 W, 81, 55 MiB
2026/10/01 05:22:48.356, 0 %, 1230 MHz, 28.50 W, 83, 59 MiB
2026/10/01 05:22:49.361, 93 %, 1350 MHz, 16.85 W, 84, 55 MiB
2026/10/01 05:22:50.365, 19 %, 1200 MHz, 28.07 W, 86, 59 MiB
2026/10/01 05:22:51.369, 95 %, 300 MHz, 7.90 W, 81, 55 MiB
2026/10/01 05:22:52.376, 25 %, 300 MHz, 8.73 W, 80, 59 MiB
2026/10/01 05:22:53.382, 74 %, 300 MHz, 8.69 W, 79, 59 MiB
2026/10/01 05:22:54.392, 97 %, 1200 MHz, 28.10 W, 85, 57 MiB
2026/10/01 05:22:55.398, 44 %, 1350 MHz, 16.49 W, 83, 55 MiB
2026/10/01 05:22:56.405, 0 %, 1200 MHz, 28.18 W, 85, 59 MiB
2026/10/01 05:22:57.409, 84 %, 300 MHz, 8.88 W, 81, 59 MiB
2026/10/01 05:22:58.414, 99 %, 300 MHz, 8.74 W, 80, 59 MiB
2026/10/01 05:22:59.418, 98 %, 300 MHz, 8.67 W, 79, 57 MiB
2026/10/01 05:23:00.423, 59 %, 1350 MHz, 16.18 W, 81, 55 MiB
2026/10/01 05:23:01.428, 0 %, 1350 MHz, 16.23 W, 81, 55 MiB
2026/10/01 05:23:02.434, 0 %, 360 MHz, 10.24 W, 79, 59 MiB
2026/10/01 05:23:03.439, 74 %, 1350 MHz, 21.48 W, 85, 55 MiB
2026/10/01 05:23:04.445, 29 %, 1200 MHz, 28.18 W, 85, 59 MiB
2026/10/01 05:23:05.450, 84 %, 1350 MHz, 16.89 W, 84, 55 MiB
2026/10/01 05:23:06.466, 30 %, 300 MHz, 8.77 W, 80, 59 MiB
2026/10/01 05:23:07.472, 99 %, 300 MHz, 8.69 W, 80, 59 MiB
2026/10/01 05:23:08.476, 99 %, 1245 MHz, 29.41 W, 81, 59 MiB
2026/10/01 05:23:09.502, 86 %, 1350 MHz, 16.43 W, 82, 55 MiB
2026/10/01 05:23:10.511, 0 %, 1350 MHz, 16.30 W, 82, 55 MiB
2026/10/01 05:23:11.515, 0 %, 360 MHz, 10.27 W, 80, 59 MiB
2026/10/01 05:23:12.518, 74 %, 1350 MHz, 20.60 W, 86, 55 MiB
2026/10/01 05:23:13.522, 29 %, 1200 MHz, 27.91 W, 85, 59 MiB
2026/10/01 05:23:14.526, 84 %, 300 MHz, 8.07 W, 83, 55 MiB
2026/10/01 05:23:15.529, 30 %, 300 MHz, 8.78 W, 80, 59 MiB
2026/10/01 05:23:16.533, 99 %, 300 MHz, 8.69 W, 79, 59 MiB
2026/10/01 05:23:17.538, 99 %, 1215 MHz, 28.08 W, 83, 59 MiB
2026/10/01 05:23:18.542, 63 %, 1350 MHz, 16.43 W, 83, 55 MiB
2026/10/01 05:23:19.545, 0 %, 1350 MHz, 16.36 W, 82, 55 MiB
2026/10/01 05:23:20.550, 0 %, 360 MHz, 3.62 W, 78, 0 MiB
2026/10/01 05:23:21.555, 0 %, 300 MHz, 3.56 W, 77, 0 MiB
2026/10/01 05:23:22.560, 18 %, 1245 MHz, 27.74 W, 84, 59 MiB
2026/10/01 05:23:23.564, 71 %, 1350 MHz, 17.65 W, 83, 55 MiB
2026/10/01 05:23:24.568, 54 %, 1020 MHz, 25.61 W, 86, 57 MiB
2026/10/01 05:23:25.571, 38 %, 915 MHz, 32.56 W, 87, 59 MiB
2026/10/01 05:23:26.577, 86 %, 1350 MHz, 16.91 W, 85, 55 MiB
2026/10/01 05:23:27.580, 22 %, 1170 MHz, 27.99 W, 87, 59 MiB
2026/10/01 05:23:28.583, 94 %, 1350 MHz, 16.82 W, 85, 55 MiB
2026/10/01 05:23:29.588, 22 %, 525 MHz, 19.64 W, 87, 59 MiB
2026/10/01 05:23:30.595, 85 %, 1350 MHz, 16.83 W, 85, 55 MiB
2026/10/01 05:23:31.701, 31 %, 525 MHz, 26.15 W, 88, 59 MiB
2026/10/01 05:23:32.801, 97 %, 300 MHz, 9.02 W, 82, 57 MiB
2026/10/01 05:23:33.804, 99 %, 300 MHz, 7.62 W, 81, 55 MiB
2026/10/01 05:23:34.808, 19 %, 300 MHz, 4.39 W, 78, 55 MiB
2026/10/01 05:23:35.811, 0 %, 300 MHz, 7.47 W, 78, 59 MiB
2026/10/01 05:23:36.814, 79 %, 1350 MHz, 27.84 W, 86, 55 MiB
2026/10/01 05:23:37.824, 32 %, 1200 MHz, 27.78 W, 83, 59 MiB
2026/10/01 05:23:38.826, 79 %, 300 MHz, 8.86 W, 81, 59 MiB
2026/10/01 05:23:39.830, 99 %, 300 MHz, 8.73 W, 80, 59 MiB
2026/10/01 05:23:40.833, 99 %, 1350 MHz, 16.51 W, 80, 59 MiB
2026/10/01 05:23:41.843, 64 %, 1350 MHz, 16.39 W, 82, 55 MiB
2026/10/01 05:23:42.846, 0 %, 1350 MHz, 16.37 W, 82, 55 MiB
2026/10/01 05:23:43.851, 0 %, 360 MHz, 9.99 W, 78, 59 MiB
2026/10/01 05:23:44.855, 70 %, 1350 MHz, 28.00 W, 86, 55 MiB
2026/10/01 05:23:45.858, 30 %, 1200 MHz, 28.14 W, 84, 59 MiB
2026/10/01 05:23:46.861, 88 %, 300 MHz, 6.04 W, 86, 55 MiB
2026/10/01 05:23:47.866, 19 %, 300 MHz, 8.79 W, 80, 59 MiB
2026/10/01 05:23:48.870, 100 %, 300 MHz, 8.74 W, 80, 59 MiB
2026/10/01 05:23:49.873, 99 %, 1230 MHz, 28.02 W, 81, 59 MiB
2026/10/01 05:23:50.878, 71 %, 1350 MHz, 16.58 W, 84, 55 MiB
2026/10/01 05:23:51.883, 0 %, 1350 MHz, 16.49 W, 83, 55 MiB
2026/10/01 05:23:52.888, 16 %, 1200 MHz, 27.77 W, 83, 59 MiB
2026/10/01 05:23:53.891, 88 %, 1350 MHz, 16.85 W, 85, 55 MiB
2026/10/01 05:23:54.898, 26 %, 525 MHz, 19.77 W, 87, 59 MiB
2026/10/01 05:23:55.901, 80 %, 300 MHz, 4.55 W, 83, 55 MiB
2026/10/01 05:23:56.905, 35 %, 300 MHz, 8.82 W, 81, 59 MiB
2026/10/01 05:23:57.919, 100 %, 300 MHz, 8.76 W, 80, 59 MiB
2026/10/01 05:23:58.946, 98 %, 1200 MHz, 27.85 W, 84, 57 MiB
2026/10/01 05:23:59.952, 46 %, 1350 MHz, 16.59 W, 83, 55 MiB
2026/10/01 05:24:00.957, 0 %, 405 MHz, 11.87 W, 83, 55 MiB
2026/10/01 05:24:01.963, 35 %, 1200 MHz, 28.22 W, 84, 59 MiB
2026/10/01 05:24:02.968, 69 %, 1350 MHz, 16.81 W, 85, 55 MiB
2026/10/01 05:24:03.974, 45 %, 1020 MHz, 20.77 W, 88, 59 MiB
2026/10/01 05:24:04.981, 62 %, 300 MHz, 4.52 W, 82, 55 MiB
2026/10/01 05:24:05.985, 53 %, 300 MHz, 8.81 W, 81, 59 MiB
2026/10/01 05:24:06.988, 99 %, 300 MHz, 8.75 W, 80, 59 MiB
2026/10/01 05:24:07.993, 97 %, 1350 MHz, 16.86 W, 84, 55 MiB
2026/10/01 05:24:08.997, 22 %, 1350 MHz, 16.56 W, 83, 55 MiB
2026/10/01 05:24:10.002, 0 %, 1215 MHz, 27.57 W, 85, 59 MiB
2026/10/01 05:24:11.006, 70 %, 1275 MHz, 16.61 W, 85, 55 MiB
2026/10/01 05:24:12.010, 32 %, 1275 MHz, 16.17 W, 84, 0 MiB
2026/10/01 05:24:13.013, 0 %, 360 MHz, 4.64 W, 81, 0 MiB
2026/10/01 05:24:14.024, 16 %, 300 MHz, 32.88 W, 88, 57 MiB
2026/10/01 05:24:15.042, 96 %, 1350 MHz, 18.05 W, 85, 55 MiB
2026/10/01 05:24:16.061, 25 %, 1350 MHz, 33.87 W, 89, 59 MiB
2026/10/01 05:24:17.080, 68 %, 1005 MHz, 25.46 W, 87, 57 MiB
2026/10/01 05:24:18.104, 75 %, 1350 MHz, 18.20 W, 85, 55 MiB
2026/10/01 05:24:19.110, 11 %, 960 MHz, 19.93 W, 86, 59 MiB
2026/10/01 05:24:20.114, 97 %, 1350 MHz, 17.12 W, 86, 55 MiB
2026/10/01 05:24:21.118, 43 %, 1350 MHz, 16.88 W, 85, 59 MiB
2026/10/01 05:24:22.128, 37 %, 300 MHz, 9.21 W, 83, 59 MiB
2026/10/01 05:24:23.139, 98 %, 300 MHz, 8.94 W, 82, 59 MiB
2026/10/01 05:24:24.144, 99 %, 300 MHz, 8.85 W, 81, 59 MiB
2026/10/01 05:24:25.150, 99 %, 1350 MHz, 16.55 W, 83, 55 MiB
2026/10/01 05:24:26.155, 18 %, 1350 MHz, 16.59 W, 83, 55 MiB
2026/10/01 05:24:27.160, 0 %, 360 MHz, 3.62 W, 79, 55 MiB
2026/10/01 05:24:28.167, 8 %, 1200 MHz, 28.25 W, 85, 59 MiB
2026/10/01 05:24:29.172, 96 %, 1350 MHz, 16.77 W, 84, 55 MiB
2026/10/01 05:24:30.176, 13 %, 480 MHz, 19.56 W, 86, 59 MiB
2026/10/01 05:24:31.188, 96 %, 300 MHz, 9.01 W, 82, 57 MiB
2026/10/01 05:24:32.195, 99 %, 300 MHz, 3.58 W, 79, 55 MiB
2026/10/01 05:24:33.202, 3 %, 300 MHz, 3.50 W, 78, 59 MiB
2026/10/01 05:24:34.214, 37 %, 1200 MHz, 27.52 W, 87, 57 MiB
2026/10/01 05:24:35.219, 66 %, 1185 MHz, 27.46 W, 86, 59 MiB
2026/10/01 05:24:36.286, 48 %, 1350 MHz, 16.25 W, 85, 55 MiB
2026/10/01 05:24:37.391, 46 %, 300 MHz, 8.86 W, 81, 59 MiB
2026/10/01 05:24:38.431, 81 %, 300 MHz, 8.76 W, 80, 59 MiB
2026/10/01 05:24:39.436, 99 %, 1350 MHz, 17.61 W, 81, 59 MiB
2026/10/01 05:24:40.441, 97 %, 1350 MHz, 16.71 W, 83, 55 MiB
2026/10/01 05:24:41.446, 21 %, 1350 MHz, 16.46 W, 83, 55 MiB
2026/10/01 05:24:42.451, 0 %, 360 MHz, 6.38 W, 80, 59 MiB
2026/10/01 05:24:43.455, 43 %, 1200 MHz, 27.80 W, 87, 57 MiB
2026/10/01 05:24:44.460, 66 %, 1185 MHz, 23.32 W, 85, 59 MiB
2026/10/01 05:24:45.464, 45 %, 300 MHz, 9.35 W, 84, 57 MiB
2026/10/01 05:24:46.469, 97 %, 300 MHz, 8.83 W, 81, 57 MiB
2026/10/01 05:24:47.474, 80 %, 300 MHz, 3.55 W, 78, 55 MiB
2026/10/01 05:24:48.482, 0 %, 1230 MHz, 28.61 W, 82, 59 MiB
2026/10/01 05:24:49.486, 43 %, 1350 MHz, 16.87 W, 84, 55 MiB
2026/10/01 05:24:50.491, 46 %, 1185 MHz, 28.16 W, 87, 59 MiB
2026/10/01 05:24:51.498, 81 %, 300 MHz, 3.79 W, 80, 55 MiB
2026/10/01 05:24:52.502, 27 %, 300 MHz, 8.74 W, 80, 59 MiB
2026/10/01 05:24:53.506, 99 %, 300 MHz, 8.69 W, 79, 59 MiB
2026/10/01 05:24:54.510, 99 %, 1200 MHz, 27.98 W, 86, 57 MiB
2026/10/01 05:24:55.517, 76 %, 1350 MHz, 16.46 W, 83, 55 MiB
2026/10/01 05:24:56.520, 0 %, 405 MHz, 3.91 W, 81, 55 MiB
2026/10/01 05:24:57.526, 0 %, 1200 MHz, 27.95 W, 85, 59 MiB
2026/10/01 05:24:58.529, 90 %, 1350 MHz, 16.65 W, 83, 55 MiB
2026/10/01 05:24:59.532, 18 %, 420 MHz, 27.79 W, 87, 57 MiB
2026/10/01 05:25:00.536, 92 %, 300 MHz, 6.51 W, 80, 59 MiB
2026/10/01 05:25:01.539, 27 %, 300 MHz, 8.72 W, 80, 59 MiB
2026/10/01 05:25:02.543, 100 %, 300 MHz, 8.68 W, 79, 59 MiB
2026/10/01 05:25:03.547, 98 %, 1350 MHz, 16.77 W, 84, 55 MiB
2026/10/01 05:25:04.551, 53 %, 1350 MHz, 16.45 W, 82, 55 MiB
2026/10/01 05:25:05.555, 0 %, 360 MHz, 9.35 W, 80, 59 MiB
2026/10/01 05:25:06.575, 27 %, 1200 MHz, 27.86 W, 86, 55 MiB
2026/10/01 05:25:07.578, 81 %, 1350 MHz, 16.59 W, 83, 0 MiB
2026/10/01 05:25:08.581, 0 %, 405 MHz, 4.75 W, 82, 0 MiB
2026/10/01 05:25:09.624, 0 %, 1215 MHz, 28.32 W, 79, 59 MiB
2026/10/01 05:25:10.628, 33 %, 1350 MHz, 16.84 W, 85, 55 MiB
2026/10/01 05:25:11.634, 57 %, 1200 MHz, 27.83 W, 86, 59 MiB
2026/10/01 05:25:12.640, 63 %, 1350 MHz, 16.75 W, 85, 55 MiB
2026/10/01 05:25:13.645, 31 %, 945 MHz, 20.22 W, 87, 59 MiB
2026/10/01 05:25:14.652, 87 %, 300 MHz, 7.92 W, 84, 55 MiB
2026/10/01 05:25:15.657, 19 %, 300 MHz, 8.82 W, 81, 59 MiB
2026/10/01 05:25:16.664, 97 %, 300 MHz, 8.73 W, 80, 59 MiB
2026/10/01 05:25:17.669, 99 %, 1290 MHz, 28.18 W, 83, 57 MiB
2026/10/01 05:25:18.680, 96 %, 1350 MHz, 16.53 W, 83, 55 MiB
2026/10/01 05:25:19.687, 9 %, 405 MHz, 11.75 W, 82, 55 MiB
2026/10/01 05:25:20.694, 0 %, 1215 MHz, 28.20 W, 80, 59 MiB
2026/10/01 05:25:21.701, 59 %, 1350 MHz, 16.83 W, 85, 55 MiB
2026/10/01 05:25:22.707, 48 %, 1185 MHz, 27.65 W, 86, 59 MiB
2026/10/01 05:25:23.715, 64 %, 300 MHz, 7.80 W, 83, 55 MiB
2026/10/01 05:25:24.742, 33 %, 300 MHz, 8.78 W, 80, 59 MiB
2026/10/01 05:25:25.749, 87 %, 300 MHz, 8.70 W, 80, 59 MiB
2026/10/01 05:25:26.786, 99 %, 1230 MHz, 27.60 W, 85, 55 MiB
2026/10/01 05:25:27.799, 84 %, 1350 MHz, 16.50 W, 83, 55 MiB
2026/10/01 05:25:28.805, 0 %, 360 MHz, 7.74 W, 82, 55 MiB
2026/10/01 05:25:29.812, 3 %, 1245 MHz, 27.65 W, 85, 57 MiB
2026/10/01 05:25:30.817, 95 %, 1350 MHz, 16.62 W, 84, 55 MiB
2026/10/01 05:25:31.823, 15 %, 1050 MHz, 22.96 W, 87, 57 MiB
2026/10/01 05:25:32.831, 96 %, 300 MHz, 8.08 W, 82, 59 MiB
2026/10/01 05:25:33.836, 17 %, 300 MHz, 8.76 W, 80, 59 MiB
2026/10/01 05:25:34.841, 100 %, 300 MHz, 8.69 W, 79, 59 MiB
2026/10/01 05:25:35.848, 98 %, 1350 MHz, 16.75 W, 86, 55 MiB
2026/10/01 05:25:36.853, 59 %, 1350 MHz, 16.44 W, 83, 55 MiB
2026/10/01 05:25:37.856, 0 %, 1350 MHz, 11.43 W, 81, 59 MiB
2026/10/01 05:25:38.906, 19 %, 1350 MHz, 24.65 W, 85, 55 MiB
2026/10/01 05:25:39.914, 82 %, 1200 MHz, 27.88 W, 86, 59 MiB
2026/10/01 05:25:40.984, 24 %, 300 MHz, 8.38 W, 84, 55 MiB
2026/10/01 05:25:42.073, 76 %, 300 MHz, 8.82 W, 81, 59 MiB
2026/10/01 05:25:43.077, 44 %, 300 MHz, 8.72 W, 80, 59 MiB
2026/10/01 05:25:44.082, 99 %, 1215 MHz, 28.15 W, 84, 59 MiB
2026/10/01 05:25:45.086, 97 %, 1350 MHz, 16.56 W, 83, 55 MiB
2026/10/01 05:25:46.090, 34 %, 1350 MHz, 16.44 W, 82, 55 MiB
2026/10/01 05:25:47.094, 0 %, 1200 MHz, 28.32 W, 85, 59 MiB
2026/10/01 05:25:48.098, 46 %, 1350 MHz, 16.88 W, 84, 55 MiB
2026/10/01 05:25:49.102, 52 %, 1185 MHz, 28.05 W, 87, 59 MiB
2026/10/01 05:25:50.111, 65 %, 300 MHz, 7.89 W, 82, 55 MiB
2026/10/01 05:25:51.115, 55 %, 300 MHz, 8.75 W, 80, 59 MiB
2026/10/01 05:25:52.120, 99 %, 300 MHz, 8.70 W, 80, 59 MiB
2026/10/01 05:25:53.124, 96 %, 1200 MHz, 27.78 W, 86, 55 MiB
2026/10/01 05:25:54.172, 11 %, 1350 MHz, 16.43 W, 82, 55 MiB
2026/10/01 05:25:55.179, 0 %, 405 MHz, 9.29 W, 81, 59 MiB
2026/10/01 05:25:56.217, 91 %, 1185 MHz, 27.86 W, 86, 55 MiB
2026/10/01 05:25:57.222, 18 %, 1200 MHz, 27.95 W, 86, 59 MiB
2026/10/01 05:25:58.228, 96 %, 1350 MHz, 18.12 W, 85, 55 MiB
2026/10/01 05:25:59.234, 2 %, 300 MHz, 3.74 W, 80, 0 MiB
2026/10/01 05:26:00.239, 0 %, 300 MHz, 3.58 W, 78, 0 MiB
2026/10/01 05:26:01.246, 25 %, 300 MHz, 8.39 W, 79, 59 MiB
2026/10/01 05:26:02.265, 94 %, 1350 MHz, 24.35 W, 84, 55 MiB
2026/10/01 05:26:03.269, 6 %, 1215 MHz, 24.55 W, 85, 59 MiB
2026/10/01 05:26:04.274, 91 %, 300 MHz, 8.24 W, 84, 55 MiB
2026/10/01 05:26:05.280, 28 %, 300 MHz, 8.80 W, 80, 59 MiB
2026/10/01 05:26:06.286, 100 %, 300 MHz, 8.68 W, 80, 59 MiB
2026/10/01 05:26:07.291, 99 %, 1215 MHz, 28.21 W, 83, 59 MiB
2026/10/01 05:26:08.296, 60 %, 1350 MHz, 16.50 W, 83, 55 MiB
2026/10/01 05:26:09.302, 0 %, 1350 MHz, 16.39 W, 82, 55 MiB
2026/10/01 05:26:10.307, 16 %, 1215 MHz, 28.05 W, 83, 59 MiB
2026/10/01 05:26:11.311, 88 %, 1350 MHz, 16.82 W, 84, 55 MiB
2026/10/01 05:26:12.315, 26 %, 1185 MHz, 28.26 W, 87, 59 MiB
2026/10/01 05:26:13.319, 72 %, 300 MHz, 7.87 W, 82, 55 MiB
2026/10/01 05:26:14.326, 49 %, 300 MHz, 8.74 W, 80, 59 MiB
2026/10/01 05:26:15.332, 99 %, 300 MHz, 8.67 W, 80, 59 MiB
2026/10/01 05:26:16.337, 98 %, 1305 MHz, 27.39 W, 85, 57 MiB
2026/10/01 05:26:17.345, 36 %, 1350 MHz, 16.43 W, 83, 55 MiB
2026/10/01 05:26:18.350, 0 %, 1350 MHz, 16.37 W, 82, 55 MiB
2026/10/01 05:26:19.354, 43 %, 1200 MHz, 28.19 W, 85, 59 MiB
2026/10/01 05:26:20.358, 66 %, 1350 MHz, 16.67 W, 83, 55 MiB
2026/10/01 05:26:21.363, 45 %, 1185 MHz, 28.04 W, 87, 59 MiB
2026/10/01 05:26:22.368, 76 %, 300 MHz, 7.75 W, 81, 55 MiB
2026/10/01 05:26:23.410, 25 %, 300 MHz, 8.73 W, 80, 59 MiB
2026/10/01 05:26:24.515, 100 %, 300 MHz, 8.65 W, 80, 59 MiB
2026/10/01 05:26:25.623, 96 %, 1335 MHz, 27.68 W, 85, 55 MiB
2026/10/01 05:26:26.734, 19 %, 1350 MHz, 16.41 W, 83, 55 MiB
2026/10/01 05:26:27.839, 0 %, 405 MHz, 10.99 W, 82, 59 MiB
2026/10/01 05:26:28.944, 90 %, 1350 MHz, 19.33 W, 85, 55 MiB
2026/10/01 05:26:30.046, 13 %, 1200 MHz, 27.95 W, 86, 59 MiB
2026/10/01 05:26:31.050, 96 %, 1350 MHz, 17.04 W, 85, 55 MiB
2026/10/01 05:26:32.054, 19 %, 300 MHz, 8.83 W, 81, 59 MiB
2026/10/01 05:26:33.060, 99 %, 300 MHz, 8.73 W, 80, 59 MiB
2026/10/01 05:26:34.064, 99 %, 1260 MHz, 14.28 W, 79, 59 MiB
2026/10/01 05:26:35.068, 82 %, 1350 MHz, 16.58 W, 83, 55 MiB
2026/10/01 05:26:36.071, 0 %, 1350 MHz, 16.40 W, 82, 55 MiB
2026/10/01 05:26:37.074, 0 %, 1215 MHz, 21.32 W, 80, 59 MiB
2026/10/01 05:26:38.077, 87 %, 1350 MHz, 17.00 W, 86, 55 MiB
2026/10/01 05:26:39.080, 17 %, 1185 MHz, 28.05 W, 86, 59 MiB
2026/10/01 05:26:40.087, 96 %, 300 MHz, 7.96 W, 84, 55 MiB
2026/10/01 05:26:41.093, 17 %, 300 MHz, 8.78 W, 81, 59 MiB
2026/10/01 05:26:42.097, 100 %, 300 MHz, 8.69 W, 80, 59 MiB
2026/10/01 05:26:43.101, 98 %, 1200 MHz, 27.86 W, 83, 57 MiB
2026/10/01 05:26:44.105, 59 %, 1350 MHz, 16.49 W, 83, 55 MiB
2026/10/01 05:26:45.109, 0 %, 405 MHz, 11.02 W, 83, 55 MiB
2026/10/01 05:26:46.115, 39 %, 1200 MHz, 27.62 W, 85, 57 MiB
2026/10/01 05:26:47.118, 68 %, 1215 MHz, 22.35 W, 85, 59 MiB
2026/10/01 05:26:48.122, 42 %, 720 MHz, 18.03 W, 85, 57 MiB
2026/10/01 05:26:49.135, 74 %, 300 MHz, 7.66 W, 80, 59 MiB
2026/10/01 05:26:50.142, 32 %, 300 MHz, 8.72 W, 80, 59 MiB
2026/10/01 05:26:51.146, 100 %, 1320 MHz, 25.42 W, 81, 59 MiB
2026/10/01 05:26:52.153, 97 %, 1350 MHz, 16.69 W, 83, 55 MiB
2026/10/01 05:26:53.159, 36 %, 1350 MHz, 16.43 W, 83, 55 MiB
2026/10/01 05:26:54.163, 0 %, 360 MHz, 3.87 W, 79, 0 MiB
2026/10/01 05:26:55.169, 0 %, 300 MHz, 3.44 W, 77, 0 MiB
2026/10/01 05:26:56.175, 0 %, 1215 MHz, 27.49 W, 85, 59 MiB
2026/10/01 05:26:57.182, 71 %, 1350 MHz, 16.52 W, 83, 55 MiB
2026/10/01 05:26:58.190, 28 %, 1350 MHz, 27.78 W, 86, 55 MiB
2026/10/01 05:26:59.195, 78 %, 1200 MHz, 27.89 W, 86, 59 MiB
2026/10/01 05:27:00.198, 44 %, 1350 MHz, 16.99 W, 84, 55 MiB
2026/10/01 05:27:01.203, 54 %, 1170 MHz, 27.65 W, 87, 59 MiB
2026/10/01 05:27:02.207, 61 %, 1350 MHz, 16.90 W, 84, 55 MiB
2026/10/01 05:27:03.213, 43 %, 300 MHz, 9.01 W, 82, 59 MiB
2026/10/01 05:27:04.219, 74 %, 300 MHz, 8.80 W, 80, 59 MiB
2026/10/01 05:27:05.224, 100 %, 300 MHz, 8.71 W, 80, 59 MiB
2026/10/01 05:27:06.231, 99 %, 1350 MHz, 16.70 W, 83, 55 MiB
2026/10/01 05:27:07.238, 69 %, 1350 MHz, 16.47 W, 82, 55 MiB
2026/10/01 05:27:08.245, 0 %, 360 MHz, 7.60 W, 80, 55 MiB
2026/10/01 05:27:09.252, 0 %, 1215 MHz, 28.10 W, 84, 59 MiB
2026/10/01 05:27:10.258, 65 %, 1350 MHz, 16.68 W, 83, 55 MiB
2026/10/01 05:27:11.276, 43 %, 1185 MHz, 27.93 W, 87, 59 MiB
2026/10/01 05:27:12.288, 68 %, 300 MHz, 8.89 W, 81, 57 MiB
2026/10/01 05:27:13.303, 96 %, 300 MHz, 7.50 W, 80, 55 MiB
2026/10/01 05:27:14.317, 23 %, 300 MHz, 8.64 W, 79, 59 MiB
2026/10/01 05:27:15.330, 32 %, 1350 MHz, 26.92 W, 85, 55 MiB
2026/10/01 05:27:16.341, 86 %, 1200 MHz, 27.28 W, 85, 59 MiB
2026/10/01 05:27:17.353, 17 %, 300 MHz, 11.95 W, 85, 55 MiB
2026/10/01 05:27:18.394, 72 %, 300 MHz, 8.81 W, 81, 59 MiB
2026/10/01 05:27:19.457, 51 %, 300 MHz, 8.72 W, 80, 59 MiB
2026/10/01 05:27:20.462, 99 %, 1245 MHz, 29.16 W, 82, 59 MiB
2026/10/01 05:27:21.466, 98 %, 1350 MHz, 16.60 W, 83, 55 MiB
2026/10/01 05:27:22.472, 45 %, 1350 MHz, 16.42 W, 82, 55 MiB
2026/10/01 05:27:23.477, 0 %, 360 MHz, 10.33 W, 80, 59 MiB
2026/10/01 05:27:24.484, 20 %, 1350 MHz, 27.68 W, 85, 55 MiB
2026/10/01 05:27:25.489, 86 %, 1200 MHz, 27.92 W, 86, 59 MiB
2026/10/01 05:27:26.493, 23 %, 300 MHz, 9.25 W, 83, 57 MiB
2026/10/01 05:27:27.498, 96 %, 300 MHz, 7.63 W, 80, 55 MiB
2026/10/01 05:27:28.505, 78 %, 300 MHz, 7.45 W, 79, 55 MiB
2026/10/01 05:27:29.508, 0 %, 1215 MHz, 28.01 W, 84, 59 MiB
2026/10/01 05:27:30.511, 67 %, 1350 MHz, 16.68 W, 83, 55 MiB
2026/10/01 05:27:31.516, 45 %, 1200 MHz, 27.99 W, 87, 59 MiB
2026/10/01 05:27:32.523, 62 %, 300 MHz, 7.89 W, 82, 55 MiB
2026/10/01 05:27:33.527, 28 %, 300 MHz, 8.78 W, 80, 59 MiB
2026/10/01 05:27:34.532, 100 %, 300 MHz, 8.69 W, 79, 59 MiB
2026/10/01 05:27:35.536, 99 %, 1200 MHz, 27.87 W, 85, 57 MiB
2026/10/01 05:27:36.573, 95 %, 1350 MHz, 16.49 W, 82, 55 MiB
2026/10/01 05:27:37.576, 3 %, 405 MHz, 10.50 W, 82, 55 MiB
2026/10/01 05:27:38.580, 0 %, 1215 MHz, 27.93 W, 85, 59 MiB
2026/10/01 05:27:39.586, 67 %, 1305 MHz, 16.52 W, 83, 55 MiB
2026/10/01 05:27:40.589, 32 %, 300 MHz, 26.19 W, 87, 57 MiB
2026/10/01 05:27:41.595, 85 %, 300 MHz, 7.68 W, 81, 55 MiB
2026/10/01 05:27:42.599, 56 %, 300 MHz, 8.71 W, 80, 59 MiB
2026/10/01 05:27:43.603, 33 %, 300 MHz, 8.68 W, 79, 59 MiB
2026/10/01 05:27:44.607, 99 %, 1350 MHz, 23.92 W, 86, 55 MiB
2026/10/01 05:27:45.610, 84 %, 1350 MHz, 16.50 W, 83, 55 MiB
2026/10/01 05:27:46.613, 0 %, 360 MHz, 5.52 W, 80, 0 MiB
2026/10/01 05:27:47.618, 0 %, 360 MHz, 3.65 W, 78, 0 MiB
2026/10/01 05:27:48.623, 0 %, 1230 MHz, 28.22 W, 82, 59 MiB
2026/10/01 05:27:49.627, 36 %, 1350 MHz, 16.52 W, 83, 55 MiB
2026/10/01 05:27:50.651, 54 %, 1185 MHz, 27.90 W, 86, 59 MiB
2026/10/01 05:27:51.655, 69 %, 1350 MHz, 16.68 W, 84, 59 MiB
2026/10/01 05:27:52.658, 26 %, 870 MHz, 15.17 W, 86, 57 MiB
2026/10/01 05:27:53.662, 93 %, 1350 MHz, 16.65 W, 83, 59 MiB
2026/10/01 05:27:54.665, 14 %, 1065 MHz, 25.57 W, 86, 57 MiB
2026/10/01 05:27:55.670, 94 %, 1200 MHz, 26.94 W, 84, 59 MiB
2026/10/01 05:27:56.674, 18 %, 1050 MHz, 24.30 W, 87, 57 MiB
2026/10/01 05:27:57.680, 92 %, 1185 MHz, 28.84 W, 84, 59 MiB
2026/10/01 05:27:58.687, 18 %, 300 MHz, 9.38 W, 85, 57 MiB
2026/10/01 05:27:59.690, 96 %, 300 MHz, 8.89 W, 81, 57 MiB
2026/10/01 05:28:00.694, 99 %, 300 MHz, 7.58 W, 80, 55 MiB
2026/10/01 05:28:01.697, 32 %, 1350 MHz, 16.07 W, 80, 55 MiB
2026/10/01 05:28:02.701, 0 %, 1215 MHz, 27.74 W, 85, 59 MiB
2026/10/01 05:28:03.704, 78 %, 1350 MHz, 16.67 W, 84, 55 MiB
2026/10/01 05:28:04.709, 29 %, 300 MHz, 9.12 W, 83, 59 MiB
2026/10/01 05:28:05.713, 84 %, 300 MHz, 8.82 W, 80, 59 MiB
2026/10/01 05:28:06.716, 99 %, 300 MHz, 8.73 W, 80, 59 MiB
2026/10/01 05:28:07.720, 100 %, 1350 MHz, 16.30 W, 82, 55 MiB
2026/10/01 05:28:08.726, 59 %, 1350 MHz, 16.30 W, 82, 55 MiB
2026/10/01 05:28:09.732, 0 %, 360 MHz, 7.56 W, 80, 55 MiB
2026/10/01 05:28:10.737, 0 %, 1215 MHz, 27.81 W, 84, 59 MiB
2026/10/01 05:28:11.740, 74 %, 1350 MHz, 16.60 W, 83, 55 MiB
2026/10/01 05:28:12.746, 30 %, 570 MHz, 22.90 W, 87, 57 MiB
2026/10/01 05:28:13.750, 84 %, 300 MHz, 7.72 W, 81, 55 MiB
2026/10/01 05:28:14.754, 20 %, 300 MHz, 8.74 W, 80, 59 MiB
2026/10/01 05:28:15.757, 100 %, 300 MHz, 8.69 W, 80, 59 MiB
2026/10/01 05:28:16.762, 99 %, 1350 MHz, 19.22 W, 85, 55 MiB
2026/10/01 05:28:17.767, 80 %, 1350 MHz, 16.42 W, 83, 55 MiB
2026/10/01 05:28:18.771, 0 %, 360 MHz, 7.70 W, 82, 55 MiB
2026/10/01 05:28:19.775, 2 %, 1215 MHz, 27.48 W, 85, 57 MiB
2026/10/01 05:28:20.783, 96 %, 1350 MHz, 16.62 W, 83, 55 MiB
2026/10/01 05:28:21.786, 15 %, 1080 MHz, 22.88 W, 87, 57 MiB
2026/10/01 05:28:22.795, 94 %, 300 MHz, 7.68 W, 81, 55 MiB
2026/10/01 05:28:23.802, 24 %, 300 MHz, 8.77 W, 80, 59 MiB
2026/10/01 05:28:24.805, 77 %, 1350 MHz, 8.48 W, 79, 59 MiB
2026/10/01 05:28:25.813, 98 %, 1350 MHz, 16.73 W, 86, 55 MiB
2026/10/01 05:28:26.816, 61 %, 1350 MHz, 16.44 W, 83, 55 MiB
2026/10/01 05:28:27.820, 0 %, 1200 MHz, 28.03 W, 82, 59 MiB
2026/10/01 05:28:28.824, 52 %, 1350 MHz, 16.83 W, 86, 55 MiB
2026/10/01 05:28:29.829, 50 %, 1170 MHz, 27.82 W, 86, 59 MiB
2026/10/01 05:28:30.832, 65 %, 300 MHz, 8.10 W, 85, 55 MiB
2026/10/01 05:28:31.837, 39 %, 300 MHz, 8.84 W, 81, 59 MiB
2026/10/01 05:28:32.840, 77 %, 300 MHz, 8.74 W, 80, 59 MiB
2026/10/01 05:28:33.844, 99 %, 1245 MHz, 28.83 W, 79, 59 MiB
2026/10/01 05:28:34.848, 97 %, 1350 MHz, 16.55 W, 83, 55 MiB
2026/10/01 05:28:35.851, 27 %, 1350 MHz, 16.44 W, 82, 55 MiB
2026/10/01 05:28:36.854, 0 %, 1215 MHz, 10.38 W, 80, 59 MiB
2026/10/01 05:28:37.858, 41 %, 1350 MHz, 17.04 W, 86, 55 MiB
2026/10/01 05:28:38.864, 67 %, 1350 MHz, 16.54 W, 83, 0 MiB
2026/10/01 05:28:39.870, 0 %, 360 MHz, 3.60 W, 81, 0 MiB
2026/10/01 05:28:40.875, 0 %, 1245 MHz, 28.22 W, 81, 59 MiB
2026/10/01 05:28:41.879, 48 %, 1350 MHz, 16.83 W, 85, 55 MiB
2026/10/01 05:28:42.883, 42 %, 1185 MHz, 27.92 W, 86, 59 MiB
2026/10/01 05:28:43.887, 78 %, 1350 MHz, 16.77 W, 84, 55 MiB
2026/10/01 05:28:44.891, 21 %, 1065 MHz, 20.02 W, 87, 57 MiB
2026/10/01 05:28:45.894, 95 %, 300 MHz, 7.87 W, 83, 57 MiB
2026/10/01 05:28:46.929, 16 %, 300 MHz, 8.82 W, 81, 59 MiB
2026/10/01 05:28:47.933, 99 %, 300 MHz, 8.74 W, 80, 59 MiB
2026/10/01 05:28:48.937, 99 %, 1350 MHz, 21.62 W, 84, 55 MiB
2026/10/01 05:28:49.956, 82 %, 1350 MHz, 16.55 W, 83, 55 MiB
2026/10/01 05:28:50.959, 0 %, 360 MHz, 7.76 W, 81, 55 MiB
2026/10/01 05:28:51.965, 0 %, 1185 MHz, 28.01 W, 86, 59 MiB
2026/10/01 05:28:52.970, 83 %, 1350 MHz, 16.77 W, 83, 55 MiB
2026/10/01 05:28:53.975, 17 %, 1065 MHz, 20.49 W, 86, 57 MiB
2026/10/01 05:28:55.044, 96 %, 300 MHz, 7.76 W, 81, 59 MiB
2026/10/01 05:28:56.150, 20 %, 300 MHz, 8.81 W, 80, 59 MiB
2026/10/01 05:28:57.255, 99 %, 300 MHz, 8.71 W, 80, 59 MiB
2026/10/01 05:28:58.364, 98 %, 1350 MHz, 16.85 W, 84, 55 MiB
2026/10/01 05:28:59.470, 59 %, 1350 MHz, 16.53 W, 83, 55 MiB
2026/10/01 05:29:00.578, 0 %, 1305 MHz, 23.98 W, 83, 59 MiB
2026/10/01 05:29:01.683, 27 %, 1350 MHz, 19.68 W, 85, 55 MiB
2026/10/01 05:29:02.760, 72 %, 1185 MHz, 28.01 W, 87, 59 MiB
2026/10/01 05:29:03.765, 38 %, 300 MHz, 8.27 W, 83, 55 MiB
2026/10/01 05:29:04.769, 44 %, 300 MHz, 8.86 W, 81, 59 MiB
2026/10/01 05:29:05.774, 99 %, 300 MHz, 8.70 W, 80, 59 MiB
2026/10/01 05:29:06.778, 97 %, 1200 MHz, 28.15 W, 85, 59 MiB
2026/10/01 05:29:07.783, 34 %, 1350 MHz, 16.52 W, 83, 55 MiB
2026/10/01 05:29:08.788, 0 %, 1350 MHz, 16.49 W, 83, 55 MiB
2026/10/01 05:29:09.792, 59 %, 1185 MHz, 27.95 W, 86, 59 MiB
2026/10/01 05:29:10.803, 47 %, 1350 MHz, 16.74 W, 84, 55 MiB
2026/10/01 05:29:11.810, 62 %, 1050 MHz, 21.44 W, 86, 57 MiB
2026/10/01 05:29:12.814, 42 %, 300 MHz, 7.74 W, 81, 59 MiB
2026/10/01 05:29:13.820, 74 %, 300 MHz, 8.78 W, 80, 59 MiB
2026/10/01 05:29:14.827, 99 %, 300 MHz, 8.60 W, 80, 59 MiB
2026/10/01 05:29:15.838, 96 %, 1350 MHz, 16.70 W, 84, 55 MiB
2026/10/01 05:29:16.843, 9 %, 1350 MHz, 16.52 W, 83, 55 MiB
2026/10/01 05:29:17.847, 0 %, 1200 MHz, 27.93 W, 83, 59 MiB
2026/10/01 05:29:18.850, 83 %, 1350 MHz, 16.99 W, 85, 55 MiB
2026/10/01 05:29:19.855, 18 %, 1170 MHz, 27.88 W, 87, 59 MiB
2026/10/01 05:29:20.858, 96 %, 300 MHz, 8.07 W, 84, 55 MiB
2026/10/01 05:29:21.862, 19 %, 300 MHz, 8.86 W, 81, 59 MiB
2026/10/01 05:29:22.865, 100 %, 300 MHz, 8.79 W, 80, 59 MiB
2026/10/01 05:29:23.869, 99 %, 1290 MHz, 28.36 W, 83, 57 MiB
2026/10/01 05:29:24.876, 76 %, 1350 MHz, 16.59 W, 83, 55 MiB
2026/10/01 05:29:25.880, 0 %, 405 MHz, 16.51 W, 83, 55 MiB
2026/10/01 05:29:26.883, 1 %, 1200 MHz, 27.93 W, 86, 59 MiB
2026/10/01 05:29:27.930, 96 %, 1350 MHz, 16.77 W, 84, 55 MiB
2026/10/01 05:29:28.936, 14 %, 750 MHz, 19.64 W, 86, 59 MiB
2026/10/01 05:29:29.939, 96 %, 300 MHz, 7.84 W, 81, 55 MiB
2026/10/01 05:29:30.943, 47 %, 300 MHz, 3.62 W, 79, 0 MiB
2026/10/01 05:29:31.949, 0 %, 300 MHz, 3.75 W, 77, 0 MiB
2026/10/01 05:29:32.956, 0 %, 1245 MHz, 28.87 W, 83, 59 MiB
2026/10/01 05:29:33.968, 35 %, 1350 MHz, 16.71 W, 83, 55 MiB
2026/10/01 05:29:34.973, 54 %, 300 MHz, 9.51 W, 84, 59 MiB
2026/10/01 05:29:35.977, 99 %, 300 MHz, 8.82 W, 80, 59 MiB
2026/10/01 05:29:36.984, 99 %, 300 MHz, 8.72 W, 80, 57 MiB
2026/10/01 05:29:37.990, 74 %, 1350 MHz, 16.10 W, 81, 55 MiB
2026/10/01 05:29:38.994, 0 %, 960 MHz, 14.48 W, 81, 55 MiB
2026/10/01 05:29:39.998, 0 %, 360 MHz, 7.49 W, 79, 55 MiB
2026/10/01 05:29:41.004, 60 %, 1230 MHz, 27.98 W, 85, 59 MiB
2026/10/01 05:29:42.008, 48 %, 1350 MHz, 16.53 W, 83, 55 MiB
2026/10/01 05:29:43.040, 62 %, 1185 MHz, 27.91 W, 87, 57 MiB
2026/10/01 05:29:44.132, 31 %, 300 MHz, 8.90 W, 81, 59 MiB
2026/10/01 05:29:45.220, 96 %, 300 MHz, 8.75 W, 80, 59 MiB
2026/10/01 05:29:46.310, 99 %, 300 MHz, 8.70 W, 79, 59 MiB
2026/10/01 05:29:47.398, 95 %, 1350 MHz, 23.02 W, 84, 55 MiB
2026/10/01 05:29:48.489, 10 %, 1350 MHz, 16.46 W, 82, 55 MiB
2026/10/01 05:29:49.576, 0 %, 360 MHz, 7.62 W, 81, 55 MiB
2026/10/01 05:29:50.587, 58 %, 1200 MHz, 27.86 W, 86, 59 MiB
2026/10/01 05:29:51.627, 49 %, 1350 MHz, 16.69 W, 83, 55 MiB
2026/10/01 05:29:52.631, 66 %, 555 MHz, 27.46 W, 88, 57 MiB
2026/10/01 05:29:53.640, 35 %, 300 MHz, 7.69 W, 81, 59 MiB
2026/10/01 05:29:54.643, 81 %, 300 MHz, 8.78 W, 80, 59 MiB
2026/10/01 05:29:55.646, 99 %, 1350 MHz, 24.47 W, 80, 59 MiB
2026/10/01 05:29:56.656, 84 %, 1350 MHz, 16.78 W, 84, 55 MiB
2026/10/01 05:29:57.661, 0 %, 1350 MHz, 16.50 W, 83, 55 MiB
2026/10/01 05:29:58.666, 7 %, 1215 MHz, 19.73 W, 82, 59 MiB
2026/10/01 05:29:59.669, 91 %, 1350 MHz, 17.09 W, 85, 55 MiB
2026/10/01 05:30:00.672, 25 %, 1185 MHz, 27.92 W, 87, 59 MiB
2026/10/01 05:30:01.675, 80 %, 300 MHz, 8.26 W, 84, 55 MiB
2026/10/01 05:30:02.679, 35 %, 300 MHz, 8.83 W, 81, 59 MiB
2026/10/01 05:30:03.683, 99 %, 300 MHz, 8.74 W, 80, 59 MiB
2026/10/01 05:30:04.687, 98 %, 1245 MHz, 28.27 W, 82, 59 MiB
2026/10/01 05:30:05.691, 56 %, 1350 MHz, 16.58 W, 83, 55 MiB
2026/10/01 05:30:06.694, 0 %, 1350 MHz, 16.45 W, 83, 55 MiB
2026/10/01 05:30:07.697, 19 %, 1215 MHz, 25.96 W, 81, 59 MiB
2026/10/01 05:30:08.700, 87 %, 1350 MHz, 17.00 W, 85, 55 MiB
2026/10/01 05:30:09.704, 23 %, 1170 MHz, 27.92 W, 86, 59 MiB
2026/10/01 05:30:10.711, 96 %, 300 MHz, 9.12 W, 83, 57 MiB
2026/10/01 05:30:11.714, 74 %, 300 MHz, 7.57 W, 80, 55 MiB
2026/10/01 05:30:12.718, 0 %, 300 MHz, 7.46 W, 79, 55 MiB
2026/10/01 05:30:13.722, 74 %, 1215 MHz, 27.84 W, 84, 59 MiB
2026/10/01 05:30:14.725, 54 %, 1350 MHz, 16.64 W, 83, 55 MiB
2026/10/01 05:30:15.731, 43 %, 1170 MHz, 28.00 W, 87, 59 MiB
2026/10/01 05:30:16.734, 60 %, 300 MHz, 7.84 W, 82, 55 MiB
2026/10/01 05:30:17.739, 55 %, 300 MHz, 8.80 W, 80, 59 MiB
2026/10/01 05:30:18.742, 99 %, 300 MHz, 8.70 W, 80, 59 MiB
2026/10/01 05:30:19.746, 96 %, 1200 MHz, 27.62 W, 85, 55 MiB
2026/10/01 05:30:20.749, 18 %, 1350 MHz, 16.50 W, 83, 55 MiB
2026/10/01 05:30:21.753, 0 %, 405 MHz, 9.07 W, 83, 55 MiB
2026/10/01 05:30:22.756, 73 %, 1170 MHz, 27.41 W, 86, 57 MiB
2026/10/01 05:30:23.759, 30 %, 1215 MHz, 16.91 W, 84, 59 MiB
2026/10/01 05:30:24.761, 83 %, 1080 MHz, 25.25 W, 86, 57 MiB
2026/10/01 05:30:25.770, 20 %, 300 MHz, 3.94 W, 81, 0 MiB
2026/10/01 05:30:26.776, 0 %, 300 MHz, 3.92 W, 78, 0 MiB
2026/10/01 05:30:27.780, 2 %, 300 MHz, 8.55 W, 78, 59 MiB
2026/10/01 05:30:28.784, 92 %, 1200 MHz, 27.76 W, 86, 55 MiB
2026/10/01 05:30:29.792, 15 %, 1200 MHz, 28.38 W, 83, 59 MiB
2026/10/01 05:30:30.795, 89 %, 300 MHz, 17.08 W, 87, 55 MiB
2026/10/01 05:30:31.799, 34 %, 300 MHz, 8.84 W, 81, 59 MiB
2026/10/01 05:30:32.803, 99 %, 300 MHz, 8.71 W, 80, 59 MiB
2026/10/01 05:30:33.807, 99 %, 1260 MHz, 29.08 W, 79, 59 MiB
2026/10/01 05:30:34.811, 65 %, 1350 MHz, 16.58 W, 84, 55 MiB
2026/10/01 05:30:35.815, 0 %, 1350 MHz, 16.44 W, 83, 55 MiB
2026/10/01 05:30:36.870, 3 %, 360 MHz, 10.38 W, 80, 59 MiB
2026/10/01 05:30:37.975, 96 %, 1350 MHz, 22.66 W, 86, 55 MiB
2026/10/01 05:30:39.045, 10 %, 1200 MHz, 28.24 W, 83, 59 MiB
2026/10/01 05:30:40.048, 93 %, 300 MHz, 9.38 W, 87, 57 MiB
2026/10/01 05:30:41.052, 63 %, 300 MHz, 7.62 W, 81, 55 MiB
2026/10/01 05:30:42.055, 14 %, 300 MHz, 8.72 W, 80, 59 MiB
2026/10/01 05:30:43.059, 98 %, 1215 MHz, 28.03 W, 80, 59 MiB
2026/10/01 05:30:44.062, 59 %, 1350 MHz, 16.66 W, 84, 55 MiB
2026/10/01 05:30:45.067, 4 %, 1200 MHz, 27.59 W, 83, 59 MiB
2026/10/01 05:30:46.070, 96 %, 300 MHz, 9.23 W, 85, 57 MiB
2026/10/01 05:30:47.074, 99 %, 300 MHz, 8.81 W, 81, 55 MiB
2026/10/01 05:30:48.078, 8 %, 300 MHz, 7.47 W, 79, 55 MiB
2026/10/01 05:30:49.081, 33 %, 1200 MHz, 28.08 W, 82, 59 MiB
2026/10/01 05:30:50.084, 56 %, 1350 MHz, 16.69 W, 84, 55 MiB
2026/10/01 05:30:51.089, 70 %, 300 MHz, 27.92 W, 87, 57 MiB
2026/10/01 05:30:52.092, 47 %, 300 MHz, 7.79 W, 82, 55 MiB
2026/10/01 05:30:53.095, 60 %, 300 MHz, 8.76 W, 80, 59 MiB
2026/10/01 05:30:54.099, 99 %, 300 MHz, 8.72 W, 80, 59 MiB
2026/10/01 05:30:55.102, 96 %, 1200 MHz, 28.25 W, 84, 57 MiB
2026/10/01 05:30:56.106, 13 %, 1350 MHz, 16.48 W, 83, 55 MiB
2026/10/01 05:30:57.111, 0 %, 360 MHz, 7.78 W, 82, 55 MiB
2026/10/01 05:30:58.117, 78 %, 1215 MHz, 27.92 W, 85, 57 MiB
2026/10/01 05:30:59.124, 30 %, 1350 MHz, 16.63 W, 84, 55 MiB
2026/10/01 05:31:00.129, 81 %, 555 MHz, 25.50 W, 87, 57 MiB
2026/10/01 05:31:01.132, 24 %, 300 MHz, 8.90 W, 82, 59 MiB
2026/10/01 05:31:02.135, 99 %, 300 MHz, 8.77 W, 80, 59 MiB
2026/10/01 05:31:03.140, 99 %, 300 MHz, 8.72 W, 80, 59 MiB
2026/10/01 05:31:04.144, 81 %, 1350 MHz, 16.82 W, 86, 55 MiB
2026/10/01 05:31:05.147, 0 %, 1350 MHz, 16.46 W, 83, 55 MiB
2026/10/01 05:31:06.151, 0 %, 360 MHz, 9.83 W, 82, 59 MiB
2026/10/01 05:31:07.157, 91 %, 1185 MHz, 27.91 W, 86, 55 MiB
2026/10/01 05:31:08.178, 18 %, 1200 MHz, 28.85 W, 84, 59 MiB
2026/10/01 05:31:09.182, 96 %, 300 MHz, 8.52 W, 86, 55 MiB
2026/10/01 05:31:10.186, 18 %, 300 MHz, 8.87 W, 81, 59 MiB
2026/10/01 05:31:11.190, 100 %, 300 MHz, 8.76 W, 80, 59 MiB
2026/10/01 05:31:12.194, 98 %, 1215 MHz, 28.07 W, 85, 59 MiB
2026/10/01 05:31:13.207, 58 %, 1350 MHz, 16.56 W, 83, 55 MiB
2026/10/01 05:31:14.212, 0 %, 1350 MHz, 16.49 W, 83, 55 MiB
2026/10/01 05:31:15.218, 28 %, 1185 MHz, 28.01 W, 86, 59 MiB
2026/10/01 05:31:16.222, 72 %, 1350 MHz, 16.76 W, 84, 55 MiB
2026/10/01 05:31:17.226, 43 %, 1050 MHz, 20.81 W, 86, 57 MiB
2026/10/01 05:31:18.239, 61 %, 300 MHz, 7.84 W, 81, 55 MiB
2026/10/01 05:31:19.303, 0 %, 300 MHz, 3.59 W, 78, 0 MiB
2026/10/01 05:31:20.320, 0 %, 300 MHz, 6.95 W, 78, 59 MiB
2026/10/01 05:31:21.337, 65 %, 1245 MHz, 27.82 W, 86, 57 MiB
2026/10/01 05:31:22.357, 55 %, 1350 MHz, 16.58 W, 83, 55 MiB
2026/10/01 05:31:23.374, 45 %, 1185 MHz, 27.59 W, 87, 57 MiB
2026/10/01 05:31:24.394, 49 %, 300 MHz, 8.82 W, 81, 59 MiB
2026/10/01 05:31:25.399, 74 %, 300 MHz, 8.77 W, 80, 59 MiB
2026/10/01 05:31:26.404, 99 %, 300 MHz, 8.71 W, 79, 59 MiB
2026/10/01 05:31:27.409, 96 %, 1350 MHz, 16.82 W, 84, 55 MiB
2026/10/01 05:31:28.414, 15 %, 1350 MHz, 16.48 W, 82, 55 MiB
2026/10/01 05:31:29.420, 0 %, 360 MHz, 9.96 W, 81, 59 MiB
2026/10/01 05:31:30.425, 64 %, 1185 MHz, 27.46 W, 87, 57 MiB
2026/10/01 05:31:31.429, 46 %, 1185 MHz, 20.28 W, 85, 59 MiB
2026/10/01 05:31:32.435, 64 %, 300 MHz, 8.46 W, 85, 57 MiB
2026/10/01 05:31:33.440, 89 %, 300 MHz, 7.67 W, 81, 55 MiB
2026/10/01 05:31:34.445, 0 %, 300 MHz, 8.76 W, 80, 59 MiB
2026/10/01 05:31:35.449, 88 %, 1215 MHz, 29.25 W, 83, 59 MiB
2026/10/01 05:31:36.453, 95 %, 1350 MHz, 16.77 W, 84, 55 MiB
2026/10/01 05:31:37.458, 4 %, 1350 MHz, 16.52 W, 83, 55 MiB
2026/10/01 05:31:38.462, 48 %, 300 MHz, 9.27 W, 83, 59 MiB
2026/10/01 05:31:39.467, 96 %, 300 MHz, 8.81 W, 80, 57 MiB
2026/10/01 05:31:40.471, 99 %, 300 MHz, 7.56 W, 80, 55 MiB
2026/10/01 05:31:41.477, 33 %, 1350 MHz, 16.06 W, 81, 55 MiB
2026/10/01 05:31:42.482, 0 %, 360 MHz, 7.78 W, 80, 59 MiB
2026/10/01 05:31:43.491, 54 %, 1200 MHz, 27.98 W, 86, 55 MiB
2026/10/01 05:31:44.593, 50 %, 1200 MHz, 27.90 W, 86, 59 MiB
2026/10/01 05:31:45.596, 65 %, 1350 MHz, 16.90 W, 85, 55 MiB
2026/10/01 05:31:46.599, 30 %, 1185 MHz, 27.90 W, 87, 59 MiB
2026/10/01 05:31:47.605, 89 %, 300 MHz, 9.04 W, 82, 57 MiB
2026/10/01 05:31:48.609, 99 %, 300 MHz, 8.81 W, 80, 57 MiB
2026/10/01 05:31:49.612, 87 %, 300 MHz, 7.50 W, 79, 55 MiB
2026/10/01 05:31:50.616, 0 %, 1350 MHz, 16.24 W, 81, 55 MiB
2026/10/01 05:31:51.619, 0 %, 1215 MHz, 28.17 W, 84, 59 MiB
2026/10/01 05:31:52.622, 96 %, 1350 MHz, 16.78 W, 84, 55 MiB
2026/10/01 05:31:53.625, 16 %, 1185 MHz, 28.06 W, 87, 59 MiB
2026/10/01 05:31:54.628, 85 %, 1350 MHz, 16.87 W, 84, 55 MiB
2026/10/01 05:31:55.631, 39 %, 1065 MHz, 21.03 W, 86, 57 MiB
2026/10/01 05:31:56.638, 92 %, 300 MHz, 7.75 W, 81, 55 MiB
2026/10/01 05:31:57.641, 2 %, 300 MHz, 8.77 W, 80, 59 MiB
2026/10/01 05:31:58.645, 100 %, 300 MHz, 8.63 W, 80, 59 MiB
2026/10/01 05:31:59.648, 97 %, 1350 MHz, 16.96 W, 85, 55 MiB
2026/10/01 05:32:00.653, 27 %, 1350 MHz, 16.52 W, 83, 55 MiB
2026/10/01 05:32:01.657, 0 %, 300 MHz, 12.66 W, 85, 59 MiB
2026/10/01 05:32:02.662, 95 %, 300 MHz, 8.84 W, 81, 59 MiB
2026/10/01 05:32:03.667, 99 %, 300 MHz, 8.74 W, 80, 59 MiB
2026/10/01 05:32:04.671, 100 %, 1245 MHz, 29.31 W, 79, 57 MiB
2026/10/01 05:32:05.677, 55 %, 1350 MHz, 16.28 W, 82, 55 MiB
2026/10/01 05:32:06.680, 0 %, 405 MHz, 16.32 W, 82, 55 MiB
2026/10/01 05:32:07.692, 0 %, 1215 MHz, 10.29 W, 80, 59 MiB
2026/10/01 05:32:08.698, 74 %, 1350 MHz, 17.00 W, 86, 55 MiB
2026/10/01 05:32:09.702, 31 %, 1200 MHz, 28.12 W, 86, 59 MiB
2026/10/01 05:32:10.706, 82 %, 300 MHz, 8.09 W, 84, 55 MiB
2026/10/01 05:32:11.709, 29 %, 300 MHz, 8.82 W, 81, 59 MiB
2026/10/01 05:32:12.713, 99 %, 300 MHz, 8.71 W, 80, 59 MiB
2026/10/01 05:32:13.717, 99 %, 1215 MHz, 28.24 W, 84, 59 MiB
2026/10/01 05:32:14.721, 72 %, 1350 MHz, 16.52 W, 83, 55 MiB
2026/10/01 05:32:15.726, 0 %, 1350 MHz, 16.46 W, 82, 55 MiB
2026/10/01 05:32:16.729, 0 %, 360 MHz, 3.61 W, 79, 0 MiB
2026/10/01 05:32:17.734, 0 %, 300 MHz, 3.50 W, 77, 0 MiB
2026/10/01 05:32:18.739, 5 %, 1215 MHz, 28.28 W, 84, 59 MiB
2026/10/01 05:32:19.743, 84 %, 300 MHz, 7.64 W, 81, 55 MiB
2026/10/01 05:32:20.748, 40 %, 300 MHz, 8.68 W, 80, 59 MiB
2026/10/01 05:32:21.760, 99 %, 300 MHz, 8.61 W, 79, 59 MiB
2026/10/01 05:32:22.765, 98 %, 1200 MHz, 27.93 W, 84, 57 MiB
2026/10/01 05:32:23.816, 49 %, 1350 MHz, 16.35 W, 82, 55 MiB
2026/10/01 05:32:24.922, 0 %, 360 MHz, 7.69 W, 82, 55 MiB
2026/10/01 05:32:26.025, 39 %, 1305 MHz, 28.03 W, 85, 57 MiB
2026/10/01 05:32:27.129, 68 %, 1350 MHz, 16.57 W, 83, 55 MiB
2026/10/01 05:32:28.235, 35 %, 1170 MHz, 27.88 W, 87, 57 MiB
2026/10/01 05:32:29.338, 55 %, 300 MHz, 8.88 W, 81, 59 MiB
2026/10/01 05:32:30.467, 66 %, 300 MHz, 8.75 W, 80, 59 MiB
2026/10/01 05:32:31.493, 99 %, 300 MHz, 8.67 W, 79, 59 MiB
2026/10/01 05:32:32.499, 97 %, 1350 MHz, 16.65 W, 86, 55 MiB
2026/10/01 05:32:33.503, 24 %, 1350 MHz, 16.43 W, 82, 55 MiB
2026/10/01 05:32:34.508, 0 %, 360 MHz, 7.56 W, 81, 59 MiB
2026/10/01 05:32:35.511, 36 %, 1200 MHz, 27.73 W, 86, 55 MiB
2026/10/01 05:32:36.560, 69 %, 1200 MHz, 27.76 W, 86, 59 MiB
2026/10/01 05:32:37.564, 48 %, 300 MHz, 9.28 W, 83, 57 MiB
2026/10/01 05:32:38.570, 96 %, 300 MHz, 7.57 W, 80, 55 MiB
2026/10/01 05:32:39.577, 1 %, 300 MHz, 8.72 W, 80, 59 MiB
2026/10/01 05:32:40.581, 86 %, 1200 MHz, 27.86 W, 85, 59 MiB
2026/10/01 05:32:41.585, 95 %, 1350 MHz, 16.56 W, 83, 55 MiB
2026/10/01 05:32:42.588, 13 %, 1200 MHz, 27.90 W, 86, 59 MiB
2026/10/01 05:32:43.594, 97 %, 300 MHz, 8.89 W, 81, 59 MiB
2026/10/01 05:32:44.598, 99 %, 300 MHz, 8.72 W, 80, 57 MiB
2026/10/01 05:32:45.603, 66 %, 300 MHz, 7.45 W, 79, 55 MiB
2026/10/01 05:32:46.609, 0 %, 1350 MHz, 16.14 W, 81, 55 MiB
2026/10/01 05:32:47.613, 11 %, 1350 MHz, 14.67 W, 81, 59 MiB
2026/10/01 05:32:48.616, 89 %, 1350 MHz, 16.99 W, 84, 55 MiB
2026/10/01 05:32:49.621, 27 %, 1185 MHz, 28.05 W, 86, 59 MiB
2026/10/01 05:32:50.625, 63 %, 1350 MHz, 16.80 W, 84, 55 MiB
2026/10/01 05:32:51.628, 61 %, 300 MHz, 9.60 W, 85, 59 MiB
2026/10/01 05:32:52.631, 98 %, 300 MHz, 8.84 W, 81, 57 MiB
2026/10/01 05:32:53.684, 99 %, 300 MHz, 8.75 W, 80, 55 MiB
2026/10/01 05:32:54.689, 29 %, 1350 MHz, 16.11 W, 80, 55 MiB
2026/10/01 05:32:55.693, 0 %, 360 MHz, 7.68 W, 81, 55 MiB
2026/10/01 05:32:56.697, 53 %, 1290 MHz, 28.13 W, 85, 57 MiB
2026/10/01 05:32:57.700, 50 %, 1350 MHz, 16.61 W, 83, 59 MiB
2026/10/01 05:32:58.707, 64 %, 1350 MHz, 27.65 W, 87, 55 MiB
2026/10/01 05:32:59.711, 27 %, 1170 MHz, 27.85 W, 86, 59 MiB
2026/10/01 05:33:00.716, 97 %, 300 MHz, 8.92 W, 83, 57 MiB
2026/10/01 05:33:01.719, 99 %, 300 MHz, 8.80 W, 81, 57 MiB
2026/10/01 05:33:02.724, 91 %, 300 MHz, 7.48 W, 80, 55 MiB
2026/10/01 05:33:03.729, 0 %, 1350 MHz, 16.19 W, 81, 55 MiB
2026/10/01 05:33:04.735, 0 %, 1215 MHz, 28.96 W, 80, 59 MiB
2026/10/01 05:33:05.740, 87 %, 1350 MHz, 16.88 W, 87, 55 MiB
2026/10/01 05:33:06.746, 22 %, 1185 MHz, 27.91 W, 86, 59 MiB
2026/10/01 05:33:07.753, 90 %, 1350 MHz, 16.86 W, 85, 55 MiB
2026/10/01 05:33:08.760, 27 %, 540 MHz, 24.34 W, 87, 59 MiB
2026/10/01 05:33:09.768, 97 %, 300 MHz, 8.93 W, 82, 57 MiB
2026/10/01 05:33:10.772, 99 %, 300 MHz, 8.79 W, 81, 57 MiB
2026/10/01 05:33:11.785, 43 %, 1350 MHz, 7.36 W, 80, 55 MiB
2026/10/01 05:33:12.806, 0 %, 405 MHz, 7.72 W, 81, 55 MiB
2026/10/01 05:33:13.821, 0 %, 360 MHz, 4.46 W, 78, 0 MiB
2026/10/01 05:33:14.836, 0 %, 1215 MHz, 26.02 W, 77, 59 MiB
2026/10/01 05:33:15.850, 73 %, 1350 MHz, 16.78 W, 86, 55 MiB
2026/10/01 05:33:16.864, 27 %, 1200 MHz, 27.93 W, 85, 59 MiB
2026/10/01 05:33:17.879, 79 %, 1350 MHz, 16.77 W, 85, 55 MiB
2026/10/01 05:33:18.894, 43 %, 1050 MHz, 22.05 W, 87, 55 MiB
2026/10/01 05:33:19.954, 60 %, 1350 MHz, 16.78 W, 85, 59 MiB
2026/10/01 05:33:20.967, 58 %, 300 MHz, 9.34 W, 86, 59 MiB
2026/10/01 05:33:21.970, 98 %, 300 MHz, 8.87 W, 81, 57 MiB
2026/10/01 05:33:22.974, 98 %, 300 MHz, 8.76 W, 80, 57 MiB
2026/10/01 05:33:23.978, 62 %, 1350 MHz, 16.09 W, 79, 55 MiB
2026/10/01 05:33:24.984, 0 %, 1350 MHz, 16.34 W, 82, 55 MiB
2026/10/01 05:33:25.989, 0 %, 1230 MHz, 28.64 W, 80, 59 MiB
2026/10/01 05:33:26.994, 92 %, 300 MHz, 9.01 W, 86, 57 MiB
2026/10/01 05:33:28.014, 99 %, 300 MHz, 7.52 W, 80, 55 MiB
2026/10/01 05:33:29.118, 12 %, 300 MHz, 7.38 W, 79, 55 MiB
2026/10/01 05:33:30.223, 41 %, 1215 MHz, 28.34 W, 85, 59 MiB
2026/10/01 05:33:31.334, 76 %, 1350 MHz, 16.54 W, 83, 55 MiB
2026/10/01 05:33:32.440, 23 %, 1185 MHz, 27.86 W, 87, 59 MiB
2026/10/01 05:33:33.472, 67 %, 300 MHz, 7.77 W, 81, 55 MiB
2026/10/01 05:33:34.479, 53 %, 300 MHz, 8.73 W, 80, 59 MiB
2026/10/01 05:33:35.484, 99 %, 300 MHz, 8.64 W, 79, 59 MiB
2026/10/01 05:33:36.490, 98 %, 1350 MHz, 26.72 W, 85, 55 MiB
2026/10/01 05:33:37.496, 35 %, 1350 MHz, 16.41 W, 82, 55 MiB
2026/10/01 05:33:38.503, 0 %, 405 MHz, 7.81 W, 81, 55 MiB
2026/10/01 05:33:39.509, 44 %, 1200 MHz, 27.84 W, 86, 59 MiB
2026/10/01 05:33:40.513, 65 %, 1350 MHz, 16.63 W, 83, 55 MiB
2026/10/01 05:33:41.518, 45 %, 1170 MHz, 28.27 W, 88, 57 MiB
2026/10/01 05:33:42.524, 45 %, 300 MHz, 8.87 W, 81, 59 MiB
2026/10/01 05:33:43.530, 82 %, 300 MHz, 8.75 W, 80, 59 MiB
2026/10/01 05:33:44.537, 99 %, 300 MHz, 8.69 W, 80, 59 MiB
2026/10/01 05:33:45.541, 91 %, 1350 MHz, 16.78 W, 84, 55 MiB
2026/10/01 05:33:46.546, 17 %, 1350 MHz, 16.41 W, 83, 55 MiB
2026/10/01 05:33:47.551, 0 %, 360 MHz, 7.68 W, 80, 55 MiB
2026/10/01 05:33:48.555, 56 %, 1200 MHz, 27.40 W, 86, 57 MiB
2026/10/01 05:33:49.569, 55 %, 1350 MHz, 16.61 W, 83, 55 MiB
2026/10/01 05:33:50.573, 53 %, 300 MHz, 9.65 W, 85, 57 MiB
2026/10/01 05:33:51.580, 97 %, 300 MHz, 7.63 W, 81, 55 MiB
2026/10/01 05:33:52.585, 15 %, 300 MHz, 7.47 W, 79, 55 MiB
2026/10/01 05:33:53.592, 57 %, 1215 MHz, 27.95 W, 84, 59 MiB
2026/10/01 05:33:54.596, 95 %, 1350 MHz, 16.74 W, 84, 55 MiB
2026/10/01 05:33:55.602, 4 %, 1200 MHz, 27.97 W, 85, 59 MiB
2026/10/01 05:33:56.607, 72 %, 300 MHz, 9.27 W, 83, 57 MiB
2026/10/01 05:33:57.612, 70 %, 300 MHz, 7.57 W, 80, 55 MiB
2026/10/01 05:33:58.617, 17 %, 300 MHz, 8.69 W, 80, 59 MiB
2026/10/01 05:33:59.622, 99 %, 1215 MHz, 28.20 W, 85, 59 MiB
2026/10/01 05:34:00.628, 76 %, 1350 MHz, 16.59 W, 83, 55 MiB
2026/10/01 05:34:01.632, 0 %, 1200 MHz, 27.92 W, 85, 59 MiB
2026/10/01 05:34:02.636, 64 %, 300 MHz, 9.05 W, 82, 59 MiB
2026/10/01 05:34:03.641, 99 %, 300 MHz, 8.77 W, 80, 57 MiB
2026/10/01 05:34:04.648, 99 %, 300 MHz, 7.93 W, 79, 55 MiB
2026/10/01 05:34:05.653, 32 %, 1350 MHz, 16.09 W, 81, 55 MiB
2026/10/01 05:34:06.658, 0 %, 360 MHz, 7.57 W, 80, 55 MiB
2026/10/01 05:34:07.663, 40 %, 1200 MHz, 27.87 W, 86, 59 MiB
2026/10/01 05:34:08.666, 68 %, 300 MHz, 7.61 W, 80, 1 MiB
2026/10/01 05:34:09.670, 0 %, 300 MHz, 4.03 W, 77, 0 MiB
2026/10/01 05:34:10.721, 0 %, 1260 MHz, 28.52 W, 80, 59 MiB
2026/10/01 05:34:11.729, 65 %, 1350 MHz, 16.66 W, 84, 55 MiB
2026/10/01 05:34:12.732, 54 %, 1200 MHz, 27.95 W, 85, 59 MiB
2026/10/01 05:34:13.737, 43 %, 300 MHz, 7.85 W, 83, 55 MiB
2026/10/01 05:34:14.740, 89 %, 300 MHz, 8.74 W, 80, 59 MiB
2026/10/01 05:34:15.786, 99 %, 300 MHz, 8.67 W, 79, 59 MiB
2026/10/01 05:34:16.860, 96 %, 1215 MHz, 27.95 W, 83, 57 MiB
2026/10/01 05:34:17.888, 13 %, 1350 MHz, 16.41 W, 82, 55 MiB
2026/10/01 05:34:18.892, 0 %, 405 MHz, 7.77 W, 82, 55 MiB
2026/10/01 05:34:19.896, 50 %, 1215 MHz, 28.08 W, 81, 59 MiB
2026/10/01 05:34:20.902, 51 %, 1350 MHz, 16.66 W, 84, 55 MiB
2026/10/01 05:34:21.906, 65 %, 1185 MHz, 28.14 W, 86, 59 MiB
2026/10/01 05:34:22.909, 27 %, 300 MHz, 7.74 W, 82, 59 MiB
2026/10/01 05:34:23.921, 98 %, 300 MHz, 8.72 W, 80, 59 MiB
2026/10/01 05:34:24.929, 99 %, 300 MHz, 8.69 W, 79, 59 MiB
2026/10/01 05:34:25.933, 85 %, 1350 MHz, 17.80 W, 85, 55 MiB
2026/10/01 05:34:26.938, 0 %, 1350 MHz, 16.41 W, 82, 55 MiB
2026/10/01 05:34:27.943, 0 %, 360 MHz, 7.65 W, 82, 55 MiB
2026/10/01 05:34:28.947, 88 %, 1200 MHz, 27.86 W, 85, 57 MiB
2026/10/01 05:34:29.950, 19 %, 1185 MHz, 23.59 W, 84, 59 MiB
2026/10/01 05:34:30.956, 91 %, 1350 MHz, 18.38 W, 87, 55 MiB
2026/10/01 05:34:31.962, 29 %, 300 MHz, 8.84 W, 81, 59 MiB
2026/10/01 05:34:32.966, 99 %, 300 MHz, 8.73 W, 80, 59 MiB
2026/10/01 05:34:33.970, 99 %, 1350 MHz, 8.45 W, 80, 59 MiB
2026/10/01 05:34:34.975, 59 %, 1350 MHz, 16.62 W, 86, 55 MiB
2026/10/01 05:34:35.978, 0 %, 1350 MHz, 16.40 W, 83, 55 MiB
2026/10/01 05:34:36.982, 17 %, 360 MHz, 10.30 W, 81, 59 MiB
2026/10/01 05:34:37.985, 17 %, 1350 MHz, 22.04 W, 86, 55 MiB
2026/10/01 05:34:38.989, 89 %, 1200 MHz, 27.90 W, 83, 59 MiB
2026/10/01 05:34:39.992, 22 %, 300 MHz, 9.28 W, 87, 57 MiB
2026/10/01 05:34:40.996, 96 %, 300 MHz, 7.60 W, 81, 55 MiB
2026/10/01 05:34:41.999, 58 %, 300 MHz, 7.43 W, 79, 59 MiB
2026/10/01 05:34:43.003, 5 %, 1215 MHz, 28.35 W, 79, 59 MiB
2026/10/01 05:34:44.006, 98 %, 1335 MHz, 16.71 W, 86, 55 MiB
2026/10/01 05:34:45.009, 53 %, 1215 MHz, 28.76 W, 83, 59 MiB
2026/10/01 05:34:46.012, 22 %, 300 MHz, 9.32 W, 87, 57 MiB
2026/10/01 05:34:47.016, 96 %, 300 MHz, 7.56 W, 81, 55 MiB
2026/10/01 05:34:48.020, 27 %, 300 MHz, 8.66 W, 80, 59 MiB
2026/10/01 05:34:49.025, 60 %, 1230 MHz, 28.19 W, 85, 59 MiB
2026/10/01 05:34:50.037, 97 %, 1350 MHz, 16.60 W, 83, 55 MiB
2026/10/01 05:34:51.043, 32 %, 1200 MHz, 27.88 W, 85, 59 MiB
2026/10/01 05:34:52.047, 19 %, 300 MHz, 9.08 W, 82, 59 MiB
2026/10/01 05:34:53.051, 96 %, 300 MHz, 8.76 W, 80, 57 MiB
2026/10/01 05:34:54.096, 99 %, 300 MHz, 7.46 W, 79, 55 MiB
2026/10/01 05:34:55.203, 61 %, 1350 MHz, 16.08 W, 81, 55 MiB
2026/10/01 05:34:56.211, 0 %, 1245 MHz, 16.60 W, 83, 59 MiB
2026/10/01 05:34:57.215, 40 %, 1350 MHz, 16.99 W, 84, 55 MiB
2026/10/01 05:34:58.221, 66 %, 1200 MHz, 27.99 W, 86, 59 MiB
2026/10/01 05:34:59.230, 40 %, 1065 MHz, 15.49 W, 84, 55 MiB
2026/10/01 05:35:00.236, 54 %, 1170 MHz, 27.75 W, 87, 59 MiB
2026/10/01 05:35:01.241, 67 %, 300 MHz, 9.03 W, 81, 55 MiB
2026/10/01 05:35:02.246, 92 %, 300 MHz, 7.54 W, 80, 55 MiB
2026/10/01 05:35:03.250, 0 %, 300 MHz, 3.51 W, 78, 0 MiB
2026/10/01 05:35:04.257, 0 %, 300 MHz, 3.48 W, 77, 0 MiB
2026/10/01 05:35:05.264, 56 %, 1215 MHz, 27.96 W, 85, 59 MiB
2026/10/01 05:35:06.269, 33 %, 1230 MHz, 29.07 W, 84, 59 MiB
2026/10/01 05:35:07.277, 89 %, 1350 MHz, 17.50 W, 86, 55 MiB
2026/10/01 05:35:08.282, 29 %, 1185 MHz, 27.92 W, 87, 59 MiB
2026/10/01 05:35:09.290, 83 %, 300 MHz, 8.15 W, 83, 55 MiB
2026/10/01 05:35:10.295, 26 %, 300 MHz, 8.79 W, 80, 59 MiB
2026/10/01 05:35:11.349, 100 %, 300 MHz, 8.71 W, 80, 59 MiB
2026/10/01 05:35:12.354, 98 %, 1245 MHz, 28.24 W, 84, 59 MiB
2026/10/01 05:35:13.359, 49 %, 1350 MHz, 16.56 W, 83, 55 MiB
2026/10/01 05:35:14.365, 0 %, 1350 MHz, 16.45 W, 82, 55 MiB
2026/10/01 05:35:15.371, 36 %, 1200 MHz, 28.37 W, 85, 59 MiB
2026/10/01 05:35:16.375, 70 %, 1350 MHz, 16.84 W, 84, 55 MiB
2026/10/01 05:35:17.381, 41 %, 1170 MHz, 27.92 W, 87, 59 MiB
2026/10/01 05:35:18.385, 60 %, 300 MHz, 7.91 W, 81, 55 MiB
2026/10/01 05:35:19.390, 59 %, 300 MHz, 8.81 W, 80, 59 MiB
2026/10/01 05:35:20.394, 99 %, 300 MHz, 8.70 W, 80, 59 MiB
2026/10/01 05:35:21.399, 97 %, 1200 MHz, 27.58 W, 86, 57 MiB
2026/10/01 05:35:22.403, 23 %, 1350 MHz, 16.50 W, 83, 55 MiB
2026/10/01 05:35:23.408, 0 %, 405 MHz, 12.32 W, 81, 55 MiB
2026/10/01 05:35:24.414, 60 %, 1200 MHz, 28.05 W, 86, 59 MiB
2026/10/01 05:35:25.418, 49 %, 1350 MHz, 16.68 W, 84, 55 MiB
2026/10/01 05:35:26.422, 62 %, 795 MHz, 19.94 W, 86, 59 MiB
2026/10/01 05:35:27.426, 56 %, 300 MHz, 7.75 W, 81, 55 MiB
2026/10/01 05:35:28.433, 48 %, 300 MHz, 8.77 W, 80, 59 MiB
2026/10/01 05:35:29.439, 99 %, 300 MHz, 8.73 W, 80, 59 MiB
2026/10/01 05:35:30.444, 95 %, 1350 MHz, 21.22 W, 85, 55 MiB
2026/10/01 05:35:31.448, 4 %, 1350 MHz, 16.52 W, 83, 55 MiB
2026/10/01 05:35:32.454, 7 %, 1200 MHz, 18.38 W, 84, 59 MiB
2026/10/01 05:35:33.458, 97 %, 300 MHz, 8.79 W, 80, 59 MiB
2026/10/01 05:35:34.463, 99 %, 300 MHz, 8.71 W, 80, 59 MiB
2026/10/01 05:35:35.468, 99 %, 1350 MHz, 16.70 W, 80, 59 MiB
2026/10/01 05:35:36.481, 48 %, 1350 MHz, 16.36 W, 82, 55 MiB
2026/10/01 05:35:37.486, 0 %, 1350 MHz, 16.33 W, 82, 55 MiB
2026/10/01 05:35:38.491, 0 %, 360 MHz, 7.42 W, 79, 59 MiB
2026/10/01 05:35:39.496, 79 %, 1200 MHz, 27.93 W, 86, 57 MiB
2026/10/01 05:35:40.501, 30 %, 1215 MHz, 16.54 W, 84, 59 MiB
2026/10/01 05:35:41.508, 80 %, 300 MHz, 9.60 W, 84, 57 MiB
2026/10/01 05:35:42.515, 78 %, 300 MHz, 7.61 W, 80, 55 MiB
2026/10/01 05:35:43.527, 0 %, 300 MHz, 8.35 W, 79, 59 MiB
2026/10/01 05:35:44.554, 96 %, 1215 MHz, 28.06 W, 84, 59 MiB
2026/10/01 05:35:45.562, 70 %, 1350 MHz, 16.68 W, 83, 55 MiB
2026/10/01 05:35:46.567, 0 %, 1200 MHz, 27.82 W, 85, 59 MiB
2026/10/01 05:35:47.575, 91 %, 300 MHz, 9.15 W, 83, 57 MiB
2026/10/01 05:35:48.579, 99 %, 300 MHz, 8.35 W, 80, 55 MiB
2026/10/01 05:35:49.583, 6 %, 300 MHz, 7.43 W, 79, 55 MiB
2026/10/01 05:35:50.586, 39 %, 1200 MHz, 27.95 W, 85, 59 MiB
2026/10/01 05:35:51.589, 62 %, 1350 MHz, 16.63 W, 83, 55 MiB
2026/10/01 05:35:52.593, 53 %, 1230 MHz, 28.03 W, 87, 57 MiB
2026/10/01 05:35:53.596, 43 %, 300 MHz, 7.77 W, 81, 55 MiB
2026/10/01 05:35:54.599, 80 %, 300 MHz, 8.77 W, 80, 59 MiB
2026/10/01 05:35:55.604, 99 %, 300 MHz, 8.68 W, 80, 59 MiB
2026/10/01 05:35:56.608, 96 %, 1215 MHz, 28.29 W, 86, 57 MiB
2026/10/01 05:35:57.612, 19 %, 1350 MHz, 16.49 W, 83, 55 MiB
2026/10/01 05:35:58.679, 0 %, 405 MHz, 12.13 W, 82, 55 MiB
2026/10/01 05:35:59.746, 0 %, 360 MHz, 4.46 W, 78, 0 MiB
2026/10/01 05:36:00.750, 2 %, 1245 MHz, 26.48 W, 81, 59 MiB
2026/10/01 05:36:01.758, 87 %, 1350 MHz, 16.85 W, 84, 55 MiB
2026/10/01 05:36:02.764, 34 %, 1200 MHz, 27.75 W, 87, 59 MiB
2026/10/01 05:36:03.768, 55 %, 1350 MHz, 16.76 W, 84, 55 MiB
2026/10/01 05:36:04.772, 67 %, 1170 MHz, 21.15 W, 86, 57 MiB
2026/10/01 05:36:05.781, 36 %, 1350 MHz, 16.72 W, 84, 55 MiB
2026/10/01 05:36:06.785, 77 %, 1200 MHz, 24.19 W, 86, 57 MiB
2026/10/01 05:36:07.788, 27 %, 1185 MHz, 27.53 W, 84, 59 MiB
2026/10/01 05:36:08.800, 86 %, 300 MHz, 8.88 W, 81, 59 MiB
2026/10/01 05:36:09.803, 99 %, 300 MHz, 8.75 W, 80, 59 MiB
2026/10/01 05:36:10.807, 99 %, 1215 MHz, 29.57 W, 80, 59 MiB
2026/10/01 05:36:11.814, 56 %, 1350 MHz, 16.51 W, 83, 55 MiB
2026/10/01 05:36:12.817, 0 %, 1350 MHz, 16.46 W, 83, 55 MiB
2026/10/01 05:36:13.821, 0 %, 555 MHz, 9.25 W, 80, 59 MiB
2026/10/01 05:36:14.825, 83 %, 1305 MHz, 27.89 W, 86, 55 MiB
2026/10/01 05:36:15.834, 25 %, 1200 MHz, 28.90 W, 83, 59 MiB
2026/10/01 05:36:16.837, 85 %, 300 MHz, 9.32 W, 85, 57 MiB
2026/10/01 05:36:17.841, 99 %, 300 MHz, 7.60 W, 81, 55 MiB
2026/10/01 05:36:18.892, 12 %, 300 MHz, 7.45 W, 79, 55 MiB
2026/10/01 05:36:19.898, 35 %, 1200 MHz, 28.15 W, 83, 59 MiB
2026/10/01 05:36:20.901, 75 %, 1350 MHz, 16.68 W, 84, 55 MiB
2026/10/01 05:36:21.904, 35 %, 1170 MHz, 28.20 W, 87, 59 MiB
2026/10/01 05:36:22.908, 68 %, 300 MHz, 7.81 W, 83, 55 MiB
2026/10/01 05:36:23.912, 48 %, 300 MHz, 8.78 W, 81, 59 MiB
2026/10/01 05:36:24.916, 99 %, 300 MHz, 8.71 W, 80, 59 MiB
2026/10/01 05:36:25.920, 98 %, 1215 MHz, 27.80 W, 84, 57 MiB
2026/10/01 05:36:26.924, 34 %, 1350 MHz, 16.49 W, 83, 55 MiB
2026/10/01 05:36:27.984, 0 %, 360 MHz, 7.76 W, 83, 55 MiB
2026/10/01 05:36:29.088, 52 %, 1200 MHz, 27.93 W, 85, 57 MiB
2026/10/01 05:36:30.192, 52 %, 1350 MHz, 16.65 W, 84, 55 MiB
2026/10/01 05:36:31.298, 58 %, 780 MHz, 19.91 W, 87, 57 MiB
2026/10/01 05:36:32.326, 44 %, 300 MHz, 7.69 W, 82, 59 MiB
2026/10/01 05:36:33.334, 66 %, 300 MHz, 8.76 W, 80, 59 MiB
2026/10/01 05:36:34.337, 99 %, 300 MHz, 8.71 W, 80, 59 MiB
2026/10/01 05:36:35.341, 96 %, 1350 MHz, 16.82 W, 86, 55 MiB
2026/10/01 05:36:36.345, 10 %, 1350 MHz, 16.49 W, 83, 55 MiB
2026/10/01 05:36:37.348, 0 %, 495 MHz, 8.76 W, 81, 59 MiB
2026/10/01 05:36:38.381, 74 %, 1350 MHz, 27.73 W, 86, 55 MiB
2026/10/01 05:36:39.385, 30 %, 1215 MHz, 28.50 W, 86, 59 MiB
2026/10/01 05:36:40.389, 78 %, 300 MHz, 9.39 W, 84, 57 MiB
2026/10/01 05:36:41.394, 41 %, 300 MHz, 7.62 W, 81, 59 MiB
2026/10/01 05:36:42.398, 64 %, 300 MHz, 8.74 W, 80, 59 MiB
2026/10/01 05:36:43.403, 99 %, 1215 MHz, 28.65 W, 84, 59 MiB
2026/10/01 05:36:44.408, 83 %, 1350 MHz, 16.64 W, 83, 55 MiB
2026/10/01 05:36:45.413, 0 %, 1350 MHz, 16.49 W, 83, 55 MiB
2026/10/01 05:36:46.419, 23 %, 1215 MHz, 28.23 W, 85, 59 MiB
2026/10/01 05:36:47.430, 86 %, 1350 MHz, 16.88 W, 84, 55 MiB
2026/10/01 05:36:48.434, 18 %, 1185 MHz, 27.81 W, 88, 59 MiB
2026/10/01 05:36:49.439, 85 %, 300 MHz, 7.99 W, 82, 55 MiB
2026/10/01 05:36:50.444, 0 %, 300 MHz, 3.64 W, 79, 0 MiB
2026/10/01 05:36:51.450, 0 %, 300 MHz, 4.79 W, 78, 0 MiB
2026/10/01 05:36:52.457, 37 %, 1215 MHz, 28.12 W, 85, 59 MiB
2026/10/01 05:36:53.462, 76 %, 1350 MHz, 16.63 W, 83, 55 MiB
2026/10/01 05:36:54.469, 29 %, 1170 MHz, 28.05 W, 87, 59 MiB
2026/10/01 05:36:55.479, 74 %, 300 MHz, 7.74 W, 81, 55 MiB
2026/10/01 05:36:56.485, 42 %, 300 MHz, 8.76 W, 80, 59 MiB
2026/10/01 05:36:57.490, 99 %, 300 MHz, 8.70 W, 80, 59 MiB
2026/10/01 05:36:58.495, 98 %, 1275 MHz, 24.70 W, 85, 55 MiB
2026/10/01 05:36:59.507, 37 %, 1350 MHz, 16.49 W, 83, 55 MiB
2026/10/01 05:37:00.511, 0 %, 405 MHz, 7.81 W, 81, 55 MiB
2026/10/01 05:37:01.516, 47 %, 1200 MHz, 27.73 W, 87, 57 MiB
2026/10/01 05:37:02.520, 53 %, 1200 MHz, 24.91 W, 85, 59 MiB
2026/10/01 05:37:03.571, 63 %, 1200 MHz, 27.90 W, 87, 57 MiB
2026/10/01 05:37:04.577, 41 %, 300 MHz, 8.89 W, 81, 59 MiB
2026/10/01 05:37:05.587, 71 %, 300 MHz, 8.76 W, 80, 59 MiB
2026/10/01 05:37:06.592, 99 %, 300 MHz, 8.34 W, 80, 59 MiB
2026/10/01 05:37:07.601, 96 %, 1350 MHz, 16.75 W, 84, 55 MiB
2026/10/01 05:37:08.606, 13 %, 1350 MHz, 16.50 W, 83, 55 MiB
2026/10/01 05:37:09.611, 0 %, 1350 MHz, 9.83 W, 81, 59 MiB
2026/10/01 05:37:10.615, 70 %, 1320 MHz, 21.37 W, 85, 55 MiB
2026/10/01 05:37:11.622, 33 %, 1185 MHz, 27.98 W, 87, 59 MiB
2026/10/01 05:37:12.627, 80 %, 300 MHz, 8.18 W, 83, 55 MiB
2026/10/01 05:37:13.631, 25 %, 300 MHz, 8.83 W, 81, 59 MiB
2026/10/01 05:37:14.638, 89 %, 300 MHz, 8.74 W, 80, 59 MiB
2026/10/01 05:37:15.642, 99 %, 1215 MHz, 27.16 W, 86, 57 MiB
2026/10/01 05:37:16.646, 82 %, 1350 MHz, 16.55 W, 83, 55 MiB
2026/10/01 05:37:17.650, 0 %, 405 MHz, 11.35 W, 83, 55 MiB
2026/10/01 05:37:18.656, 15 %, 1185 MHz, 27.99 W, 87, 59 MiB
2026/10/01 05:37:19.659, 89 %, 1350 MHz, 16.75 W, 84, 55 MiB
2026/10/01 05:37:20.663, 11 %, 1020 MHz, 23.19 W, 86, 59 MiB
2026/10/01 05:37:21.666, 95 %, 300 MHz, 7.79 W, 82, 55 MiB
2026/10/01 05:37:22.671, 15 %, 300 MHz, 8.79 W, 80, 59 MiB
2026/10/01 05:37:23.675, 100 %, 300 MHz, 8.69 W, 80, 59 MiB
2026/10/01 05:37:24.680, 98 %, 1350 MHz, 16.96 W, 86, 55 MiB
2026/10/01 05:37:25.687, 58 %, 1350 MHz, 16.56 W, 83, 55 MiB
2026/10/01 05:37:26.690, 0 %, 405 MHz, 9.24 W, 82, 59 MiB
2026/10/01 05:37:27.731, 30 %, 480 MHz, 27.49 W, 87, 57 MiB
2026/10/01 05:37:28.734, 76 %, 1200 MHz, 26.78 W, 83, 59 MiB
2026/10/01 05:37:29.737, 35 %, 300 MHz, 15.64 W, 86, 55 MiB
2026/10/01 05:37:30.745, 69 %, 300 MHz, 8.89 W, 81, 59 MiB
2026/10/01 05:37:31.748, 47 %, 300 MHz, 8.79 W, 81, 59 MiB
2026/10/01 05:37:32.752, 99 %, 1215 MHz, 29.23 W, 80, 59 MiB
2026/10/01 05:37:33.755, 97 %, 1350 MHz, 16.78 W, 84, 55 MiB
2026/10/01 05:37:34.759, 32 %, 1350 MHz, 16.58 W, 83, 55 MiB
2026/10/01 05:37:35.762, 0 %, 1200 MHz, 20.91 W, 81, 59 MiB
2026/10/01 05:37:36.765, 53 %, 1350 MHz, 17.09 W, 87, 55 MiB
2026/10/01 05:37:37.769, 52 %, 1200 MHz, 28.10 W, 86, 59 MiB
2026/10/01 05:37:38.776, 62 %, 300 MHz, 8.19 W, 85, 55 MiB
2026/10/01 05:37:39.779, 45 %, 300 MHz, 8.86 W, 81, 59 MiB
2026/10/01 05:37:40.783, 70 %, 300 MHz, 8.74 W, 80, 59 MiB
2026/10/01 05:37:41.787, 99 %, 1215 MHz, 28.14 W, 83, 59 MiB
2026/10/01 05:37:42.791, 95 %, 1350 MHz, 16.65 W, 84, 55 MiB
2026/10/01 05:37:43.794, 8 %, 1350 MHz, 16.54 W, 83, 55 MiB
2026/10/01 05:37:44.797, 0 %, 360 MHz, 3.61 W, 79, 0 MiB
2026/10/01 05:37:45.801, 0 %, 300 MHz, 3.67 W, 78, 8 MiB
2026/10/01 05:37:46.806, 11 %, 1230 MHz, 29.33 W, 85, 57 MiB
2026/10/01 05:37:47.824, 78 %, 1200 MHz, 27.64 W, 83, 59 MiB
2026/10/01 05:37:48.831, 44 %, 1350 MHz, 16.85 W, 86, 55 MiB
2026/10/01 05:37:49.836, 58 %, 1185 MHz, 28.09 W, 85, 59 MiB
2026/10/01 05:37:50.840, 56 %, 300 MHz, 9.02 W, 83, 59 MiB
2026/10/01 05:37:51.846, 98 %, 300 MHz, 8.81 W, 81, 57 MiB
2026/10/01 05:37:52.858, 99 %, 300 MHz, 8.41 W, 80, 55 MiB
2026/10/01 05:37:53.864, 69 %, 1350 MHz, 16.21 W, 81, 55 MiB
2026/10/01 05:37:54.868, 0 %, 360 MHz, 7.66 W, 82, 55 MiB
2026/10/01 05:37:55.872, 0 %, 1230 MHz, 28.03 W, 80, 59 MiB
2026/10/01 05:37:56.879, 81 %, 300 MHz, 8.81 W, 81, 59 MiB
2026/10/01 05:37:57.885, 99 %, 300 MHz, 8.70 W, 80, 57 MiB
2026/10/01 05:37:58.888, 99 %, 300 MHz, 7.36 W, 79, 55 MiB
2026/10/01 05:37:59.893, 34 %, 1350 MHz, 16.15 W, 81, 55 MiB
2026/10/01 05:38:00.897, 0 %, 360 MHz, 7.49 W, 80, 59 MiB
2026/10/01 05:38:01.905, 27 %, 1200 MHz, 27.75 W, 85, 55 MiB
2026/10/01 05:38:02.912, 72 %, 300 MHz, 8.75 W, 80, 59 MiB
2026/10/01 05:38:03.917, 47 %, 300 MHz, 8.67 W, 80, 59 MiB
2026/10/01 05:38:04.921, 99 %, 1350 MHz, 24.15 W, 79, 59 MiB
2026/10/01 05:38:05.927, 98 %, 1350 MHz, 16.59 W, 85, 55 MiB
2026/10/01 05:38:06.932, 36 %, 1350 MHz, 16.39 W, 82, 55 MiB
2026/10/01 05:38:07.965, 0 %, 1215 MHz, 26.80 W, 81, 59 MiB
2026/10/01 05:38:08.968, 45 %, 1350 MHz, 17.02 W, 86, 55 MiB
2026/10/01 05:38:09.973, 54 %, 1185 MHz, 27.89 W, 84, 59 MiB
2026/10/01 05:38:10.981, 62 %, 300 MHz, 8.09 W, 86, 55 MiB
2026/10/01 05:38:11.984, 44 %, 300 MHz, 8.79 W, 81, 59 MiB
2026/10/01 05:38:12.988, 71 %, 300 MHz, 8.70 W, 80, 59 MiB
2026/10/01 05:38:13.992, 99 %, 1215 MHz, 28.11 W, 80, 59 MiB
2026/10/01 05:38:14.996, 96 %, 1350 MHz, 16.58 W, 84, 55 MiB
2026/10/01 05:38:16.000, 12 %, 1350 MHz, 16.45 W, 83, 55 MiB
2026/10/01 05:38:17.003, 0 %, 1200 MHz, 28.36 W, 81, 59 MiB
2026/10/01 05:38:18.007, 71 %, 1350 MHz, 16.85 W, 86, 55 MiB
2026/10/01 05:38:19.010, 33 %, 1185 MHz, 27.82 W, 86, 59 MiB
2026/10/01 05:38:20.014, 81 %, 300 MHz, 7.91 W, 85, 55 MiB
2026/10/01 05:38:21.019, 24 %, 300 MHz, 8.77 W, 81, 59 MiB
2026/10/01 05:38:22.023, 94 %, 300 MHz, 8.73 W, 80, 59 MiB
2026/10/01 05:38:23.029, 99 %, 1215 MHz, 27.54 W, 82, 57 MiB
2026/10/01 05:38:24.033, 82 %, 1350 MHz, 16.52 W, 83, 55 MiB
2026/10/01 05:38:25.038, 0 %, 405 MHz, 10.66 W, 82, 55 MiB
2026/10/01 05:38:26.043, 3 %, 1215 MHz, 27.84 W, 86, 59 MiB
2026/10/01 05:38:27.070, 95 %, 1350 MHz, 16.73 W, 84, 55 MiB
2026/10/01 05:38:28.076, 15 %, 525 MHz, 19.44 W, 86, 57 MiB
2026/10/01 05:38:29.081, 96 %, 300 MHz, 7.78 W, 81, 55 MiB
2026/10/01 05:38:30.087, 17 %, 300 MHz, 8.80 W, 80, 59 MiB
2026/10/01 05:38:31.091, 100 %, 300 MHz, 8.72 W, 80, 59 MiB
2026/10/01 05:38:32.096, 98 %, 1350 MHz, 17.00 W, 84, 55 MiB
2026/10/01 05:38:33.102, 58 %, 1350 MHz, 16.52 W, 83, 55 MiB
2026/10/01 05:38:34.108, 0 %, 360 MHz, 9.77 W, 81, 59 MiB
2026/10/01 05:38:35.112, 30 %, 1275 MHz, 27.76 W, 87, 55 MiB
2026/10/01 05:38:36.120, 72 %, 1215 MHz, 27.82 W, 86, 59 MiB
2026/10/01 05:38:37.124, 42 %, 300 MHz, 17.10 W, 86, 55 MiB
2026/10/01 05:38:38.135, 65 %, 300 MHz, 8.89 W, 81, 59 MiB
2026/10/01 05:38:39.140, 49 %, 300 MHz, 8.79 W, 80, 59 MiB
2026/10/01 05:38:40.145, 99 %, 1230 MHz, 29.68 W, 83, 59 MiB
2026/10/01 05:38:41.149, 97 %, 1350 MHz, 16.70 W, 84, 55 MiB
2026/10/01 05:38:42.154, 32 %, 1350 MHz, 16.52 W, 83, 55 MiB
2026/10/01 05:38:43.159, 0 %, 360 MHz, 3.65 W, 79, 0 MiB
2026/10/01 05:38:44.165, 0 %, 360 MHz, 3.54 W, 78, 0 MiB
2026/10/01 05:38:45.172, 0 %, 1215 MHz, 27.75 W, 84, 59 MiB
2026/10/01 05:38:46.177, 62 %, 1350 MHz, 16.63 W, 83, 55 MiB
2026/10/01 05:38:47.183, 28 %, 750 MHz, 28.03 W, 87, 57 MiB
2026/10/01 05:38:48.201, 94 %, 1350 MHz, 16.68 W, 84, 55 MiB
2026/10/01 05:38:49.206, 20 %, 300 MHz, 9.23 W, 83, 59 MiB
2026/10/01 05:38:50.210, 97 %, 300 MHz, 8.84 W, 81, 59 MiB
2026/10/01 05:38:51.215, 99 %, 300 MHz, 8.73 W, 80, 57 MiB
2026/10/01 05:38:52.220, 99 %, 945 MHz, 14.39 W, 81, 55 MiB
2026/10/01 05:38:53.226, 35 %, 945 MHz, 14.42 W, 81, 55 MiB
2026/10/01 05:38:54.231, 0 %, 300 MHz, 7.51 W, 79, 55 MiB
2026/10/01 05:38:55.236, 0 %, 1200 MHz, 28.04 W, 85, 59 MiB
2026/10/01 05:38:56.242, 95 %, 1350 MHz, 16.63 W, 83, 55 MiB
2026/10/01 05:38:57.250, 17 %, 1170 MHz, 27.85 W, 87, 57 MiB
2026/10/01 05:38:58.255, 90 %, 300 MHz, 7.76 W, 81, 55 MiB
2026/10/01 05:38:59.262, 22 %, 300 MHz, 8.75 W, 80, 59 MiB
2026/10/01 05:39:00.268, 100 %, 300 MHz, 8.73 W, 80, 59 MiB
2026/10/01 05:39:01.273, 99 %, 1350 MHz, 27.86 W, 85, 55 MiB
2026/10/01 05:39:02.278, 69 %, 1350 MHz, 16.48 W, 83, 55 MiB
2026/10/01 05:39:03.282, 0 %, 360 MHz, 7.73 W, 81, 55 MiB
2026/10/01 05:39:04.286, 12 %, 1200 MHz, 28.07 W, 87, 57 MiB
2026/10/01 05:39:05.293, 90 %, 1350 MHz, 16.66 W, 85, 59 MiB
2026/10/01 05:39:06.297, 23 %, 1050 MHz, 20.92 W, 86, 57 MiB
2026/10/01 05:39:07.307, 80 %, 300 MHz, 8.71 W, 81, 59 MiB
2026/10/01 05:39:08.314, 35 %, 300 MHz, 8.77 W, 80, 59 MiB
2026/10/01 05:39:09.319, 99 %, 300 MHz, 8.53 W, 80, 59 MiB
2026/10/01 05:39:10.335, 97 %, 1350 MHz, 16.81 W, 84, 55 MiB
2026/10/01 05:39:11.341, 45 %, 1350 MHz, 16.50 W, 83, 55 MiB
2026/10/01 05:39:12.378, 0 %, 360 MHz, 8.88 W, 81, 59 MiB
2026/10/01 05:39:13.384, 32 %, 1350 MHz, 27.65 W, 86, 55 MiB
2026/10/01 05:39:14.389, 71 %, 1200 MHz, 29.10 W, 86, 59 MiB
2026/10/01 05:39:15.394, 35 %, 300 MHz, 9.41 W, 84, 57 MiB
2026/10/01 05:39:16.399, 95 %, 300 MHz, 7.68 W, 81, 55 MiB
2026/10/01 05:39:17.404, 49 %, 300 MHz, 7.50 W, 80, 55 MiB
2026/10/01 05:39:18.409, 12 %, 1215 MHz, 28.16 W, 84, 59 MiB
2026/10/01 05:39:19.413, 96 %, 1350 MHz, 16.81 W, 84, 55 MiB
2026/10/01 05:39:20.418, 39 %, 1200 MHz, 27.89 W, 86, 59 MiB
2026/10/01 05:39:21.422, 42 %, 300 MHz, 9.31 W, 83, 57 MiB
2026/10/01 05:39:22.427, 97 %, 300 MHz, 7.56 W, 80, 55 MiB
2026/10/01 05:39:23.433, 15 %, 300 MHz, 8.71 W, 80, 59 MiB
2026/10/01 05:39:24.437, 66 %, 1215 MHz, 28.19 W, 85, 59 MiB
2026/10/01 05:39:25.442, 96 %, 1350 MHz, 16.69 W, 83, 55 MiB
2026/10/01 05:39:26.449, 18 %, 1200 MHz, 27.83 W, 86, 59 MiB
2026/10/01 05:39:27.453, 41 %, 300 MHz, 9.13 W, 82, 57 MiB
2026/10/01 05:39:28.458, 96 %, 300 MHz, 8.82 W, 81, 57 MiB
2026/10/01 05:39:29.462, 99 %, 300 MHz, 7.49 W, 79, 55 MiB
2026/10/01 05:39:30.467, 1 %, 1350 MHz, 16.17 W, 81, 55 MiB
2026/10/01 05:39:31.472, 16 %, 1185 MHz, 28.68 W, 87, 57 MiB
2026/10/01 05:39:32.476, 80 %, 1200 MHz, 27.76 W, 86, 59 MiB
2026/10/01 05:39:33.481, 40 %, 300 MHz, 8.98 W, 82, 59 MiB
2026/10/01 05:39:34.485, 98 %, 300 MHz, 8.70 W, 80, 57 MiB
2026/10/01 05:39:35.490, 99 %, 300 MHz, 8.73 W, 80, 57 MiB
2026/10/01 05:39:36.495, 99 %, 1350 MHz, 16.26 W, 82, 55 MiB
2026/10/01 05:39:37.500, 6 %, 1350 MHz, 16.33 W, 82, 55 MiB
2026/10/01 05:39:38.510, 0 %, 360 MHz, 8.96 W, 80, 59 MiB
2026/10/01 05:39:39.514, 30 %, 1350 MHz, 27.87 W, 85, 55 MiB
2026/10/01 05:39:40.519, 73 %, 1350 MHz, 16.53 W, 83, 0 MiB
2026/10/01 05:39:41.523, 0 %, 360 MHz, 5.42 W, 80, 0 MiB
2026/10/01 05:39:42.530, 0 %, 1245 MHz, 26.17 W, 83, 59 MiB
2026/10/01 05:39:43.535, 34 %, 1350 MHz, 17.07 W, 84, 55 MiB
2026/10/01 05:39:44.542, 56 %, 1170 MHz, 26.52 W, 87, 59 MiB
2026/10/01 05:39:45.549, 64 %, 1350 MHz, 16.89 W, 84, 55 MiB
2026/10/01 05:39:46.555, 38 %, 480 MHz, 27.70 W, 87, 59 MiB
2026/10/01 05:39:47.560, 75 %, 300 MHz, 8.28 W, 84, 55 MiB
2026/10/01 05:39:48.566, 32 %, 300 MHz, 8.90 W, 81, 59 MiB
2026/10/01 05:39:49.571, 82 %, 300 MHz, 8.75 W, 80, 59 MiB
2026/10/01 05:39:50.575, 99 %, 1215 MHz, 29.00 W, 84, 59 MiB
2026/10/01 05:39:51.580, 97 %, 1350 MHz, 16.65 W, 83, 55 MiB
2026/10/01 05:39:52.585, 21 %, 1350 MHz, 16.51 W, 83, 55 MiB
2026/10/01 05:39:53.590, 0 %, 1215 MHz, 24.19 W, 84, 59 MiB
2026/10/01 05:39:54.594, 46 %, 1350 MHz, 17.09 W, 85, 55 MiB
2026/10/01 05:39:55.598, 54 %, 1170 MHz, 27.91 W, 87, 59 MiB
2026/10/01 05:39:56.603, 63 %, 300 MHz, 8.09 W, 83, 55 MiB
2026/10/01 05:39:57.608, 46 %, 300 MHz, 8.83 W, 81, 59 MiB
2026/10/01 05:39:58.613, 65 %, 300 MHz, 8.76 W, 80, 59 MiB
2026/10/01 05:39:59.618, 99 %, 1200 MHz, 28.15 W, 86, 59 MiB
2026/10/01 05:40:00.627, 95 %, 1350 MHz, 16.63 W, 83, 55 MiB
2026/10/01 05:40:01.634, 3 %, 1350 MHz, 16.55 W, 83, 55 MiB
2026/10/01 05:40:02.637, 0 %, 1200 MHz, 27.96 W, 87, 59 MiB
2026/10/01 05:40:03.641, 90 %, 1350 MHz, 16.81 W, 84, 55 MiB
2026/10/01 05:40:04.643, 15 %, 1005 MHz, 20.13 W, 86, 59 MiB
2026/10/01 05:40:05.648, 96 %, 300 MHz, 7.87 W, 82, 55 MiB
2026/10/01 05:40:06.652, 17 %, 300 MHz, 8.84 W, 81, 59 MiB
2026/10/01 05:40:07.656, 100 %, 300 MHz, 8.76 W, 80, 59 MiB
2026/10/01 05:40:08.659, 99 %, 1350 MHz, 27.71 W, 87, 55 MiB
2026/10/01 05:40:09.663, 70 %, 1350 MHz, 16.58 W, 83, 55 MiB
2026/10/01 05:40:10.666, 0 %, 360 MHz, 7.81 W, 81, 55 MiB
2026/10/01 05:40:11.670, 14 %, 1335 MHz, 27.08 W, 87, 57 MiB
2026/10/01 05:40:12.678, 91 %, 1350 MHz, 16.76 W, 84, 59 MiB
2026/10/01 05:40:13.681, 21 %, 1170 MHz, 27.16 W, 87, 57 MiB
2026/10/01 05:40:14.685, 84 %, 300 MHz, 7.85 W, 81, 59 MiB
2026/10/01 05:40:15.688, 26 %, 300 MHz, 8.83 W, 81, 59 MiB
2026/10/01 05:40:16.696, 100 %, 300 MHz, 8.75 W, 80, 59 MiB
2026/10/01 05:40:17.801, 98 %, 1350 MHz, 16.88 W, 84, 55 MiB
2026/10/01 05:40:18.906, 46 %, 1350 MHz, 16.57 W, 83, 55 MiB
2026/10/01 05:40:20.009, 0 %, 1185 MHz, 18.23 W, 82, 59 MiB
2026/10/01 05:40:21.112, 56 %, 1350 MHz, 17.11 W, 86, 55 MiB
2026/10/01 05:40:22.216, 51 %, 1170 MHz, 28.01 W, 87, 59 MiB
2026/10/01 05:40:23.320, 59 %, 300 MHz, 8.34 W, 86, 55 MiB
2026/10/01 05:40:24.376, 48 %, 300 MHz, 8.90 W, 81, 59 MiB
2026/10/01 05:40:25.381, 63 %, 300 MHz, 8.81 W, 81, 59 MiB
2026/10/01 05:40:26.386, 99 %, 1230 MHz, 28.44 W, 83, 59 MiB
2026/10/01 05:40:27.394, 97 %, 1350 MHz, 16.69 W, 84, 55 MiB
2026/10/01 05:40:28.397, 20 %, 1350 MHz, 16.61 W, 83, 55 MiB
2026/10/01 05:40:29.403, 0 %, 1200 MHz, 27.99 W, 84, 59 MiB
2026/10/01 05:40:30.406, 64 %, 1230 MHz, 16.27 W, 85, 55 MiB
2026/10/01 05:40:31.409, 37 %, 390 MHz, 21.51 W, 87, 59 MiB
2026/10/01 05:40:32.412, 79 %, 300 MHz, 7.95 W, 84, 55 MiB
2026/10/01 05:40:33.424, 0 %, 300 MHz, 3.66 W, 80, 0 MiB
2026/10/01 05:40:34.428, 0 %, 300 MHz, 3.54 W, 78, 0 MiB
2026/10/01 05:40:35.435, 54 %, 1200 MHz, 27.73 W, 86, 57 MiB
2026/10/01 05:40:36.440, 36 %, 1200 MHz, 25.87 W, 86, 59 MiB
2026/10/01 05:40:37.446, 87 %, 300 MHz, 12.77 W, 85, 55 MiB
2026/10/01 05:40:38.452, 23 %, 300 MHz, 8.87 W, 81, 59 MiB
2026/10/01 05:40:39.458, 99 %, 300 MHz, 8.78 W, 80, 59 MiB
2026/10/01 05:40:40.464, 99 %, 1215 MHz, 28.92 W, 83, 59 MiB
2026/10/01 05:40:41.469, 72 %, 1350 MHz, 16.69 W, 83, 55 MiB
2026/10/01 05:40:42.473, 0 %, 1350 MHz, 16.55 W, 83, 55 MiB
2026/10/01 05:40:43.480, 0 %, 1230 MHz, 25.35 W, 84, 59 MiB
2026/10/01 05:40:44.484, 95 %, 1350 MHz, 17.05 W, 85, 55 MiB
2026/10/01 05:40:45.491, 16 %, 1170 MHz, 27.91 W, 88, 59 MiB
2026/10/01 05:40:46.557, 95 %, 300 MHz, 9.19 W, 83, 57 MiB
2026/10/01 05:40:47.663, 70 %, 300 MHz, 7.65 W, 81, 55 MiB
2026/10/01 05:40:48.672, 3 %, 300 MHz, 8.76 W, 80, 59 MiB
2026/10/01 05:40:49.676, 98 %, 1215 MHz, 27.99 W, 86, 57 MiB
2026/10/01 05:40:50.679, 64 %, 1350 MHz, 16.69 W, 83, 55 MiB
2026/10/01 05:40:51.683, 4 %, 1170 MHz, 27.81 W, 87, 59 MiB
2026/10/01 05:40:52.686, 93 %, 300 MHz, 9.02 W, 82, 57 MiB
2026/10/01 05:40:53.690, 99 %, 300 MHz, 7.61 W, 80, 55 MiB
2026/10/01 05:40:54.695, 3 %, 300 MHz, 7.94 W, 79, 59 MiB
2026/10/01 05:40:55.700, 46 %, 1350 MHz, 27.70 W, 87, 55 MiB
2026/10/01 05:40:56.704, 57 %, 1200 MHz, 27.85 W, 85, 59 MiB
2026/10/01 05:40:57.707, 56 %, 300 MHz, 8.32 W, 86, 55 MiB
2026/10/01 05:40:58.712, 47 %, 300 MHz, 8.88 W, 81, 59 MiB
2026/10/01 05:40:59.715, 70 %, 300 MHz, 8.75 W, 81, 59 MiB
2026/10/01 05:41:00.720, 99 %, 1200 MHz, 27.97 W, 86, 59 MiB
2026/10/01 05:41:01.782, 96 %, 1350 MHz, 16.67 W, 83, 55 MiB
2026/10/01 05:41:02.787, 15 %, 405 MHz, 16.53 W, 82, 55 MiB
2026/10/01 05:41:03.794, 0 %, 1200 MHz, 28.00 W, 86, 59 MiB
2026/10/01 05:41:04.812, 77 %, 1350 MHz, 16.87 W, 84, 55 MiB
2026/10/01 05:41:05.819, 31 %, 405 MHz, 18.56 W, 86, 59 MiB
2026/10/01 05:41:06.828, 79 %, 300 MHz, 7.88 W, 82, 55 MiB
2026/10/01 05:41:07.833, 29 %, 300 MHz, 8.82 W, 81, 59 MiB
2026/10/01 05:41:08.838, 84 %, 300 MHz, 8.77 W, 80, 59 MiB
2026/10/01 05:41:09.845, 99 %, 1350 MHz, 21.99 W, 85, 55 MiB
2026/10/01 05:41:10.849, 86 %, 1350 MHz, 16.61 W, 83, 55 MiB
2026/10/01 05:41:11.853, 0 %, 360 MHz, 7.83 W, 81, 59 MiB
2026/10/01 05:41:12.921, 4 %, 1185 MHz, 27.19 W, 87, 57 MiB
2026/10/01 05:41:14.011, 95 %, 1290 MHz, 18.00 W, 85, 59 MiB
2026/10/01 05:41:15.107, 13 %, 1020 MHz, 24.06 W, 87, 57 MiB
2026/10/01 05:41:16.204, 96 %, 300 MHz, 7.76 W, 81, 55 MiB
2026/10/01 05:41:17.293, 31 %, 300 MHz, 8.80 W, 80, 59 MiB
2026/10/01 05:41:18.363, 63 %, 1350 MHz, 20.87 W, 81, 59 MiB
2026/10/01 05:41:19.367, 98 %, 1350 MHz, 16.92 W, 84, 55 MiB
2026/10/01 05:41:20.373, 0 %, 1350 MHz, 16.61 W, 83, 55 MiB
2026/10/01 05:41:21.379, 41 %, 1200 MHz, 29.20 W, 85, 59 MiB
2026/10/01 05:41:22.384, 67 %, 1350 MHz, 17.00 W, 85, 55 MiB
2026/10/01 05:41:23.388, 42 %, 480 MHz, 27.73 W, 87, 59 MiB
2026/10/01 05:41:24.393, 65 %, 300 MHz, 8.15 W, 83, 55 MiB
2026/10/01 05:41:25.398, 0 %, 300 MHz, 3.63 W, 79, 0 MiB
2026/10/01 05:41:26.404, 0 %, 300 MHz, 3.53 W, 78, 0 MiB
2026/10/01 05:41:27.410, 31 %, 1230 MHz, 27.92 W, 85, 59 MiB
2026/10/01 05:41:28.497, 60 %, 1350 MHz, 16.80 W, 83, 55 MiB
2026/10/01 05:41:29.503, 60 %, 570 MHz, 22.74 W, 86, 59 MiB
2026/10/01 05:41:30.507, 43 %, 300 MHz, 7.93 W, 82, 55 MiB
2026/10/01 05:41:31.515, 75 %, 300 MHz, 8.86 W, 81, 59 MiB
2026/10/01 05:41:32.522, 99 %, 300 MHz, 8.75 W, 80, 59 MiB
2026/10/01 05:41:33.527, 96 %, 1200 MHz, 27.93 W, 86, 57 MiB
2026/10/01 05:41:34.536, 16 %, 1350 MHz, 16.58 W, 83, 55 MiB
2026/10/01 05:41:35.543, 0 %, 405 MHz, 9.15 W, 82, 55 MiB
2026/10/01 05:41:36.552, 61 %, 1200 MHz, 28.06 W, 87, 59 MiB
2026/10/01 05:41:37.567, 49 %, 1350 MHz, 16.84 W, 84, 55 MiB
2026/10/01 05:41:38.577, 60 %, 795 MHz, 18.94 W, 86, 59 MiB
2026/10/01 05:41:39.590, 97 %, 300 MHz, 9.05 W, 82, 57 MiB
2026/10/01 05:41:40.598, 40 %, 300 MHz, 7.57 W, 80, 55 MiB
2026/10/01 05:41:41.609, 8 %, 300 MHz, 8.75 W, 80, 59 MiB
2026/10/01 05:41:42.618, 95 %, 1230 MHz, 28.04 W, 86, 55 MiB
2026/10/01 05:41:43.627, 16 %, 1185 MHz, 25.04 W, 85, 59 MiB
2026/10/01 05:41:44.630, 87 %, 1020 MHz, 22.06 W, 86, 57 MiB
2026/10/01 05:41:45.647, 18 %, 300 MHz, 8.90 W, 81, 59 MiB
2026/10/01 05:41:46.651, 98 %, 300 MHz, 8.82 W, 80, 59 MiB
2026/10/01 05:41:47.654, 99 %, 1215 MHz, 29.69 W, 83, 59 MiB
2026/10/01 05:41:48.657, 72 %, 1320 MHz, 16.62 W, 84, 55 MiB
2026/10/01 05:41:49.661, 0 %, 1320 MHz, 16.43 W, 83, 55 MiB
2026/10/01 05:41:50.664, 16 %, 1200 MHz, 26.74 W, 84, 59 MiB
2026/10/01 05:41:51.671, 90 %, 1350 MHz, 17.08 W, 85, 55 MiB
2026/10/01 05:41:52.676, 22 %, 1185 MHz, 27.57 W, 87, 59 MiB
2026/10/01 05:41:53.679, 84 %, 300 MHz, 8.18 W, 84, 55 MiB
2026/10/01 05:41:54.683, 30 %, 300 MHz, 8.90 W, 81, 59 MiB
2026/10/01 05:41:55.687, 99 %, 300 MHz, 8.76 W, 81, 59 MiB
2026/10/01 05:41:56.690, 98 %, 1215 MHz, 28.11 W, 85, 59 MiB
2026/10/01 05:41:57.694, 47 %, 1350 MHz, 16.71 W, 84, 55 MiB
2026/10/01 05:41:58.697, 0 %, 1350 MHz, 16.63 W, 83, 55 MiB
2026/10/01 05:41:59.700, 33 %, 1215 MHz, 27.43 W, 82, 59 MiB
2026/10/01 05:42:00.704, 82 %, 1350 MHz, 16.97 W, 85, 55 MiB
2026/10/01 05:42:01.707, 20 %, 1200 MHz, 27.77 W, 87, 59 MiB
2026/10/01 05:42:02.709, 96 %, 300 MHz, 9.18 W, 83, 57 MiB
2026/10/01 05:42:03.713, 99 %, 300 MHz, 8.88 W, 81, 57 MiB
2026/10/01 05:42:04.717, 30 %, 300 MHz, 7.54 W, 80, 55 MiB
2026/10/01 05:42:05.720, 0 %, 405 MHz, 16.24 W, 82, 55 MiB
2026/10/01 05:42:06.723, 79 %, 1185 MHz, 28.11 W, 87, 57 MiB
2026/10/01 05:42:07.726, 28 %, 1350 MHz, 16.72 W, 84, 59 MiB
2026/10/01 05:42:08.735, 84 %, 300 MHz, 9.02 W, 82, 59 MiB
2026/10/01 05:42:09.739, 100 %, 300 MHz, 8.80 W, 81, 59 MiB
2026/10/01 05:42:10.744, 99 %, 300 MHz, 8.76 W, 80, 59 MiB
2026/10/01 05:42:11.748, 59 %, 1350 MHz, 16.45 W, 82, 55 MiB
2026/10/01 05:42:12.753, 0 %, 1350 MHz, 16.46 W, 82, 55 MiB
2026/10/01 05:42:13.758, 0 %, 360 MHz, 7.61 W, 80, 55 MiB
2026/10/01 05:42:14.763, 73 %, 1260 MHz, 28.12 W, 86, 57 MiB
2026/10/01 05:42:15.768, 32 %, 1350 MHz, 16.68 W, 84, 55 MiB
2026/10/01 05:42:16.775, 80 %, 1035 MHz, 20.43 W, 86, 57 MiB
2026/10/01 05:42:17.781, 47 %, 300 MHz, 7.73 W, 81, 55 MiB
2026/10/01 05:42:18.788, 50 %, 300 MHz, 8.78 W, 80, 59 MiB
2026/10/01 05:42:19.793, 99 %, 1350 MHz, 8.51 W, 80, 59 MiB
2026/10/01 05:42:20.797, 82 %, 1350 MHz, 16.92 W, 85, 55 MiB
2026/10/01 05:42:21.801, 0 %, 1350 MHz, 16.59 W, 83, 55 MiB
2026/10/01 05:42:22.804, 0 %, 360 MHz, 4.69 W, 80, 0 MiB
2026/10/01 05:42:23.808, 0 %, 300 MHz, 3.68 W, 78, 0 MiB
2026/10/01 05:42:24.813, 50 %, 1215 MHz, 27.98 W, 85, 59 MiB
2026/10/01 05:42:25.825, 40 %, 1350 MHz, 16.66 W, 83, 59 MiB
2026/10/01 05:42:26.835, 82 %, 390 MHz, 23.18 W, 88, 57 MiB
2026/10/01 05:42:27.842, 20 %, 1200 MHz, 28.01 W, 84, 59 MiB
2026/10/01 05:42:28.846, 95 %, 1350 MHz, 24.72 W, 86, 55 MiB
2026/10/01 05:42:29.850, 17 %, 1170 MHz, 28.05 W, 85, 59 MiB
2026/10/01 05:42:30.853, 96 %, 1350 MHz, 19.40 W, 87, 55 MiB
2026/10/01 05:42:31.860, 17 %, 300 MHz, 9.20 W, 83, 59 MiB
2026/10/01 05:42:32.866, 99 %, 300 MHz, 8.92 W, 81, 59 MiB
2026/10/01 05:42:33.870, 99 %, 300 MHz, 8.81 W, 81, 59 MiB
2026/10/01 05:42:34.873, 97 %, 1215 MHz, 27.69 W, 84, 57 MiB
2026/10/01 05:42:35.877, 26 %, 1350 MHz, 16.64 W, 84, 55 MiB
2026/10/01 05:42:36.881, 0 %, 405 MHz, 16.59 W, 83, 55 MiB
2026/10/01 05:42:37.884, 14 %, 1215 MHz, 10.45 W, 80, 59 MiB
2026/10/01 05:42:38.887, 90 %, 1350 MHz, 17.18 W, 87, 55 MiB
2026/10/01 05:42:39.892, 22 %, 1170 MHz, 28.09 W, 86, 59 MiB
2026/10/01 05:42:40.896, 97 %, 300 MHz, 9.13 W, 83, 57 MiB
2026/10/01 05:42:41.899, 99 %, 300 MHz, 8.84 W, 81, 57 MiB
2026/10/01 05:42:42.904, 24 %, 300 MHz, 7.50 W, 80, 55 MiB
2026/10/01 05:42:43.908, 0 %, 405 MHz, 16.25 W, 81, 59 MiB
2026/10/01 05:42:44.916, 86 %, 1200 MHz, 27.93 W, 86, 57 MiB
2026/10/01 05:42:45.921, 20 %, 1200 MHz, 27.89 W, 84, 59 MiB
2026/10/01 05:42:46.927, 97 %, 300 MHz, 9.00 W, 82, 59 MiB
2026/10/01 05:42:47.956, 99 %, 300 MHz, 8.81 W, 81, 59 MiB
2026/10/01 05:42:48.959, 99 %, 300 MHz, 8.75 W, 80, 57 MiB
2026/10/01 05:42:49.963, 41 %, 1350 MHz, 16.40 W, 82, 55 MiB
2026/10/01 05:42:50.967, 0 %, 1350 MHz, 16.41 W, 82, 55 MiB
2026/10/01 05:42:51.970, 0 %, 360 MHz, 8.02 W, 80, 59 MiB
2026/10/01 05:42:52.973, 90 %, 1185 MHz, 28.27 W, 86, 57 MiB
2026/10/01 05:42:53.976, 17 %, 1200 MHz, 28.99 W, 84, 59 MiB
2026/10/01 05:42:54.979, 96 %, 300 MHz, 12.52 W, 87, 55 MiB
2026/10/01 05:42:55.982, 18 %, 300 MHz, 8.86 W, 82, 59 MiB
2026/10/01 05:42:56.986, 99 %, 300 MHz, 8.79 W, 81, 59 MiB
2026/10/01 05:42:57.991, 99 %, 1245 MHz, 30.02 W, 80, 59 MiB
2026/10/01 05:42:58.995, 64 %, 1350 MHz, 16.76 W, 85, 55 MiB
2026/10/01 05:42:59.998, 0 %, 1350 MHz, 16.57 W, 83, 55 MiB
2026/10/01 05:43:01.003, 19 %, 1230 MHz, 10.94 W, 81, 59 MiB
2026/10/01 05:43:02.005, 89 %, 1350 MHz, 17.16 W, 87, 55 MiB
2026/10/01 05:43:03.010, 21 %, 1185 MHz, 28.12 W, 84, 59 MiB
2026/10/01 05:43:04.013, 95 %, 300 MHz, 9.39 W, 87, 57 MiB
2026/10/01 05:43:05.016, 27 %, 300 MHz, 7.67 W, 81, 55 MiB
2026/10/01 05:43:06.019, 60 %, 300 MHz, 8.76 W, 80, 59 MiB
2026/10/01 05:43:07.023, 97 %, 1215 MHz, 28.22 W, 80, 59 MiB
2026/10/01 05:43:08.027, 49 %, 1350 MHz, 16.74 W, 85, 55 MiB
2026/10/01 05:43:09.031, 0 %, 1350 MHz, 16.59 W, 83, 55 MiB
2026/10/01 05:43:10.034, 76 %, 300 MHz, 9.18 W, 85, 59 MiB
2026/10/01 05:43:11.039, 99 %, 300 MHz, 8.85 W, 81, 59 MiB
2026/10/01 05:43:12.042, 99 %, 300 MHz, 8.70 W, 80, 57 MiB
2026/10/01 05:43:13.046, 61 %, 1350 MHz, 16.22 W, 81, 55 MiB
2026/10/01 05:43:14.052, 0 %, 1350 MHz, 16.38 W, 82, 55 MiB
2026/10/01 05:43:15.055, 0 %, 360 MHz, 7.57 W, 81, 55 MiB
2026/10/01 05:43:16.058, 71 %, 1200 MHz, 28.11 W, 86, 59 MiB
2026/10/01 05:43:17.092, 34 %, 1350 MHz, 16.63 W, 83, 55 MiB
2026/10/01 05:43:18.098, 77 %, 825 MHz, 20.13 W, 86, 57 MiB
2026/10/01 05:43:19.106, 24 %, 300 MHz, 7.66 W, 81, 0 MiB
2026/10/01 05:43:20.111, 0 %, 300 MHz, 3.73 W, 79, 0 MiB
2026/10/01 05:43:21.119, 0 %, 300 MHz, 3.62 W, 78, 8 MiB
2026/10/01 05:43:22.126, 51 %, 1200 MHz, 27.91 W, 86, 59 MiB
2026/10/01 05:43:23.134, 37 %, 1350 MHz, 16.58 W, 84, 59 MiB
2026/10/01 05:43:24.141, 81 %, 630 MHz, 24.89 W, 86, 55 MiB
2026/10/01 05:43:25.147, 26 %, 300 MHz, 8.86 W, 81, 59 MiB
2026/10/01 05:43:26.153, 100 %, 300 MHz, 8.76 W, 80, 59 MiB
2026/10/01 05:43:27.159, 99 %, 300 MHz, 8.51 W, 80, 59 MiB
2026/10/01 05:43:28.164, 76 %, 1350 MHz, 16.73 W, 84, 55 MiB
2026/10/01 05:43:29.169, 0 %, 1350 MHz, 16.47 W, 83, 55 MiB
2026/10/01 05:43:30.176, 0 %, 360 MHz, 9.97 W, 81, 59 MiB
2026/10/01 05:43:31.181, 96 %, 1290 MHz, 28.08 W, 87, 55 MiB
2026/10/01 05:43:32.186, 15 %, 1200 MHz, 28.56 W, 86, 59 MiB
2026/10/01 05:43:33.190, 95 %, 300 MHz, 9.58 W, 84, 57 MiB
2026/10/01 05:43:34.197, 51 %, 300 MHz, 7.68 W, 81, 55 MiB
2026/10/01 05:43:35.201, 33 %, 300 MHz, 8.74 W, 80, 59 MiB
2026/10/01 05:43:36.209, 98 %, 1215 MHz, 28.27 W, 84, 59 MiB
2026/10/01 05:43:37.274, 64 %, 1350 MHz, 16.77 W, 84, 55 MiB
2026/10/01 05:43:38.379, 0 %, 1200 MHz, 16.57 W, 85, 59 MiB
2026/10/01 05:43:39.487, 86 %, 300 MHz, 9.23 W, 83, 57 MiB
2026/10/01 05:43:40.593, 99 %, 300 MHz, 8.85 W, 81, 57 MiB
2026/10/01 05:43:41.698, 63 %, 300 MHz, 7.50 W, 80, 55 MiB
2026/10/01 05:43:42.717, 0 %, 1350 MHz, 16.11 W, 81, 55 MiB
2026/10/01 05:43:43.724, 33 %, 1215 MHz, 28.09 W, 85, 59 MiB
2026/10/01 05:43:44.730, 71 %, 1350 MHz, 16.85 W, 84, 55 MiB
2026/10/01 05:43:45.735, 44 %, 300 MHz, 8.96 W, 81, 59 MiB
2026/10/01 05:43:46.746, 99 %, 300 MHz, 8.74 W, 80, 59 MiB
2026/10/01 05:43:47.752, 99 %, 300 MHz, 8.71 W, 80, 59 MiB
2026/10/01 05:43:48.756, 96 %, 1350 MHz, 21.81 W, 84, 55 MiB
2026/10/01 05:43:49.760, 3 %, 1350 MHz, 16.40 W, 83, 55 MiB
2026/10/01 05:43:50.766, 0 %, 360 MHz, 7.74 W, 81, 55 MiB
2026/10/01 05:43:51.771, 35 %, 1200 MHz, 28.21 W, 85, 59 MiB
2026/10/01 05:43:52.775, 71 %, 1350 MHz, 16.78 W, 84, 55 MiB
2026/10/01 05:43:53.780, 43 %, 1185 MHz, 27.77 W, 87, 59 MiB
2026/10/01 05:43:54.787, 97 %, 300 MHz, 9.01 W, 82, 57 MiB
2026/10/01 05:43:55.791, 28 %, 300 MHz, 7.51 W, 80, 55 MiB
2026/10/01 05:43:56.795, 42 %, 300 MHz, 8.69 W, 80, 59 MiB
2026/10/01 05:43:57.800, 95 %, 1200 MHz, 27.99 W, 86, 55 MiB
2026/10/01 05:43:58.813, 14 %, 1350 MHz, 16.57 W, 83, 55 MiB
2026/10/01 05:43:59.820, 65 %, 300 MHz, 27.66 W, 86, 57 MiB
2026/10/01 05:44:00.825, 97 %, 300 MHz, 8.91 W, 81, 57 MiB
2026/10/01 05:44:01.830, 35 %, 300 MHz, 7.51 W, 80, 55 MiB
2026/10/01 05:44:02.834, 12 %, 1350 MHz, 16.49 W, 81, 59 MiB
2026/10/01 05:44:03.838, 95 %, 1350 MHz, 21.72 W, 85, 55 MiB
2026/10/01 05:44:04.843, 13 %, 1200 MHz, 27.69 W, 86, 59 MiB
2026/10/01 05:44:05.847, 94 %, 300 MHz, 8.34 W, 84, 55 MiB
2026/10/01 05:44:06.854, 22 %, 300 MHz, 8.81 W, 81, 59 MiB
2026/10/01 05:44:07.858, 99 %, 300 MHz, 8.77 W, 80, 59 MiB
2026/10/01 05:44:08.863, 98 %, 1215 MHz, 28.96 W, 84, 59 MiB
2026/10/01 05:44:09.870, 58 %, 1350 MHz, 16.68 W, 83, 55 MiB
2026/10/01 05:44:10.878, 0 %, 1350 MHz, 16.52 W, 83, 55 MiB
2026/10/01 05:44:11.883, 25 %, 1200 MHz, 27.98 W, 85, 59 MiB
2026/10/01 05:44:12.890, 75 %, 1350 MHz, 16.95 W, 85, 55 MiB
2026/10/01 05:44:13.897, 41 %, 495 MHz, 27.82 W, 87, 59 MiB
2026/10/01 05:44:14.905, 66 %, 300 MHz, 8.07 W, 83, 55 MiB
2026/10/01 05:44:15.911, 0 %, 300 MHz, 3.67 W, 79, 0 MiB
2026/10/01 05:44:16.917, 0 %, 300 MHz, 3.51 W, 78, 0 MiB
2026/10/01 05:44:17.923, 47 %, 1215 MHz, 28.07 W, 86, 59 MiB
2026/10/01 05:44:18.928, 58 %, 1350 MHz, 16.61 W, 83, 55 MiB
2026/10/01 05:44:19.933, 52 %, 780 MHz, 21.17 W, 87, 57 MiB
2026/10/01 05:44:20.936, 45 %, 300 MHz, 8.87 W, 81, 59 MiB
2026/10/01 05:44:21.940, 75 %, 300 MHz, 8.77 W, 80, 59 MiB
2026/10/01 05:44:22.944, 99 %, 1215 MHz, 28.22 W, 80, 59 MiB
2026/10/01 05:44:23.947, 96 %, 1350 MHz, 16.61 W, 83, 55 MiB
2026/10/01 05:44:24.980, 15 %, 1350 MHz, 16.49 W, 83, 55 MiB
2026/10/01 05:44:26.062, 0 %, 1215 MHz, 28.09 W, 85, 59 MiB
2026/10/01 05:44:27.095, 80 %, 1350 MHz, 16.85 W, 84, 55 MiB
2026/10/01 05:44:28.100, 27 %, 1185 MHz, 27.73 W, 88, 59 MiB
2026/10/01 05:44:29.106, 79 %, 300 MHz, 7.98 W, 82, 55 MiB
2026/10/01 05:44:30.112, 26 %, 300 MHz, 8.83 W, 81, 59 MiB
2026/10/01 05:44:31.117, 91 %, 300 MHz, 8.75 W, 80, 59 MiB
2026/10/01 05:44:32.124, 99 %, 1200 MHz, 27.82 W, 86, 57 MiB
2026/10/01 05:44:33.139, 86 %, 1350 MHz, 16.59 W, 83, 55 MiB
2026/10/01 05:44:34.149, 0 %, 405 MHz, 13.49 W, 82, 55 MiB
2026/10/01 05:44:35.155, 0 %, 1200 MHz, 27.99 W, 86, 59 MiB
2026/10/01 05:44:36.160, 92 %, 1350 MHz, 16.83 W, 84, 55 MiB
2026/10/01 05:44:37.164, 15 %, 675 MHz, 27.67 W, 88, 57 MiB
2026/10/01 05:44:38.174, 95 %, 300 MHz, 7.84 W, 82, 55 MiB
2026/10/01 05:44:39.179, 20 %, 300 MHz, 8.81 W, 81, 59 MiB
2026/10/01 05:44:40.186, 88 %, 300 MHz, 8.76 W, 80, 59 MiB
2026/10/01 05:44:41.190, 99 %, 1200 MHz, 24.25 W, 85, 55 MiB
2026/10/01 05:44:42.238, 65 %, 1350 MHz, 16.57 W, 83, 55 MiB
2026/10/01 05:44:43.243, 0 %, 375 MHz, 10.77 W, 82, 59 MiB
2026/10/01 05:44:44.247, 34 %, 1200 MHz, 27.95 W, 88, 57 MiB
2026/10/01 05:44:45.253, 76 %, 1185 MHz, 16.75 W, 86, 59 MiB
2026/10/01 05:44:46.257, 30 %, 1215 MHz, 26.44 W, 87, 57 MiB
2026/10/01 05:44:47.261, 83 %, 300 MHz, 7.77 W, 81, 59 MiB
2026/10/01 05:44:48.266, 24 %, 300 MHz, 8.80 W, 81, 59 MiB
2026/10/01 05:44:49.275, 100 %, 1245 MHz, 17.59 W, 83, 59 MiB
2026/10/01 05:44:50.279, 98 %, 1350 MHz, 16.86 W, 84, 55 MiB
2026/10/01 05:44:51.284, 38 %, 1350 MHz, 16.58 W, 83, 55 MiB
2026/10/01 05:44:52.288, 0 %, 1215 MHz, 18.27 W, 84, 59 MiB
2026/10/01 05:44:53.292, 58 %, 1350 MHz, 17.14 W, 85, 55 MiB
2026/10/01 05:44:54.296, 49 %, 1170 MHz, 27.62 W, 88, 59 MiB
2026/10/01 05:44:55.300, 62 %, 300 MHz, 8.30 W, 84, 55 MiB
2026/10/01 05:44:56.304, 46 %, 300 MHz, 8.90 W, 81, 59 MiB
2026/10/01 05:44:57.309, 67 %, 300 MHz, 8.80 W, 81, 59 MiB
2026/10/01 05:44:58.313, 99 %, 1215 MHz, 28.20 W, 85, 59 MiB
2026/10/01 05:44:59.318, 96 %, 1350 MHz, 16.70 W, 84, 55 MiB
2026/10/01 05:45:00.322, 12 %, 1350 MHz, 16.58 W, 83, 55 MiB
2026/10/01 05:45:01.325, 0 %, 1200 MHz, 28.23 W, 86, 59 MiB
2026/10/01 05:45:02.329, 75 %, 1350 MHz, 17.01 W, 85, 55 MiB
2026/10/01 05:45:03.334, 33 %, 1185 MHz, 27.77 W, 88, 59 MiB
2026/10/01 05:45:04.338, 78 %, 300 MHz, 8.02 W, 82, 55 MiB
2026/10/01 05:45:05.372, 38 %, 300 MHz, 8.85 W, 81, 59 MiB
2026/10/01 05:45:06.481, 68 %, 300 MHz, 8.80 W, 80, 59 MiB
2026/10/01 05:45:07.586, 99 %, 1215 MHz, 27.10 W, 86, 57 MiB
2026/10/01 05:45:08.691, 84 %, 1350 MHz, 16.68 W, 83, 55 MiB
2026/10/01 05:45:09.795, 0 %, 405 MHz, 13.29 W, 82, 55 MiB
2026/10/01 05:45:10.862, 0 %, 360 MHz, 3.60 W, 79, 0 MiB
2026/10/01 05:45:11.868, 0 %, 1230 MHz, 28.55 W, 83, 59 MiB
2026/10/01 05:45:12.883, 43 %, 1350 MHz, 16.99 W, 85, 55 MiB
2026/10/01 05:45:13.889, 47 %, 1170 MHz, 28.15 W, 87, 59 MiB
2026/10/01 05:45:14.906, 75 %, 1350 MHz, 16.95 W, 85, 55 MiB
2026/10/01 05:45:15.913, 28 %, 510 MHz, 19.27 W, 86, 59 MiB
2026/10/01 05:45:16.917, 85 %, 300 MHz, 8.99 W, 82, 57 MiB
2026/10/01 05:45:17.921, 99 %, 300 MHz, 8.82 W, 81, 57 MiB
2026/10/01 05:45:18.926, 99 %, 300 MHz, 7.51 W, 80, 55 MiB
2026/10/01 05:45:19.933, 12 %, 1350 MHz, 16.34 W, 82, 55 MiB
2026/10/01 05:45:20.939, 0 %, 1230 MHz, 16.42 W, 83, 59 MiB
2026/10/01 05:45:21.943, 61 %, 300 MHz, 8.23 W, 84, 55 MiB
2026/10/01 05:45:22.948, 47 %, 300 MHz, 8.82 W, 80, 59 MiB
2026/10/01 05:45:23.952, 65 %, 300 MHz, 8.72 W, 80, 59 MiB
2026/10/01 05:45:24.958, 99 %, 1215 MHz, 28.09 W, 84, 59 MiB
2026/10/01 05:45:25.962, 98 %, 1350 MHz, 16.58 W, 83, 55 MiB
2026/10/01 05:45:26.967, 28 %, 1350 MHz, 16.47 W, 83, 55 MiB
2026/10/01 05:45:27.970, 0 %, 1200 MHz, 28.17 W, 85, 59 MiB
2026/10/01 05:45:28.975, 45 %, 1350 MHz, 16.94 W, 85, 55 MiB
2026/10/01 05:45:29.977, 55 %, 1170 MHz, 27.60 W, 88, 59 MiB
2026/10/01 05:45:30.980, 46 %, 300 MHz, 7.92 W, 83, 55 MiB
2026/10/01 05:45:31.983, 68 %, 300 MHz, 8.84 W, 81, 59 MiB
2026/10/01 05:45:32.987, 99 %, 300 MHz, 8.76 W, 80, 59 MiB
2026/10/01 05:45:33.992, 96 %, 1215 MHz, 27.72 W, 86, 57 MiB
2026/10/01 05:45:34.998, 7 %, 1350 MHz, 16.63 W, 83, 55 MiB
2026/10/01 05:45:36.001, 0 %, 405 MHz, 7.94 W, 83, 55 MiB
2026/10/01 05:45:37.004, 75 %, 1290 MHz, 28.35 W, 86, 57 MiB
2026/10/01 05:45:38.087, 27 %, 1170 MHz, 21.58 W, 84, 59 MiB
2026/10/01 05:45:39.089, 80 %, 300 MHz, 17.27 W, 87, 57 MiB
2026/10/01 05:45:40.096, 56 %, 300 MHz, 7.67 W, 81, 55 MiB
2026/10/01 05:45:41.100, 34 %, 300 MHz, 8.77 W, 80, 59 MiB
2026/10/01 05:45:42.105, 99 %, 1200 MHz, 27.95 W, 85, 59 MiB
2026/10/01 05:45:43.110, 84 %, 1350 MHz, 16.73 W, 84, 55 MiB
2026/10/01 05:45:44.114, 0 %, 1350 MHz, 16.61 W, 83, 55 MiB
2026/10/01 05:45:45.118, 44 %, 300 MHz, 9.20 W, 83, 59 MiB
2026/10/01 05:45:46.123, 98 %, 300 MHz, 8.86 W, 81, 59 MiB
2026/10/01 05:45:47.129, 99 %, 300 MHz, 8.78 W, 80, 57 MiB
2026/10/01 05:45:48.134, 98 %, 1350 MHz, 16.28 W, 82, 55 MiB
2026/10/01 05:45:49.139, 3 %, 1350 MHz, 16.42 W, 82, 55 MiB
2026/10/01 05:45:50.144, 0 %, 360 MHz, 7.60 W, 80, 55 MiB
2026/10/01 05:45:51.150, 34 %, 1200 MHz, 27.95 W, 86, 59 MiB
2026/10/01 05:45:52.154, 72 %, 1350 MHz, 16.69 W, 84, 55 MiB
2026/10/01 05:45:53.188, 41 %, 495 MHz, 19.14 W, 86, 57 MiB
2026/10/01 05:45:54.278, 63 %, 300 MHz, 7.82 W, 82, 55 MiB
2026/10/01 05:45:55.301, 50 %, 300 MHz, 8.81 W, 81, 59 MiB
2026/10/01 05:45:56.307, 99 %, 300 MHz, 8.76 W, 80, 59 MiB
2026/10/01 05:45:57.315, 97 %, 1350 MHz, 23.34 W, 85, 55 MiB
2026/10/01 05:45:58.320, 35 %, 1350 MHz, 16.59 W, 83, 55 MiB
2026/10/01 05:45:59.324, 0 %, 360 MHz, 7.77 W, 81, 55 MiB
2026/10/01 05:46:00.331, 43 %, 1170 MHz, 27.29 W, 87, 57 MiB
2026/10/01 05:46:01.343, 56 %, 1215 MHz, 17.78 W, 85, 59 MiB
2026/10/01 05:46:02.353, 56 %, 780 MHz, 20.01 W, 86, 57 MiB
2026/10/01 05:46:03.362, 95 %, 300 MHz, 7.03 W, 81, 55 MiB
2026/10/01 05:46:04.369, 7 %, 300 MHz, 8.06 W, 79, 59 MiB
2026/10/01 05:46:05.374, 67 %, 300 MHz, 8.18 W, 80, 59 MiB
2026/10/01 05:46:06.392, 97 %, 1350 MHz, 16.99 W, 85, 55 MiB
2026/10/01 05:46:07.398, 23 %, 1350 MHz, 16.57 W, 83, 55 MiB
2026/10/01 05:46:08.403, 0 %, 360 MHz, 4.14 W, 80, 0 MiB
2026/10/01 05:46:09.409, 0 %, 300 MHz, 3.68 W, 78, 9 MiB
2026/10/01 05:46:10.421, 40 %, 1215 MHz, 27.02 W, 87, 57 MiB
2026/10/01 05:46:11.426, 50 %, 1200 MHz, 28.23 W, 86, 59 MiB
2026/10/01 05:46:12.433, 71 %, 1350 MHz, 19.73 W, 86, 55 MiB
2026/10/01 05:46:13.438, 32 %, 1185 MHz, 28.07 W, 87, 59 MiB
2026/10/01 05:46:14.443, 82 %, 1350 MHz, 17.12 W, 86, 55 MiB
2026/10/01 05:46:15.447, 25 %, 1170 MHz, 28.00 W, 88, 59 MiB
2026/10/01 05:46:16.452, 86 %, 1350 MHz, 17.20 W, 86, 55 MiB
2026/10/01 05:46:17.463, 24 %, 300 MHz, 9.18 W, 83, 59 MiB
2026/10/01 05:46:18.469, 88 %, 300 MHz, 8.90 W, 81, 59 MiB
2026/10/01 05:46:19.474, 99 %, 300 MHz, 8.82 W, 81, 59 MiB
2026/10/01 05:46:20.479, 99 %, 1215 MHz, 27.29 W, 86, 57 MiB
2026/10/01 05:46:21.483, 55 %, 1290 MHz, 16.29 W, 83, 55 MiB
2026/10/01 05:46:22.487, 0 %, 1290 MHz, 16.23 W, 83, 55 MiB
2026/10/01 05:46:23.494, 0 %, 450 MHz, 11.30 W, 81, 59 MiB
2026/10/01 05:46:24.502, 79 %, 1350 MHz, 17.06 W, 86, 55 MiB
2026/10/01 05:46:25.507, 30 %, 1170 MHz, 27.93 W, 87, 59 MiB
2026/10/01 05:46:26.511, 80 %, 300 MHz, 9.04 W, 82, 59 MiB
2026/10/01 05:46:27.518, 99 %, 300 MHz, 8.84 W, 81, 57 MiB
2026/10/01 05:46:28.524, 99 %, 300 MHz, 8.78 W, 80, 57 MiB
2026/10/01 05:46:29.529, 63 %, 1350 MHz, 16.32 W, 82, 55 MiB
2026/10/01 05:46:30.533, 0 %, 1350 MHz, 16.41 W, 83, 55 MiB
2026/10/01 05:46:31.539, 0 %, 360 MHz, 10.35 W, 81, 59 MiB
2026/10/01 05:46:32.543, 75 %, 1350 MHz, 19.33 W, 85, 55 MiB
2026/10/01 05:46:33.547, 32 %, 1185 MHz, 27.89 W, 87, 59 MiB
2026/10/01 05:46:34.551, 81 %, 1350 MHz, 17.11 W, 85, 55 MiB
2026/10/01 05:46:35.558, 24 %, 300 MHz, 8.93 W, 82, 59 MiB
2026/10/01 05:46:36.563, 93 %, 300 MHz, 8.80 W, 81, 59 MiB
2026/10/01 05:46:37.570, 99 %, 300 MHz, 8.72 W, 80, 59 MiB
2026/10/01 05:46:38.579, 96 %, 1350 MHz, 16.80 W, 84, 55 MiB
2026/10/01 05:46:39.588, 12 %, 1350 MHz, 16.55 W, 83, 55 MiB
2026/10/01 05:46:40.592, 0 %, 360 MHz, 9.72 W, 81, 59 MiB
2026/10/01 05:46:41.596, 56 %, 1185 MHz, 27.81 W, 87, 57 MiB
2026/10/01 05:46:42.601, 51 %, 1185 MHz, 22.16 W, 86, 59 MiB
2026/10/01 05:46:43.605, 60 %, 300 MHz, 9.53 W, 84, 57 MiB
2026/10/01 05:46:44.611, 97 %, 300 MHz, 8.91 W, 81, 57 MiB
2026/10/01 05:46:45.617, 63 %, 300 MHz, 7.53 W, 80, 55 MiB
2026/10/01 05:46:46.696, 0 %, 1215 MHz, 28.74 W, 84, 59 MiB
2026/10/01 05:46:47.700, 67 %, 1350 MHz, 17.03 W, 85, 55 MiB
2026/10/01 05:46:48.705, 28 %, 1170 MHz, 27.87 W, 88, 59 MiB
2026/10/01 05:46:49.722, 96 %, 300 MHz, 8.08 W, 83, 55 MiB
2026/10/01 05:46:50.726, 18 %, 300 MHz, 8.85 W, 81, 59 MiB
2026/10/01 05:46:51.730, 99 %, 300 MHz, 8.77 W, 80, 59 MiB
2026/10/01 05:46:52.734, 99 %, 1200 MHz, 28.14 W, 85, 59 MiB
2026/10/01 05:46:53.738, 67 %, 1350 MHz, 16.63 W, 83, 55 MiB
2026/10/01 05:46:54.743, 0 %, 1350 MHz, 16.58 W, 83, 55 MiB
2026/10/01 05:46:55.747, 11 %, 1200 MHz, 27.99 W, 86, 59 MiB
2026/10/01 05:46:56.751, 92 %, 1350 MHz, 16.88 W, 84, 55 MiB
2026/10/01 05:46:57.754, 21 %, 465 MHz, 27.61 W, 88, 59 MiB
2026/10/01 05:46:58.761, 96 %, 300 MHz, 8.86 W, 83, 55 MiB
2026/10/01 05:46:59.766, 40 %, 300 MHz, 7.60 W, 80, 55 MiB
2026/10/01 05:47:00.770, 37 %, 300 MHz, 8.76 W, 80, 59 MiB
2026/10/01 05:47:01.774, 98 %, 1200 MHz, 27.92 W, 86, 57 MiB
2026/10/01 05:47:02.778, 55 %, 1305 MHz, 16.54 W, 84, 55 MiB
2026/10/01 05:47:03.782, 0 %, 1305 MHz, 16.48 W, 83, 0 MiB
2026/10/01 05:47:04.785, 0 %, 360 MHz, 3.76 W, 79, 0 MiB
2026/10/01 05:47:05.791, 0 %, 1245 MHz, 27.93 W, 83, 59 MiB
2026/10/01 05:47:06.798, 74 %, 1350 MHz, 16.96 W, 85, 55 MiB
2026/10/01 05:47:07.801, 27 %, 1200 MHz, 27.92 W, 88, 59 MiB
2026/10/01 05:47:08.808, 89 %, 1350 MHz, 16.95 W, 85, 55 MiB
2026/10/01 05:47:09.812, 22 %, 945 MHz, 19.42 W, 86, 59 MiB
2026/10/01 05:47:10.815, 97 %, 300 MHz, 9.01 W, 82, 57 MiB
2026/10/01 05:47:11.820, 99 %, 300 MHz, 8.85 W, 81, 57 MiB
2026/10/01 05:47:12.826, 99 %, 1350 MHz, 11.49 W, 80, 55 MiB
2026/10/01 05:47:13.829, 5 %, 1350 MHz, 16.41 W, 82, 55 MiB
2026/10/01 05:47:14.893, 0 %, 360 MHz, 7.65 W, 80, 59 MiB
2026/10/01 05:47:15.997, 50 %, 300 MHz, 10.04 W, 86, 57 MiB
2026/10/01 05:47:17.100, 95 %, 300 MHz, 8.85 W, 81, 57 MiB
2026/10/01 05:47:18.204, 94 %, 300 MHz, 7.51 W, 80, 55 MiB
2026/10/01 05:47:19.310, 0 %, 1350 MHz, 15.95 W, 79, 55 MiB
2026/10/01 05:47:20.391, 20 %, 1200 MHz, 28.14 W, 84, 59 MiB
2026/10/01 05:47:21.394, 86 %, 1350 MHz, 16.68 W, 84, 55 MiB
2026/10/01 05:47:22.396, 21 %, 300 MHz, 9.17 W, 84, 59 MiB
2026/10/01 05:47:23.399, 98 %, 300 MHz, 8.81 W, 81, 59 MiB
2026/10/01 05:47:24.403, 99 %, 300 MHz, 8.72 W, 80, 59 MiB
2026/10/01 05:47:25.406, 99 %, 1350 MHz, 16.34 W, 82, 55 MiB
2026/10/01 05:47:26.412, 24 %, 1350 MHz, 16.38 W, 82, 55 MiB
2026/10/01 05:47:27.415, 0 %, 360 MHz, 7.57 W, 81, 55 MiB
2026/10/01 05:47:28.421, 22 %, 1200 MHz, 28.15 W, 84, 59 MiB
2026/10/01 05:47:29.426, 86 %, 1350 MHz, 16.65 W, 84, 55 MiB
2026/10/01 05:47:30.431, 20 %, 630 MHz, 20.37 W, 86, 57 MiB
2026/10/01 05:47:31.435, 80 %, 300 MHz, 8.86 W, 81, 59 MiB
2026/10/01 05:47:32.439, 39 %, 300 MHz, 8.75 W, 80, 59 MiB
2026/10/01 05:47:33.445, 99 %, 1260 MHz, 29.76 W, 83, 59 MiB
2026/10/01 05:47:34.457, 98 %, 1350 MHz, 16.66 W, 83, 55 MiB
2026/10/01 05:47:35.464, 47 %, 1350 MHz, 16.51 W, 83, 55 MiB
2026/10/01 05:47:36.470, 0 %, 1230 MHz, 20.31 W, 83, 59 MiB
2026/10/01 05:47:37.474, 41 %, 1350 MHz, 17.03 W, 85, 55 MiB
2026/10/01 05:47:38.480, 42 %, 1170 MHz, 27.90 W, 87, 59 MiB
2026/10/01 05:47:39.484, 71 %, 300 MHz, 8.07 W, 83, 55 MiB
2026/10/01 05:47:40.490, 37 %, 300 MHz, 8.85 W, 81, 59 MiB
2026/10/01 05:47:41.494, 100 %, 300 MHz, 8.77 W, 80, 59 MiB
2026/10/01 05:47:42.499, 97 %, 1230 MHz, 27.84 W, 86, 57 MiB
2026/10/01 05:47:43.503, 26 %, 1350 MHz, 16.62 W, 83, 55 MiB
2026/10/01 05:47:44.509, 0 %, 405 MHz, 16.53 W, 83, 55 MiB
2026/10/01 05:47:45.524, 73 %, 1185 MHz, 28.16 W, 86, 57 MiB
2026/10/01 05:47:46.619, 33 %, 1350 MHz, 16.78 W, 84, 55 MiB
2026/10/01 05:47:47.622, 75 %, 1200 MHz, 24.51 W, 87, 57 MiB
2026/10/01 05:47:48.626, 30 %, 300 MHz, 7.84 W, 82, 59 MiB
2026/10/01 05:47:49.629, 83 %, 300 MHz, 8.86 W, 81, 59 MiB
2026/10/01 05:47:50.632, 99 %, 300 MHz, 8.77 W, 80, 59 MiB
2026/10/01 05:47:51.636, 94 %, 1350 MHz, 17.03 W, 85, 55 MiB
2026/10/01 05:47:52.639, 0 %, 1350 MHz, 16.63 W, 83, 55 MiB
2026/10/01 05:47:53.642, 0 %, 360 MHz, 9.35 W, 82, 59 MiB
2026/10/01 05:47:54.657, 85 %, 1335 MHz, 27.70 W, 87, 55 MiB
2026/10/01 05:47:55.663, 19 %, 1185 MHz, 27.77 W, 86, 59 MiB
2026/10/01 05:47:56.666, 96 %, 300 MHz, 11.79 W, 87, 55 MiB
2026/10/01 05:47:57.669, 16 %, 300 MHz, 8.93 W, 81, 59 MiB
2026/10/01 05:47:58.672, 100 %, 300 MHz, 8.86 W, 81, 59 MiB
2026/10/01 05:47:59.676, 99 %, 1245 MHz, 28.35 W, 81, 59 MiB
2026/10/01 05:48:00.679, 68 %, 1350 MHz, 16.83 W, 84, 55 MiB
2026/10/01 05:48:01.683, 0 %, 1350 MHz, 16.60 W, 83, 55 MiB
2026/10/01 05:48:02.688, 0 %, 360 MHz, 3.85 W, 80, 0 MiB
2026/10/01 05:48:03.695, 0 %, 300 MHz, 4.11 W, 78, 0 MiB
2026/10/01 05:48:04.702, 35 %, 1215 MHz, 28.20 W, 85, 59 MiB
2026/10/01 05:48:05.711, 55 %, 1350 MHz, 16.74 W, 84, 55 MiB
2026/10/01 05:48:06.718, 68 %, 1185 MHz, 28.13 W, 88, 57 MiB
2026/10/01 05:48:07.728, 27 %, 1200 MHz, 27.83 W, 86, 59 MiB
2026/10/01 05:48:08.735, 96 %, 300 MHz, 9.27 W, 84, 59 MiB
2026/10/01 05:48:09.780, 99 %, 300 MHz, 8.89 W, 81, 57 MiB
2026/10/01 05:48:10.815, 93 %, 300 MHz, 7.60 W, 80, 55 MiB
2026/10/01 05:48:11.819, 0 %, 1350 MHz, 16.22 W, 81, 55 MiB
2026/10/01 05:48:12.824, 0 %, 360 MHz, 7.62 W, 80, 55 MiB
2026/10/01 05:48:13.828, 74 %, 1275 MHz, 28.00 W, 86, 57 MiB
2026/10/01 05:48:14.832, 33 %, 300 MHz, 7.75 W, 82, 55 MiB
2026/10/01 05:48:15.841, 81 %, 300 MHz, 8.78 W, 80, 59 MiB
2026/10/01 05:48:16.844, 99 %, 300 MHz, 8.72 W, 80, 59 MiB
2026/10/01 05:48:17.848, 96 %, 1215 MHz, 27.97 W, 85, 57 MiB
2026/10/01 05:48:18.906, 17 %, 1350 MHz, 16.52 W, 83, 55 MiB
2026/10/01 05:48:20.012, 0 %, 405 MHz, 11.44 W, 83, 55 MiB
2026/10/01 05:48:21.117, 65 %, 1185 MHz, 27.84 W, 86, 57 MiB
2026/10/01 05:48:22.234, 36 %, 1275 MHz, 16.24 W, 84, 55 MiB
2026/10/01 05:48:23.341, 78 %, 945 MHz, 19.25 W, 87, 57 MiB
2026/10/01 05:48:24.407, 27 %, 300 MHz, 7.95 W, 82, 59 MiB
2026/10/01 05:48:25.410, 87 %, 300 MHz, 8.83 W, 81, 59 MiB
2026/10/01 05:48:26.414, 99 %, 300 MHz, 8.76 W, 80, 59 MiB
2026/10/01 05:48:27.418, 90 %, 1350 MHz, 16.93 W, 87, 55 MiB
2026/10/01 05:48:28.422, 0 %, 1350 MHz, 16.59 W, 83, 55 MiB
2026/10/01 05:48:29.426, 0 %, 360 MHz, 10.03 W, 81, 59 MiB
2026/10/01 05:48:30.436, 86 %, 1185 MHz, 27.46 W, 86, 57 MiB
2026/10/01 05:48:31.440, 18 %, 1185 MHz, 27.83 W, 84, 59 MiB
2026/10/01 05:48:32.442, 97 %, 300 MHz, 9.27 W, 86, 57 MiB
2026/10/01 05:48:33.446, 38 %, 300 MHz, 7.66 W, 82, 55 MiB
2026/10/01 05:48:34.450, 55 %, 300 MHz, 8.80 W, 81, 59 MiB
2026/10/01 05:48:35.453, 99 %, 1215 MHz, 29.03 W, 80, 59 MiB
2026/10/01 05:48:36.458, 72 %, 1350 MHz, 16.79 W, 85, 55 MiB
2026/10/01 05:48:37.461, 0 %, 1350 MHz, 16.61 W, 83, 55 MiB
2026/10/01 05:48:38.465, 48 %, 300 MHz, 9.13 W, 84, 59 MiB
2026/10/01 05:48:39.469, 99 %, 300 MHz, 8.80 W, 81, 59 MiB
2026/10/01 05:48:40.473, 99 %, 300 MHz, 8.75 W, 80, 59 MiB
2026/10/01 05:48:41.476, 97 %, 1350 MHz, 28.05 W, 80, 55 MiB
2026/10/01 05:48:42.483, 16 %, 1350 MHz, 16.41 W, 83, 55 MiB
2026/10/01 05:48:43.486, 0 %, 360 MHz, 7.66 W, 80, 55 MiB
2026/10/01 05:48:44.494, 0 %, 1215 MHz, 20.47 W, 82, 59 MiB
2026/10/01 05:48:45.497, 94 %, 1350 MHz, 16.97 W, 84, 55 MiB
2026/10/01 05:48:46.502, 16 %, 1185 MHz, 28.00 W, 87, 59 MiB
2026/10/01 05:48:47.506, 95 %, 300 MHz, 8.91 W, 82, 57 MiB
2026/10/01 05:48:48.592, 99 %, 300 MHz, 8.39 W, 80, 55 MiB
2026/10/01 05:48:49.597, 51 %, 300 MHz, 7.43 W, 79, 55 MiB
2026/10/01 05:48:50.601, 0 %, 390 MHz, 10.73 W, 81, 59 MiB
2026/10/01 05:48:51.605, 57 %, 1350 MHz, 16.98 W, 85, 55 MiB
2026/10/01 05:48:52.611, 50 %, 300 MHz, 9.29 W, 83, 59 MiB
2026/10/01 05:48:53.616, 62 %, 300 MHz, 8.81 W, 81, 59 MiB
2026/10/01 05:48:54.621, 99 %, 300 MHz, 8.70 W, 80, 59 MiB
2026/10/01 05:48:55.624, 99 %, 1200 MHz, 28.90 W, 85, 57 MiB
2026/10/01 05:48:56.629, 80 %, 1350 MHz, 16.42 W, 83, 55 MiB
2026/10/01 05:48:57.632, 0 %, 405 MHz, 7.80 W, 82, 55 MiB
2026/10/01 05:48:58.639, 0 %, 1215 MHz, 27.75 W, 85, 59 MiB
2026/10/01 05:48:59.642, 62 %, 1350 MHz, 16.77 W, 84, 55 MiB
2026/10/01 05:49:00.645, 36 %, 525 MHz, 27.13 W, 88, 59 MiB
2026/10/01 05:49:01.649, 81 %, 300 MHz, 7.74 W, 82, 55 MiB
2026/10/01 05:49:02.709, 22 %, 300 MHz, 3.59 W, 79, 0 MiB
2026/10/01 05:49:03.714, 0 %, 300 MHz, 3.71 W, 78, 9 MiB
2026/10/01 05:49:04.719, 80 %, 1215 MHz, 27.73 W, 85, 57 MiB
2026/10/01 05:49:05.754, 30 %, 1200 MHz, 27.70 W, 83, 59 MiB
2026/10/01 05:49:06.842, 79 %, 1350 MHz, 16.18 W, 87, 55 MiB
2026/10/01 05:49:07.930, 79 %, 300 MHz, 8.81 W, 81, 59 MiB
2026/10/01 05:49:08.963, 99 %, 300 MHz, 8.75 W, 80, 59 MiB
2026/10/01 05:49:09.966, 99 %, 1350 MHz, 16.72 W, 80, 59 MiB
2026/10/01 05:49:10.976, 58 %, 1350 MHz, 16.68 W, 85, 55 MiB
2026/10/01 05:49:11.980, 0 %, 1350 MHz, 16.47 W, 83, 55 MiB
2026/10/01 05:49:12.983, 9 %, 360 MHz, 10.18 W, 81, 59 MiB
2026/10/01 05:49:13.993, 93 %, 1350 MHz, 27.75 W, 86, 55 MiB
2026/10/01 05:49:15.004, 22 %, 1200 MHz, 27.93 W, 84, 59 MiB
2026/10/01 05:49:16.007, 22 %, 300 MHz, 9.48 W, 86, 57 MiB
2026/10/01 05:49:17.011, 96 %, 300 MHz, 7.66 W, 81, 55 MiB
2026/10/01 05:49:18.014, 11 %, 300 MHz, 8.74 W, 80, 59 MiB
2026/10/01 05:49:19.018, 88 %, 1215 MHz, 28.28 W, 80, 59 MiB
2026/10/01 05:49:20.022, 97 %, 1350 MHz, 16.68 W, 84, 55 MiB
2026/10/01 05:49:21.025, 43 %, 1350 MHz, 16.53 W, 83, 55 MiB
2026/10/01 05:49:22.028, 0 %, 300 MHz, 9.15 W, 86, 59 MiB
2026/10/01 05:49:23.083, 76 %, 300 MHz, 8.81 W, 81, 59 MiB
2026/10/01 05:49:24.188, 99 %, 300 MHz, 8.72 W, 80, 59 MiB
2026/10/01 05:49:25.292, 99 %, 1350 MHz, 16.30 W, 81, 55 MiB
2026/10/01 05:49:26.398, 67 %, 1350 MHz, 16.34 W, 82, 55 MiB
2026/10/01 05:49:27.504, 0 %, 360 MHz, 7.59 W, 81, 55 MiB
2026/10/01 05:49:28.608, 0 %, 1215 MHz, 28.00 W, 82, 59 MiB
2026/10/01 05:49:29.667, 74 %, 1350 MHz, 16.67 W, 84, 55 MiB
2026/10/01 05:49:30.673, 68 %, 1200 MHz, 27.59 W, 88, 57 MiB
2026/10/01 05:49:31.676, 30 %, 300 MHz, 8.52 W, 81, 59 MiB
2026/10/01 05:49:32.716, 91 %, 300 MHz, 8.77 W, 80, 59 MiB
2026/10/01 05:49:33.721, 99 %, 300 MHz, 8.72 W, 80, 59 MiB
2026/10/01 05:49:34.728, 91 %, 1350 MHz, 16.83 W, 84, 55 MiB
2026/10/01 05:49:35.733, 0 %, 1350 MHz, 16.48 W, 83, 55 MiB
2026/10/01 05:49:36.737, 0 %, 360 MHz, 9.92 W, 81, 59 MiB
2026/10/01 05:49:37.746, 90 %, 1350 MHz, 18.04 W, 86, 55 MiB
2026/10/01 05:49:38.752, 15 %, 1200 MHz, 28.12 W, 87, 59 MiB
2026/10/01 05:49:39.756, 91 %, 300 MHz, 8.81 W, 83, 55 MiB
2026/10/01 05:49:40.763, 28 %, 300 MHz, 8.82 W, 81, 59 MiB
2026/10/01 05:49:41.766, 76 %, 300 MHz, 8.75 W, 80, 59 MiB
2026/10/01 05:49:42.770, 99 %, 1290 MHz, 27.10 W, 86, 57 MiB
2026/10/01 05:49:43.774, 70 %, 1350 MHz, 16.61 W, 83, 55 MiB
2026/10/01 05:49:44.777, 0 %, 405 MHz, 10.72 W, 83, 59 MiB
2026/10/01 05:49:45.780, 42 %, 1200 MHz, 27.07 W, 87, 57 MiB
2026/10/01 05:49:46.796, 66 %, 1185 MHz, 16.75 W, 84, 59 MiB
2026/10/01 05:49:47.805, 43 %, 1065 MHz, 25.10 W, 87, 57 MiB
2026/10/01 05:49:48.809, 63 %, 300 MHz, 8.94 W, 82, 59 MiB
2026/10/01 05:49:49.813, 51 %, 300 MHz, 8.84 W, 81, 59 MiB
2026/10/01 05:49:50.817, 99 %, 300 MHz, 8.76 W, 80, 59 MiB
2026/10/01 05:49:51.821, 98 %, 1350 MHz, 16.89 W, 85, 55 MiB
2026/10/01 05:49:52.824, 39 %, 1350 MHz, 16.57 W, 83, 55 MiB
2026/10/01 05:49:53.828, 0 %, 480 MHz, 10.42 W, 82, 59 MiB
2026/10/01 05:49:54.831, 41 %, 1350 MHz, 27.97 W, 87, 55 MiB
2026/10/01 05:49:55.838, 68 %, 1200 MHz, 27.79 W, 84, 59 MiB
2026/10/01 05:49:56.841, 40 %, 300 MHz, 9.42 W, 86, 57 MiB
2026/10/01 05:49:57.847, 96 %, 300 MHz, 7.71 W, 82, 55 MiB
2026/10/01 05:49:58.851, 49 %, 300 MHz, 7.57 W, 80, 55 MiB
2026/10/01 05:49:59.853, 0 %, 300 MHz, 3.53 W, 79, 0 MiB
2026/10/01 05:50:00.858, 0 %, 300 MHz, 3.51 W, 78, 0 MiB
2026/10/01 05:50:01.865, 0 %, 1320 MHz, 28.84 W, 77, 59 MiB
2026/10/01 05:50:02.958, 36 %, 300 MHz, 8.96 W, 85, 57 MiB
2026/10/01 05:50:04.067, 92 %, 300 MHz, 8.55 W, 80, 55 MiB
2026/10/01 05:50:05.174, 73 %, 300 MHz, 7.35 W, 79, 55 MiB
2026/10/01 05:50:06.280, 0 %, 1200 MHz, 28.05 W, 85, 59 MiB
2026/10/01 05:50:07.386, 66 %, 1350 MHz, 16.62 W, 83, 55 MiB
2026/10/01 05:50:08.493, 25 %, 1230 MHz, 28.02 W, 87, 57 MiB
2026/10/01 05:50:09.517, 87 %, 300 MHz, 7.80 W, 81, 59 MiB
2026/10/01 05:50:10.524, 22 %, 300 MHz, 8.76 W, 80, 59 MiB
2026/10/01 05:50:11.528, 99 %, 300 MHz, 8.69 W, 80, 59 MiB
2026/10/01 05:50:12.534, 99 %, 1350 MHz, 20.94 W, 84, 55 MiB
2026/10/01 05:50:13.539, 75 %, 1350 MHz, 16.45 W, 83, 55 MiB
2026/10/01 05:50:14.543, 0 %, 360 MHz, 7.80 W, 81, 55 MiB
2026/10/01 05:50:15.548, 0 %, 1200 MHz, 26.47 W, 86, 57 MiB
2026/10/01 05:50:16.618, 91 %, 1350 MHz, 16.67 W, 83, 55 MiB
2026/10/01 05:50:17.623, 16 %, 300 MHz, 16.59 W, 86, 57 MiB
2026/10/01 05:50:18.630, 85 %, 300 MHz, 7.68 W, 81, 55 MiB
2026/10/01 05:50:19.635, 0 %, 300 MHz, 7.48 W, 80, 55 MiB
2026/10/01 05:50:20.645, 68 %, 1215 MHz, 28.19 W, 85, 59 MiB
2026/10/01 05:50:21.649, 72 %, 1350 MHz, 16.71 W, 84, 55 MiB
2026/10/01 05:50:22.655, 21 %, 1200 MHz, 28.17 W, 87, 59 MiB
2026/10/01 05:50:23.660, 95 %, 300 MHz, 8.50 W, 82, 55 MiB
2026/10/01 05:50:24.667, 10 %, 300 MHz, 8.75 W, 80, 59 MiB
2026/10/01 05:50:25.673, 90 %, 300 MHz, 8.73 W, 80, 59 MiB
2026/10/01 05:50:26.677, 98 %, 1290 MHz, 27.10 W, 86, 57 MiB
2026/10/01 05:50:27.680, 43 %, 1350 MHz, 16.56 W, 83, 55 MiB
2026/10/01 05:50:28.685, 0 %, 1215 MHz, 20.46 W, 84, 59 MiB
2026/10/01 05:50:29.688, 74 %, 300 MHz, 8.91 W, 81, 59 MiB
2026/10/01 05:50:30.694, 99 %, 300 MHz, 8.76 W, 80, 59 MiB
2026/10/01 05:50:31.698, 99 %, 300 MHz, 8.69 W, 80, 59 MiB
2026/10/01 05:50:32.701, 71 %, 1350 MHz, 16.34 W, 82, 55 MiB
2026/10/01 05:50:33.705, 0 %, 1350 MHz, 16.41 W, 82, 55 MiB
2026/10/01 05:50:34.708, 0 %, 360 MHz, 7.52 W, 79, 55 MiB
2026/10/01 05:50:35.714, 62 %, 1275 MHz, 27.92 W, 86, 57 MiB
2026/10/01 05:50:36.716, 47 %, 1350 MHz, 16.58 W, 83, 55 MiB
2026/10/01 05:50:37.719, 64 %, 1350 MHz, 27.55 W, 88, 55 MiB
2026/10/01 05:50:38.723, 27 %, 300 MHz, 8.86 W, 81, 59 MiB
2026/10/01 05:50:39.793, 100 %, 300 MHz, 8.76 W, 80, 59 MiB
2026/10/01 05:50:40.797, 99 %, 1245 MHz, 29.72 W, 80, 59 MiB
2026/10/01 05:50:41.800, 90 %, 1350 MHz, 16.67 W, 84, 55 MiB
2026/10/01 05:50:42.804, 0 %, 1350 MHz, 16.50 W, 83, 55 MiB
2026/10/01 05:50:43.810, 0 %, 1215 MHz, 23.51 W, 81, 59 MiB
2026/10/01 05:50:44.813, 81 %, 1350 MHz, 17.07 W, 87, 55 MiB
2026/10/01 05:50:45.817, 21 %, 1170 MHz, 27.87 W, 86, 59 MiB
2026/10/01 05:50:46.822, 96 %, 300 MHz, 8.09 W, 85, 55 MiB
2026/10/01 05:50:47.826, 20 %, 300 MHz, 8.85 W, 81, 59 MiB
2026/10/01 05:50:48.829, 100 %, 300 MHz, 8.77 W, 80, 59 MiB
2026/10/01 05:50:49.856, 99 %, 1200 MHz, 28.18 W, 82, 59 MiB
2026/10/01 05:50:50.910, 65 %, 1350 MHz, 16.61 W, 84, 55 MiB
2026/10/01 05:50:51.914, 0 %, 1350 MHz, 16.48 W, 83, 55 MiB
2026/10/01 05:50:52.918, 14 %, 1200 MHz, 28.09 W, 81, 59 MiB
2026/10/01 05:50:53.921, 92 %, 1350 MHz, 16.87 W, 85, 55 MiB
2026/10/01 05:50:54.926, 19 %, 1185 MHz, 27.48 W, 87, 59 MiB
2026/10/01 05:50:55.929, 95 %, 300 MHz, 7.92 W, 84, 55 MiB
2026/10/01 05:50:56.935, 9 %, 300 MHz, 3.70 W, 81, 0 MiB
2026/10/01 05:50:57.940, 0 %, 300 MHz, 3.56 W, 78, 0 MiB
2026/10/01 05:50:58.945, 10 %, 1215 MHz, 28.24 W, 82, 59 MiB
2026/10/01 05:50:59.951, 80 %, 1350 MHz, 16.74 W, 84, 55 MiB
2026/10/01 05:51:00.956, 43 %, 765 MHz, 27.96 W, 87, 57 MiB
2026/10/01 05:51:01.959, 55 %, 300 MHz, 8.10 W, 82, 59 MiB
2026/10/01 05:51:02.985, 66 %, 300 MHz, 8.78 W, 81, 59 MiB
2026/10/01 05:51:03.988, 99 %, 300 MHz, 8.73 W, 80, 59 MiB
2026/10/01 05:51:05.053, 97 %, 1350 MHz, 16.95 W, 85, 55 MiB
2026/10/01 05:51:06.103, 23 %, 1350 MHz, 16.52 W, 83, 55 MiB
2026/10/01 05:51:07.109, 0 %, 360 MHz, 7.77 W, 83, 55 MiB
2026/10/01 05:51:08.113, 57 %, 1200 MHz, 27.57 W, 85, 57 MiB
2026/10/01 05:51:09.117, 52 %, 1350 MHz, 16.74 W, 84, 55 MiB
2026/10/01 05:51:10.123, 58 %, 945 MHz, 20.47 W, 88, 57 MiB
2026/10/01 05:51:11.126, 88 %, 300 MHz, 7.77 W, 82, 55 MiB
2026/10/01 05:51:12.129, 0 %, 300 MHz, 8.77 W, 80, 59 MiB
2026/10/01 05:51:13.133, 96 %, 1350 MHz, 21.74 W, 80, 59 MiB
2026/10/01 05:51:14.141, 95 %, 1350 MHz, 16.93 W, 86, 55 MiB
2026/10/01 05:51:15.146, 11 %, 1350 MHz, 16.60 W, 83, 55 MiB
2026/10/01 05:51:16.150, 27 %, 300 MHz, 9.60 W, 86, 59 MiB
2026/10/01 05:51:17.155, 97 %, 300 MHz, 8.85 W, 81, 59 MiB
2026/10/01 05:51:18.162, 99 %, 300 MHz, 8.76 W, 80, 57 MiB
2026/10/01 05:51:19.168, 99 %, 1095 MHz, 15.35 W, 81, 55 MiB
2026/10/01 05:51:20.175, 20 %, 1095 MHz, 15.08 W, 81, 55 MiB
2026/10/01 05:51:21.180, 0 %, 360 MHz, 7.61 W, 80, 55 MiB
2026/10/01 05:51:22.185, 19 %, 1200 MHz, 27.96 W, 85, 59 MiB
2026/10/01 05:51:23.191, 88 %, 1350 MHz, 16.77 W, 84, 55 MiB
2026/10/01 05:51:24.196, 19 %, 1185 MHz, 27.74 W, 87, 59 MiB
2026/10/01 05:51:25.201, 95 %, 300 MHz, 7.87 W, 82, 55 MiB
2026/10/01 05:51:26.206, 15 %, 300 MHz, 8.75 W, 80, 59 MiB
2026/10/01 05:51:27.214, 82 %, 300 MHz, 8.73 W, 80, 59 MiB
2026/10/01 05:51:28.219, 98 %, 1185 MHz, 27.62 W, 86, 57 MiB
2026/10/01 05:51:29.228, 60 %, 1350 MHz, 16.55 W, 83, 55 MiB
2026/10/01 05:51:30.233, 0 %, 420 MHz, 16.50 W, 83, 59 MiB
2026/10/01 05:51:31.252, 50 %, 1185 MHz, 27.79 W, 87, 57 MiB
2026/10/01 05:51:32.285, 52 %, 1200 MHz, 27.88 W, 86, 59 MiB
2026/10/01 05:51:33.390, 64 %, 1350 MHz, 27.11 W, 86, 55 MiB
2026/10/01 05:51:34.498, 44 %, 300 MHz, 8.90 W, 81, 59 MiB
2026/10/01 05:51:35.604, 64 %, 300 MHz, 8.79 W, 81, 59 MiB
2026/10/01 05:51:36.709, 99 %, 300 MHz, 8.73 W, 80, 59 MiB
2026/10/01 05:51:37.797, 97 %, 1350 MHz, 16.69 W, 84, 55 MiB
2026/10/01 05:51:38.802, 28 %, 1350 MHz, 16.55 W, 83, 55 MiB
2026/10/01 05:51:39.807, 0 %, 360 MHz, 7.60 W, 81, 55 MiB
2026/10/01 05:51:40.878, 27 %, 1185 MHz, 27.61 W, 87, 57 MiB
2026/10/01 05:51:41.890, 74 %, 1215 MHz, 18.42 W, 85, 59 MiB
2026/10/01 05:51:42.897, 42 %, 300 MHz, 9.53 W, 85, 57 MiB
2026/10/01 05:51:43.901, 96 %, 300 MHz, 7.69 W, 81, 55 MiB
2026/10/01 05:51:44.906, 42 %, 300 MHz, 7.51 W, 80, 55 MiB
2026/10/01 05:51:45.913, 18 %, 1215 MHz, 28.15 W, 84, 59 MiB
2026/10/01 05:51:46.917, 97 %, 1350 MHz, 16.88 W, 84, 55 MiB
2026/10/01 05:51:47.923, 24 %, 1200 MHz, 27.79 W, 86, 59 MiB
2026/10/01 05:51:48.927, 63 %, 300 MHz, 9.28 W, 83, 57 MiB
2026/10/01 05:51:49.933, 97 %, 300 MHz, 7.67 W, 81, 55 MiB
2026/10/01 05:51:50.940, 12 %, 300 MHz, 8.72 W, 80, 59 MiB
2026/10/01 05:51:51.944, 54 %, 1200 MHz, 28.10 W, 85, 59 MiB
2026/10/01 05:51:52.949, 96 %, 1350 MHz, 16.75 W, 84, 55 MiB
2026/10/01 05:51:53.957, 6 %, 1350 MHz, 16.57 W, 83, 0 MiB
2026/10/01 05:51:54.961, 0 %, 360 MHz, 3.67 W, 79, 0 MiB
2026/10/01 05:51:55.968, 0 %, 1230 MHz, 28.15 W, 84, 59 MiB
2026/10/01 05:51:56.974, 63 %, 1350 MHz, 16.92 W, 84, 55 MiB
2026/10/01 05:51:57.981, 27 %, 1170 MHz, 28.05 W, 88, 59 MiB
2026/10/01 05:51:58.985, 93 %, 1350 MHz, 16.86 W, 84, 55 MiB
2026/10/01 05:51:59.990, 17 %, 885 MHz, 19.59 W, 86, 59 MiB
2026/10/01 05:52:00.994, 95 %, 1350 MHz, 16.95 W, 85, 55 MiB
2026/10/01 05:52:02.000, 14 %, 525 MHz, 19.57 W, 87, 59 MiB
2026/10/01 05:52:03.005, 96 %, 1350 MHz, 16.99 W, 85, 55 MiB
2026/10/01 05:52:04.010, 13 %, 300 MHz, 9.01 W, 82, 59 MiB
2026/10/01 05:52:05.015, 95 %, 300 MHz, 8.88 W, 81, 59 MiB
2026/10/01 05:52:06.020, 99 %, 300 MHz, 8.79 W, 80, 59 MiB
2026/10/01 05:52:07.025, 98 %, 1350 MHz, 16.92 W, 84, 55 MiB
2026/10/01 05:52:08.029, 36 %, 1350 MHz, 16.61 W, 83, 55 MiB
2026/10/01 05:52:09.035, 0 %, 360 MHz, 7.57 W, 81, 55 MiB
2026/10/01 05:52:10.048, 11 %, 1200 MHz, 28.11 W, 87, 55 MiB
2026/10/01 05:52:11.089, 93 %, 1290 MHz, 16.79 W, 84, 59 MiB
2026/10/01 05:52:12.095, 19 %, 300 MHz, 9.38 W, 85, 57 MiB
2026/10/01 05:52:13.099, 99 %, 300 MHz, 8.91 W, 82, 57 MiB
2026/10/01 05:52:14.103, 45 %, 300 MHz, 7.55 W, 80, 55 MiB
2026/10/01 05:52:15.108, 0 %, 1350 MHz, 16.29 W, 82, 55 MiB
2026/10/01 05:52:16.113, 55 %, 1185 MHz, 27.81 W, 87, 59 MiB
2026/10/01 05:52:17.121, 52 %, 1350 MHz, 16.77 W, 84, 55 MiB
2026/10/01 05:52:18.140, 62 %, 300 MHz, 8.92 W, 81, 59 MiB
2026/10/01 05:52:19.174, 99 %, 300 MHz, 8.79 W, 80, 59 MiB
2026/10/01 05:52:20.208, 99 %, 300 MHz, 8.74 W, 80, 59 MiB
2026/10/01 05:52:21.244, 81 %, 1350 MHz, 16.69 W, 83, 55 MiB
2026/10/01 05:52:22.278, 0 %, 1350 MHz, 16.52 W, 83, 55 MiB
2026/10/01 05:52:23.289, 0 %, 360 MHz, 7.63 W, 80, 55 MiB
2026/10/01 05:52:24.294, 51 %, 1185 MHz, 28.13 W, 86, 59 MiB
2026/10/01 05:52:25.299, 54 %, 1350 MHz, 16.77 W, 84, 55 MiB
2026/10/01 05:52:26.321, 60 %, 300 MHz, 12.93 W, 85, 57 MiB
2026/10/01 05:52:27.338, 98 %, 300 MHz, 8.94 W, 81, 57 MiB
2026/10/01 05:52:28.344, 57 %, 300 MHz, 7.55 W, 80, 55 MiB
2026/10/01 05:52:29.350, 0 %, 1290 MHz, 15.94 W, 82, 59 MiB
2026/10/01 05:52:30.354, 73 %, 1350 MHz, 27.94 W, 86, 55 MiB
2026/10/01 05:52:31.357, 25 %, 1185 MHz, 27.82 W, 87, 59 MiB
2026/10/01 05:52:32.363, 96 %, 300 MHz, 9.46 W, 84, 57 MiB
2026/10/01 05:52:33.368, 36 %, 300 MHz, 7.65 W, 80, 55 MiB
2026/10/01 05:52:34.373, 58 %, 300 MHz, 8.77 W, 80, 59 MiB
2026/10/01 05:52:35.377, 98 %, 1200 MHz, 27.94 W, 85, 59 MiB
2026/10/01 05:52:36.383, 64 %, 1350 MHz, 16.72 W, 84, 55 MiB
2026/10/01 05:52:37.389, 0 %, 1350 MHz, 16.58 W, 83, 55 MiB
2026/10/01 05:52:38.394, 60 %, 300 MHz, 9.24 W, 82, 59 MiB
2026/10/01 05:52:39.399, 99 %, 300 MHz, 8.84 W, 81, 59 MiB
2026/10/01 05:52:40.404, 99 %, 300 MHz, 8.77 W, 80, 57 MiB
2026/10/01 05:52:41.408, 83 %, 1350 MHz, 16.31 W, 82, 55 MiB
2026/10/01 05:52:42.413, 0 %, 1350 MHz, 16.41 W, 82, 55 MiB
2026/10/01 05:52:43.420, 0 %, 360 MHz, 7.61 W, 80, 55 MiB
2026/10/01 05:52:44.426, 50 %, 1200 MHz, 27.83 W, 86, 59 MiB
2026/10/01 05:52:45.430, 54 %, 1350 MHz, 16.72 W, 84, 55 MiB
2026/10/01 05:52:46.437, 58 %, 885 MHz, 19.44 W, 86, 57 MiB
2026/10/01 05:52:47.445, 46 %, 300 MHz, 7.85 W, 81, 55 MiB
2026/10/01 05:52:48.450, 70 %, 300 MHz, 8.81 W, 81, 59 MiB
2026/10/01 05:52:49.455, 99 %, 300 MHz, 8.78 W, 80, 59 MiB
2026/10/01 05:52:50.460, 96 %, 1350 MHz, 24.79 W, 85, 55 MiB
2026/10/01 05:52:51.464, 15 %, 1350 MHz, 16.61 W, 83, 55 MiB
2026/10/01 05:52:52.470, 0 %, 360 MHz, 7.84 W, 81, 55 MiB
2026/10/01 05:52:53.477, 0 %, 360 MHz, 4.92 W, 78, 0 MiB
2026/10/01 05:52:54.483, 0 %, 1245 MHz, 18.89 W, 82, 59 MiB
2026/10/01 05:52:55.490, 80 %, 1350 MHz, 18.10 W, 84, 55 MiB
2026/10/01 05:52:56.495, 28 %, 1200 MHz, 27.66 W, 87, 59 MiB
2026/10/01 05:52:57.500, 84 %, 1350 MHz, 16.91 W, 84, 55 MiB
2026/10/01 05:52:58.506, 27 %, 300 MHz, 19.00 W, 86, 59 MiB
2026/10/01 05:52:59.510, 98 %, 300 MHz, 8.95 W, 81, 59 MiB
2026/10/01 05:53:00.515, 99 %, 300 MHz, 8.79 W, 80, 57 MiB
2026/10/01 05:53:01.520, 99 %, 1350 MHz, 25.17 W, 81, 55 MiB
2026/10/01 05:53:02.526, 19 %, 1140 MHz, 15.35 W, 82, 55 MiB
2026/10/01 05:53:03.531, 0 %, 390 MHz, 8.65 W, 81, 55 MiB
2026/10/01 05:53:04.539, 18 %, 1215 MHz, 27.31 W, 84, 59 MiB
2026/10/01 05:53:05.543, 90 %, 1350 MHz, 16.93 W, 84, 55 MiB
2026/10/01 05:53:06.548, 18 %, 1185 MHz, 27.85 W, 87, 59 MiB
2026/10/01 05:53:07.552, 83 %, 300 MHz, 8.14 W, 83, 55 MiB
2026/10/01 05:53:08.557, 34 %, 300 MHz, 8.84 W, 81, 59 MiB
2026/10/01 05:53:09.562, 100 %, 300 MHz, 8.75 W, 80, 59 MiB
2026/10/01 05:53:10.566, 98 %, 1215 MHz, 28.10 W, 85, 59 MiB
2026/10/01 05:53:11.571, 52 %, 1350 MHz, 16.60 W, 83, 55 MiB
2026/10/01 05:53:12.576, 0 %, 1350 MHz, 16.47 W, 83, 55 MiB
2026/10/01 05:53:13.581, 27 %, 1200 MHz, 27.78 W, 86, 59 MiB
2026/10/01 05:53:14.638, 75 %, 1350 MHz, 16.86 W, 84, 55 MiB
2026/10/01 05:53:15.742, 40 %, 555 MHz, 27.76 W, 87, 59 MiB
2026/10/01 05:53:16.851, 64 %, 300 MHz, 7.97 W, 82, 55 MiB
2026/10/01 05:53:17.959, 48 %, 300 MHz, 8.85 W, 81, 59 MiB
2026/10/01 05:53:19.064, 99 %, 300 MHz, 8.78 W, 80, 59 MiB
2026/10/01 05:53:20.170, 97 %, 1200 MHz, 27.82 W, 86, 57 MiB
2026/10/01 05:53:21.275, 29 %, 1350 MHz, 16.62 W, 83, 55 MiB
2026/10/01 05:53:22.315, 0 %, 405 MHz, 8.80 W, 82, 55 MiB
2026/10/01 05:53:23.319, 49 %, 1185 MHz, 28.25 W, 87, 57 MiB
2026/10/01 05:53:24.401, 54 %, 1350 MHz, 16.76 W, 84, 59 MiB
2026/10/01 05:53:25.407, 58 %, 1035 MHz, 22.71 W, 87, 57 MiB
2026/10/01 05:53:26.417, 81 %, 300 MHz, 7.70 W, 81, 55 MiB
2026/10/01 05:53:27.420, 8 %, 300 MHz, 8.81 W, 81, 59 MiB
2026/10/01 05:53:28.424, 100 %, 1215 MHz, 29.03 W, 80, 59 MiB
2026/10/01 05:53:29.428, 96 %, 1350 MHz, 16.83 W, 85, 55 MiB
2026/10/01 05:53:30.431, 12 %, 1350 MHz, 16.61 W, 83, 55 MiB
2026/10/01 05:53:31.434, 16 %, 300 MHz, 9.25 W, 86, 59 MiB
2026/10/01 05:53:32.437, 97 %, 300 MHz, 8.83 W, 81, 59 MiB
2026/10/01 05:53:33.441, 99 %, 300 MHz, 8.78 W, 80, 57 MiB
2026/10/01 05:53:34.446, 99 %, 1350 MHz, 16.42 W, 82, 55 MiB
2026/10/01 05:53:35.450, 33 %, 1350 MHz, 16.41 W, 82, 55 MiB
2026/10/01 05:53:36.456, 0 %, 360 MHz, 7.57 W, 80, 55 MiB
2026/10/01 05:53:37.462, 12 %, 1200 MHz, 27.65 W, 86, 57 MiB
2026/10/01 05:53:38.467, 92 %, 1350 MHz, 16.69 W, 85, 59 MiB
2026/10/01 05:53:39.479, 19 %, 1155 MHz, 20.95 W, 86, 55 MiB
2026/10/01 05:53:40.493, 81 %, 300 MHz, 8.89 W, 81, 59 MiB
2026/10/01 05:53:41.542, 38 %, 300 MHz, 8.82 W, 80, 59 MiB
2026/10/01 05:53:42.650, 99 %, 300 MHz, 8.47 W, 80, 59 MiB
2026/10/01 05:53:43.755, 98 %, 1350 MHz, 16.87 W, 84, 55 MiB
2026/10/01 05:53:44.817, 55 %, 1350 MHz, 16.57 W, 83, 55 MiB
2026/10/01 05:53:45.822, 0 %, 360 MHz, 9.86 W, 81, 59 MiB
2026/10/01 05:53:46.826, 13 %, 1170 MHz, 27.91 W, 87, 55 MiB
2026/10/01 05:53:47.838, 20 %, 1200 MHz, 27.85 W, 86, 59 MiB
2026/10/01 05:53:48.842, 96 %, 300 MHz, 9.44 W, 84, 57 MiB
2026/10/01 05:53:49.848, 83 %, 300 MHz, 7.70 W, 81, 55 MiB
2026/10/01 05:53:50.855, 0 %, 300 MHz, 7.52 W, 80, 55 MiB
2026/10/01 05:53:51.859, 0 %, 300 MHz, 3.59 W, 78, 0 MiB
2026/10/01 05:53:52.864, 0 %, 300 MHz, 4.43 W, 77, 9 MiB
2026/10/01 05:53:53.870, 66 %, 1200 MHz, 27.57 W, 86, 57 MiB
2026/10/01 05:53:54.876, 26 %, 1200 MHz, 27.83 W, 85, 59 MiB
2026/10/01 05:53:55.879, 90 %, 1350 MHz, 17.06 W, 85, 55 MiB
2026/10/01 05:53:56.882, 30 %, 1200 MHz, 27.82 W, 87, 59 MiB
2026/10/01 05:53:57.886, 96 %, 300 MHz, 9.01 W, 82, 57 MiB
2026/10/01 05:53:58.890, 99 %, 300 MHz, 8.48 W, 81, 55 MiB
2026/10/01 05:53:59.893, 27 %, 300 MHz, 7.53 W, 80, 55 MiB
2026/10/01 05:54:00.896, 0 %, 525 MHz, 10.67 W, 81, 59 MiB
2026/10/01 05:54:01.899, 78 %, 1200 MHz, 17.90 W, 86, 55 MiB
2026/10/01 05:54:02.956, 29 %, 300 MHz, 9.42 W, 83, 59 MiB
2026/10/01 05:54:03.959, 83 %, 300 MHz, 8.85 W, 81, 59 MiB
2026/10/01 05:54:04.962, 99 %, 300 MHz, 8.76 W, 80, 59 MiB
2026/10/01 05:54:05.966, 99 %, 1215 MHz, 28.66 W, 80, 57 MiB
2026/10/01 05:54:06.969, 60 %, 1350 MHz, 16.49 W, 83, 55 MiB
2026/10/01 05:54:07.972, 0 %, 405 MHz, 16.48 W, 82, 55 MiB
2026/10/01 05:54:08.976, 0 %, 1215 MHz, 10.40 W, 82, 59 MiB
2026/10/01 05:54:09.985, 75 %, 1350 MHz, 17.08 W, 85, 55 MiB
2026/10/01 05:54:11.005, 33 %, 1200 MHz, 28.05 W, 87, 59 MiB
2026/10/01 05:54:12.027, 79 %, 300 MHz, 9.22 W, 83, 57 MiB
2026/10/01 05:54:13.046, 71 %, 300 MHz, 7.64 W, 80, 55 MiB
2026/10/01 05:54:14.068, 8 %, 300 MHz, 8.74 W, 80, 59 MiB
2026/10/01 05:54:15.086, 99 %, 1200 MHz, 28.03 W, 86, 59 MiB
2026/10/01 05:54:16.109, 75 %, 1335 MHz, 16.68 W, 83, 55 MiB
2026/10/01 05:54:17.128, 0 %, 1185 MHz, 28.02 W, 87, 59 MiB
2026/10/01 05:54:18.147, 77 %, 300 MHz, 9.06 W, 82, 57 MiB
2026/10/01 05:54:19.151, 99 %, 300 MHz, 8.83 W, 80, 57 MiB
2026/10/01 05:54:20.156, 69 %, 300 MHz, 7.53 W, 79, 55 MiB
2026/10/01 05:54:21.160, 0 %, 405 MHz, 16.24 W, 81, 59 MiB
2026/10/01 05:54:22.167, 41 %, 1200 MHz, 27.72 W, 87, 57 MiB
2026/10/01 05:54:23.172, 65 %, 1185 MHz, 16.64 W, 85, 59 MiB
2026/10/01 05:54:24.179, 48 %, 300 MHz, 8.92 W, 81, 59 MiB
2026/10/01 05:54:25.183, 99 %, 300 MHz, 8.77 W, 80, 59 MiB
2026/10/01 05:54:26.206, 99 %, 300 MHz, 8.71 W, 80, 59 MiB
2026/10/01 05:54:27.296, 95 %, 1320 MHz, 16.31 W, 82, 55 MiB
2026/10/01 05:54:28.313, 0 %, 1320 MHz, 16.26 W, 82, 55 MiB
2026/10/01 05:54:29.317, 0 %, 360 MHz, 7.56 W, 80, 59 MiB
2026/10/01 05:54:30.325, 41 %, 1185 MHz, 28.10 W, 87, 57 MiB
2026/10/01 05:54:31.329, 68 %, 1350 MHz, 16.66 W, 85, 59 MiB
2026/10/01 05:54:32.332, 43 %, 300 MHz, 9.32 W, 85, 57 MiB
2026/10/01 05:54:33.339, 96 %, 300 MHz, 7.73 W, 81, 55 MiB
2026/10/01 05:54:34.346, 6 %, 300 MHz, 8.74 W, 80, 59 MiB
2026/10/01 05:54:35.350, 81 %, 1215 MHz, 28.98 W, 84, 59 MiB
2026/10/01 05:54:36.354, 96 %, 1350 MHz, 16.82 W, 84, 55 MiB
2026/10/01 05:54:37.359, 16 %, 1350 MHz, 16.58 W, 83, 55 MiB
2026/10/01 05:54:38.364, 33 %, 300 MHz, 9.53 W, 84, 59 MiB
2026/10/01 05:54:39.368, 91 %, 300 MHz, 8.85 W, 81, 57 MiB
2026/10/01 05:54:40.373, 99 %, 300 MHz, 8.75 W, 80, 55 MiB
2026/10/01 05:54:41.378, 53 %, 1350 MHz, 16.07 W, 81, 55 MiB
2026/10/01 05:54:42.382, 0 %, 360 MHz, 7.72 W, 80, 55 MiB
2026/10/01 05:54:43.388, 30 %, 1200 MHz, 28.04 W, 86, 57 MiB
2026/10/01 05:54:44.398, 73 %, 1350 MHz, 16.64 W, 84, 59 MiB
2026/10/01 05:54:45.422, 41 %, 645 MHz, 20.35 W, 86, 57 MiB
2026/10/01 05:54:46.520, 59 %, 1215 MHz, 28.36 W, 87, 59 MiB
2026/10/01 05:54:47.524, 59 %, 300 MHz, 9.21 W, 83, 59 MiB
2026/10/01 05:54:48.529, 98 %, 300 MHz, 8.86 W, 81, 57 MiB
2026/10/01 05:54:49.534, 99 %, 300 MHz, 7.58 W, 80, 55 MiB
2026/10/01 05:54:50.539, 25 %, 1350 MHz, 16.26 W, 82, 55 MiB
2026/10/01 05:54:51.542, 0 %, 360 MHz, 4.97 W, 79, 0 MiB
2026/10/01 05:54:52.548, 0 %, 300 MHz, 3.54 W, 77, 0 MiB
2026/10/01 05:54:53.555, 0 %, 1215 MHz, 28.16 W, 84, 59 MiB
2026/10/01 05:54:54.560, 80 %, 1350 MHz, 16.68 W, 83, 55 MiB
2026/10/01 05:54:55.566, 28 %, 1200 MHz, 28.05 W, 87, 57 MiB
2026/10/01 05:54:56.574, 71 %, 300 MHz, 8.04 W, 81, 59 MiB
2026/10/01 05:54:57.580, 52 %, 300 MHz, 8.79 W, 80, 59 MiB
2026/10/01 05:54:58.584, 99 %, 300 MHz, 8.73 W, 80, 59 MiB
2026/10/01 05:54:59.589, 97 %, 1350 MHz, 16.85 W, 84, 55 MiB
2026/10/01 05:55:00.594, 33 %, 1350 MHz, 16.48 W, 83, 55 MiB
2026/10/01 05:55:01.601, 0 %, 360 MHz, 10.16 W, 81, 59 MiB
2026/10/01 05:55:02.605, 47 %, 1215 MHz, 27.83 W, 86, 55 MiB
2026/10/01 05:55:03.608, 55 %, 1200 MHz, 27.90 W, 86, 59 MiB
2026/10/01 05:55:04.612, 60 %, 300 MHz, 12.46 W, 84, 55 MiB
2026/10/01 05:55:05.617, 43 %, 300 MHz, 8.91 W, 81, 59 MiB
2026/10/01 05:55:06.621, 74 %, 300 MHz, 8.78 W, 80, 59 MiB
2026/10/01 05:55:07.626, 99 %, 1215 MHz, 29.61 W, 83, 59 MiB
2026/10/01 05:55:08.630, 96 %, 1350 MHz, 16.65 W, 83, 55 MiB
2026/10/01 05:55:09.635, 10 %, 1350 MHz, 16.53 W, 83, 55 MiB
2026/10/01 05:55:10.638, 0 %, 570 MHz, 12.32 W, 81, 59 MiB
2026/10/01 05:55:11.642, 68 %, 1350 MHz, 17.12 W, 85, 55 MiB
2026/10/01 05:55:12.647, 45 %, 1185 MHz, 27.82 W, 86, 59 MiB
2026/10/01 05:55:13.657, 57 %, 300 MHz, 9.26 W, 83, 57 MiB
2026/10/01 05:55:14.662, 98 %, 300 MHz, 8.90 W, 81, 57 MiB
2026/10/01 05:55:15.668, 66 %, 300 MHz, 7.54 W, 80, 55 MiB
2026/10/01 05:55:16.674, 0 %, 1200 MHz, 28.14 W, 85, 59 MiB
2026/10/01 05:55:17.678, 60 %, 1350 MHz, 16.93 W, 84, 55 MiB
2026/10/01 05:55:18.683, 30 %, 1170 MHz, 27.86 W, 88, 59 MiB
2026/10/01 05:55:19.686, 95 %, 300 MHz, 9.01 W, 82, 55 MiB
2026/10/01 05:55:20.778, 73 %, 300 MHz, 7.54 W, 80, 55 MiB
2026/10/01 05:55:21.782, 0 %, 300 MHz, 8.72 W, 80, 59 MiB
2026/10/01 05:55:22.785, 95 %, 1200 MHz, 27.78 W, 86, 57 MiB
2026/10/01 05:55:23.789, 78 %, 1350 MHz, 16.63 W, 83, 55 MiB
2026/10/01 05:55:24.792, 0 %, 1185 MHz, 27.94 W, 87, 59 MiB
2026/10/01 05:55:25.795, 78 %, 300 MHz, 8.98 W, 82, 57 MiB
2026/10/01 05:55:26.801, 99 %, 300 MHz, 7.61 W, 80, 55 MiB
2026/10/01 05:55:27.806, 50 %, 300 MHz, 7.47 W, 79, 55 MiB
2026/10/01 05:55:28.810, 0 %, 1200 MHz, 28.07 W, 84, 59 MiB
2026/10/01 05:55:29.813, 73 %, 1350 MHz, 16.74 W, 84, 55 MiB
2026/10/01 05:55:30.834, 26 %, 300 MHz, 13.88 W, 87, 59 MiB
2026/10/01 05:55:31.863, 96 %, 300 MHz, 8.92 W, 81, 57 MiB
2026/10/01 05:55:32.869, 99 %, 300 MHz, 7.58 W, 80, 55 MiB
2026/10/01 05:55:33.873, 37 %, 1350 MHz, 15.94 W, 79, 55 MiB
2026/10/01 05:55:34.876, 0 %, 1215 MHz, 28.20 W, 83, 59 MiB
2026/10/01 05:55:35.883, 76 %, 1350 MHz, 16.79 W, 84, 55 MiB
2026/10/01 05:55:36.887, 31 %, 300 MHz, 9.48 W, 87, 59 MiB
2026/10/01 05:55:37.891, 81 %, 300 MHz, 8.81 W, 81, 59 MiB
2026/10/01 05:55:38.897, 99 %, 300 MHz, 8.76 W, 80, 59 MiB
2026/10/01 05:55:39.902, 99 %, 1350 MHz, 19.36 W, 82, 55 MiB
2026/10/01 05:55:40.906, 62 %, 1350 MHz, 16.36 W, 82, 55 MiB
2026/10/01 05:55:41.912, 0 %, 360 MHz, 7.74 W, 82, 55 MiB
2026/10/01 05:55:42.916, 0 %, 1215 MHz, 28.35 W, 82, 59 MiB
2026/10/01 05:55:43.919, 72 %, 1350 MHz, 16.79 W, 85, 55 MiB
2026/10/01 05:55:44.923, 34 %, 1200 MHz, 28.03 W, 86, 59 MiB
2026/10/01 05:55:45.926, 77 %, 300 MHz, 7.91 W, 83, 55 MiB
2026/10/01 05:55:46.930, 24 %, 300 MHz, 3.66 W, 79, 0 MiB
2026/10/01 05:55:47.934, 0 %, 300 MHz, 3.55 W, 78, 0 MiB
2026/10/01 05:55:48.940, 2 %, 1260 MHz, 28.16 W, 84, 59 MiB
2026/10/01 05:55:49.952, 92 %, 1350 MHz, 16.59 W, 84, 55 MiB
2026/10/01 05:55:51.029, 16 %, 630 MHz, 26.99 W, 87, 57 MiB
2026/10/01 05:55:52.035, 95 %, 300 MHz, 7.77 W, 82, 55 MiB
2026/10/01 05:55:53.050, 16 %, 300 MHz, 8.77 W, 80, 59 MiB
2026/10/01 05:55:54.053, 100 %, 300 MHz, 8.72 W, 80, 59 MiB
2026/10/01 05:55:55.057, 99 %, 1200 MHz, 27.54 W, 85, 55 MiB
2026/10/01 05:55:56.104, 67 %, 1350 MHz, 16.52 W, 83, 55 MiB
2026/10/01 05:55:57.108, 0 %, 360 MHz, 7.80 W, 83, 55 MiB
2026/10/01 05:55:58.111, 16 %, 1215 MHz, 27.94 W, 85, 57 MiB
2026/10/01 05:55:59.114, 92 %, 1350 MHz, 16.71 W, 84, 59 MiB
2026/10/01 05:56:00.117, 19 %, 1020 MHz, 19.54 W, 87, 57 MiB
2026/10/01 05:56:01.121, 93 %, 300 MHz, 7.74 W, 82, 55 MiB
2026/10/01 05:56:02.125, 15 %, 300 MHz, 8.80 W, 81, 59 MiB
2026/10/01 05:56:03.128, 99 %, 1350 MHz, 8.56 W, 80, 59 MiB
2026/10/01 05:56:04.135, 98 %, 1350 MHz, 16.84 W, 86, 55 MiB
2026/10/01 05:56:05.140, 45 %, 1350 MHz, 16.54 W, 83, 55 MiB
2026/10/01 05:56:06.143, 0 %, 1275 MHz, 18.78 W, 82, 59 MiB
2026/10/01 05:56:07.146, 48 %, 1350 MHz, 17.12 W, 87, 55 MiB
2026/10/01 05:56:08.149, 61 %, 1185 MHz, 28.26 W, 84, 59 MiB
2026/10/01 05:56:09.153, 45 %, 300 MHz, 8.34 W, 84, 55 MiB
2026/10/01 05:56:10.158, 69 %, 300 MHz, 8.86 W, 81, 59 MiB
2026/10/01 05:56:11.161, 37 %, 300 MHz, 8.77 W, 80, 59 MiB
2026/10/01 05:56:12.166, 100 %, 1215 MHz, 28.18 W, 85, 59 MiB
2026/10/01 05:56:13.173, 96 %, 1350 MHz, 16.70 W, 84, 55 MiB
2026/10/01 05:56:14.179, 21 %, 1350 MHz, 16.58 W, 83, 55 MiB
2026/10/01 05:56:15.184, 0 %, 1185 MHz, 28.05 W, 87, 59 MiB
2026/10/01 05:56:16.189, 79 %, 1350 MHz, 16.89 W, 84, 55 MiB
2026/10/01 05:56:17.193, 24 %, 750 MHz, 19.62 W, 86, 59 MiB
2026/10/01 05:56:18.202, 88 %, 300 MHz, 7.97 W, 82, 55 MiB
2026/10/01 05:56:19.206, 18 %, 300 MHz, 8.86 W, 81, 59 MiB
2026/10/01 05:56:20.211, 97 %, 300 MHz, 8.80 W, 80, 59 MiB
2026/10/01 05:56:21.216, 99 %, 1215 MHz, 28.50 W, 86, 57 MiB
2026/10/01 05:56:22.221, 86 %, 1350 MHz, 16.64 W, 83, 55 MiB
2026/10/01 05:56:23.227, 0 %, 405 MHz, 7.98 W, 82, 55 MiB
2026/10/01 05:56:24.232, 0 %, 1185 MHz, 27.95 W, 87, 59 MiB
2026/10/01 05:56:25.238, 84 %, 1275 MHz, 16.34 W, 84, 55 MiB
2026/10/01 05:56:26.241, 18 %, 1005 MHz, 20.89 W, 87, 59 MiB
2026/10/01 05:56:27.246, 93 %, 300 MHz, 7.89 W, 82, 55 MiB
2026/10/01 05:56:28.251, 44 %, 300 MHz, 8.85 W, 81, 59 MiB
2026/10/01 05:56:29.256, 48 %, 300 MHz, 8.80 W, 80, 59 MiB
2026/10/01 05:56:30.262, 99 %, 1350 MHz, 17.88 W, 85, 55 MiB
2026/10/01 05:56:31.270, 70 %, 1350 MHz, 16.65 W, 83, 55 MiB
2026/10/01 05:56:32.275, 0 %, 1170 MHz, 27.97 W, 87, 59 MiB
2026/10/01 05:56:33.281, 56 %, 300 MHz, 8.94 W, 81, 59 MiB
2026/10/01 05:56:34.286, 99 %, 300 MHz, 8.73 W, 80, 57 MiB
2026/10/01 05:56:35.297, 99 %, 1350 MHz, 25.59 W, 81, 57 MiB
2026/10/01 05:56:36.309, 88 %, 1350 MHz, 16.43 W, 82, 55 MiB
2026/10/01 05:56:37.320, 0 %, 405 MHz, 7.88 W, 81, 55 MiB
2026/10/01 05:56:38.330, 0 %, 1230 MHz, 27.99 W, 83, 59 MiB
2026/10/01 05:56:39.334, 47 %, 1350 MHz, 16.94 W, 84, 55 MiB
2026/10/01 05:56:40.339, 56 %, 1170 MHz, 27.64 W, 87, 59 MiB
2026/10/01 05:56:41.344, 58 %, 300 MHz, 8.22 W, 83, 55 MiB
2026/10/01 05:56:42.350, 43 %, 300 MHz, 3.63 W, 79, 0 MiB
2026/10/01 05:56:43.360, 0 %, 300 MHz, 3.55 W, 78, 0 MiB
2026/10/01 05:56:44.367, 0 %, 1215 MHz, 28.10 W, 84, 59 MiB
2026/10/01 05:56:45.380, 50 %, 1350 MHz, 16.83 W, 84, 55 MiB
2026/10/01 05:56:46.386, 47 %, 1200 MHz, 28.02 W, 87, 59 MiB
2026/10/01 05:56:47.395, 67 %, 300 MHz, 8.01 W, 82, 55 MiB
2026/10/01 05:56:48.401, 32 %, 300 MHz, 8.88 W, 81, 59 MiB
2026/10/01 05:56:49.409, 87 %, 300 MHz, 8.76 W, 80, 59 MiB
2026/10/01 05:56:50.414, 99 %, 1215 MHz, 27.86 W, 86, 57 MiB
2026/10/01 05:56:51.419, 95 %, 1350 MHz, 16.62 W, 83, 55 MiB
2026/10/01 05:56:52.424, 4 %, 1350 MHz, 16.53 W, 83, 55 MiB
2026/10/01 05:56:53.430, 0 %, 1200 MHz, 27.91 W, 86, 59 MiB
2026/10/01 05:56:54.434, 75 %, 1350 MHz, 16.86 W, 84, 55 MiB
2026/10/01 05:56:55.491, 34 %, 1170 MHz, 27.63 W, 88, 59 MiB
2026/10/01 05:56:56.597, 75 %, 300 MHz, 9.07 W, 82, 57 MiB
2026/10/01 05:56:57.703, 91 %, 300 MHz, 7.66 W, 80, 55 MiB
2026/10/01 05:56:58.762, 0 %, 300 MHz, 8.74 W, 80, 59 MiB
2026/10/01 05:56:59.767, 75 %, 1200 MHz, 27.81 W, 87, 57 MiB
2026/10/01 05:57:00.774, 91 %, 1350 MHz, 16.68 W, 83, 55 MiB
2026/10/01 05:57:01.778, 0 %, 1170 MHz, 27.63 W, 88, 59 MiB
2026/10/01 05:57:02.784, 72 %, 300 MHz, 9.03 W, 82, 57 MiB
2026/10/01 05:57:03.789, 96 %, 300 MHz, 7.63 W, 80, 55 MiB
2026/10/01 05:57:04.794, 43 %, 300 MHz, 7.50 W, 79, 55 MiB
2026/10/01 05:57:05.798, 0 %, 1200 MHz, 28.03 W, 86, 59 MiB
2026/10/01 05:57:06.803, 90 %, 1350 MHz, 16.70 W, 83, 55 MiB
2026/10/01 05:57:07.807, 15 %, 300 MHz, 14.27 W, 85, 57 MiB
2026/10/01 05:57:08.811, 95 %, 300 MHz, 8.93 W, 81, 57 MiB
2026/10/01 05:57:09.817, 6 %, 300 MHz, 7.53 W, 80, 55 MiB
2026/10/01 05:57:10.823, 39 %, 1245 MHz, 28.60 W, 83, 59 MiB
2026/10/01 05:57:11.827, 74 %, 1350 MHz, 16.94 W, 84, 55 MiB
2026/10/01 05:57:12.832, 35 %, 1200 MHz, 27.94 W, 87, 59 MiB
2026/10/01 05:57:13.838, 96 %, 300 MHz, 9.19 W, 83, 57 MiB
2026/10/01 05:57:14.842, 49 %, 300 MHz, 7.66 W, 80, 55 MiB
2026/10/01 05:57:15.846, 10 %, 300 MHz, 8.73 W, 80, 59 MiB
2026/10/01 05:57:16.849, 97 %, 1200 MHz, 28.17 W, 85, 59 MiB
2026/10/01 05:57:17.858, 43 %, 1350 MHz, 16.74 W, 84, 55 MiB
2026/10/01 05:57:18.861, 35 %, 1185 MHz, 28.10 W, 87, 59 MiB
2026/10/01 05:57:19.935, 94 %, 300 MHz, 7.97 W, 83, 55 MiB
2026/10/01 05:57:20.939, 1 %, 300 MHz, 8.82 W, 80, 59 MiB
2026/10/01 05:57:21.942, 100 %, 300 MHz, 8.76 W, 80, 59 MiB
2026/10/01 05:57:22.946, 96 %, 1350 MHz, 27.90 W, 86, 55 MiB
2026/10/01 05:57:23.950, 18 %, 1350 MHz, 16.63 W, 84, 55 MiB
2026/10/01 05:57:24.955, 15 %, 1200 MHz, 27.92 W, 85, 59 MiB
2026/10/01 05:57:25.961, 97 %, 300 MHz, 8.94 W, 82, 59 MiB
2026/10/01 05:57:26.965, 99 %, 300 MHz, 8.81 W, 80, 59 MiB
2026/10/01 05:57:27.968, 99 %, 1350 MHz, 16.21 W, 80, 57 MiB
2026/10/01 05:57:28.976, 34 %, 1350 MHz, 16.36 W, 82, 55 MiB
2026/10/01 05:57:29.979, 0 %, 405 MHz, 7.85 W, 82, 55 MiB
2026/10/01 05:57:30.990, 5 %, 1215 MHz, 26.69 W, 79, 59 MiB
2026/10/01 05:57:31.994, 95 %, 1350 MHz, 16.94 W, 87, 55 MiB
2026/10/01 05:57:32.999, 19 %, 1170 MHz, 27.97 W, 85, 59 MiB
2026/10/01 05:57:34.076, 96 %, 300 MHz, 8.20 W, 85, 55 MiB
2026/10/01 05:57:35.181, 7 %, 300 MHz, 8.86 W, 81, 59 MiB
2026/10/01 05:57:36.284, 99 %, 300 MHz, 8.77 W, 80, 59 MiB
2026/10/01 05:57:37.388, 99 %, 1215 MHz, 28.15 W, 80, 59 MiB
2026/10/01 05:57:38.482, 65 %, 1350 MHz, 16.68 W, 84, 55 MiB
2026/10/01 05:57:39.488, 0 %, 1350 MHz, 16.55 W, 83, 55 MiB
2026/10/01 05:57:40.495, 0 %, 360 MHz, 3.62 W, 81, 0 MiB
2026/10/01 05:57:41.501, 0 %, 300 MHz, 3.49 W, 78, 0 MiB
2026/10/01 05:57:42.507, 47 %, 1215 MHz, 27.51 W, 86, 57 MiB
2026/10/01 05:57:43.602, 42 %, 1245 MHz, 28.13 W, 86, 59 MiB
2026/10/01 05:57:44.611, 76 %, 1350 MHz, 17.16 W, 85, 55 MiB
2026/10/01 05:57:45.619, 27 %, 1170 MHz, 27.98 W, 88, 59 MiB
2026/10/01 05:57:46.623, 96 %, 300 MHz, 9.13 W, 82, 57 MiB
2026/10/01 05:57:47.628, 75 %, 300 MHz, 7.67 W, 80, 55 MiB
2026/10/01 05:57:48.634, 0 %, 300 MHz, 8.72 W, 80, 59 MiB
2026/10/01 05:57:49.639, 78 %, 1185 MHz, 28.08 W, 86, 57 MiB
2026/10/01 05:57:50.643, 52 %, 1350 MHz, 16.67 W, 83, 55 MiB
2026/10/01 05:57:51.649, 43 %, 540 MHz, 24.47 W, 86, 57 MiB
2026/10/01 05:57:52.659, 95 %, 300 MHz, 7.81 W, 81, 55 MiB
2026/10/01 05:57:53.665, 5 %, 300 MHz, 8.79 W, 80, 59 MiB
2026/10/01 05:57:54.670, 83 %, 300 MHz, 8.75 W, 80, 59 MiB
2026/10/01 05:57:55.674, 97 %, 1350 MHz, 16.98 W, 84, 55 MiB
2026/10/01 05:57:56.678, 24 %, 1350 MHz, 16.59 W, 83, 55 MiB
2026/10/01 05:57:57.686, 13 %, 300 MHz, 9.56 W, 84, 59 MiB
2026/10/01 05:57:58.690, 96 %, 300 MHz, 8.88 W, 81, 59 MiB
2026/10/01 05:57:59.696, 98 %, 300 MHz, 8.78 W, 80, 57 MiB
2026/10/01 05:58:00.702, 99 %, 1350 MHz, 16.21 W, 81, 55 MiB
2026/10/01 05:58:01.710, 34 %, 1350 MHz, 16.36 W, 82, 55 MiB
2026/10/01 05:58:02.714, 0 %, 360 MHz, 7.58 W, 80, 55 MiB
2026/10/01 05:58:03.719, 12 %, 1200 MHz, 27.75 W, 86, 59 MiB
2026/10/01 05:58:04.724, 93 %, 1350 MHz, 16.69 W, 83, 55 MiB
2026/10/01 05:58:05.731, 15 %, 555 MHz, 22.45 W, 86, 57 MiB
2026/10/01 05:58:06.738, 86 %, 300 MHz, 7.86 W, 81, 59 MiB
2026/10/01 05:58:07.744, 27 %, 300 MHz, 8.82 W, 80, 59 MiB
2026/10/01 05:58:08.751, 99 %, 300 MHz, 8.75 W, 80, 59 MiB
2026/10/01 05:58:09.760, 99 %, 1350 MHz, 26.15 W, 85, 55 MiB
2026/10/01 05:58:10.790, 65 %, 1350 MHz, 16.61 W, 83, 55 MiB
2026/10/01 05:58:11.796, 0 %, 360 MHz, 7.84 W, 81, 55 MiB
2026/10/01 05:58:12.799, 2 %, 1200 MHz, 27.72 W, 86, 59 MiB
2026/10/01 05:58:13.803, 95 %, 1350 MHz, 16.79 W, 84, 55 MiB
2026/10/01 05:58:14.806, 14 %, 450 MHz, 26.64 W, 88, 57 MiB
2026/10/01 05:58:15.813, 95 %, 300 MHz, 9.04 W, 82, 55 MiB
2026/10/01 05:58:16.817, 79 %, 300 MHz, 7.61 W, 80, 55 MiB
2026/10/01 05:58:17.821, 0 %, 1320 MHz, 28.75 W, 80, 59 MiB
2026/10/01 05:58:18.824, 81 %, 1350 MHz, 17.02 W, 86, 55 MiB
2026/10/01 05:58:19.828, 63 %, 1185 MHz, 26.29 W, 83, 59 MiB
2026/10/01 05:58:20.831, 22 %, 300 MHz, 9.55 W, 86, 57 MiB
2026/10/01 05:58:21.837, 96 %, 300 MHz, 7.72 W, 81, 55 MiB
2026/10/01 05:58:22.842, 63 %, 300 MHz, 7.56 W, 80, 55 MiB
2026/10/01 05:58:23.848, 0 %, 1215 MHz, 28.32 W, 81, 59 MiB
2026/10/01 05:58:24.851, 94 %, 1350 MHz, 16.85 W, 85, 55 MiB
2026/10/01 05:58:25.855, 46 %, 1200 MHz, 27.88 W, 85, 59 MiB
2026/10/01 05:58:26.858, 41 %, 300 MHz, 9.25 W, 84, 57 MiB
2026/10/01 05:58:27.863, 96 %, 300 MHz, 7.70 W, 81, 55 MiB
2026/10/01 05:58:28.867, 64 %, 300 MHz, 7.52 W, 80, 55 MiB
2026/10/01 05:58:29.871, 0 %, 1215 MHz, 27.85 W, 83, 59 MiB
2026/10/01 05:58:30.878, 76 %, 1335 MHz, 16.81 W, 85, 55 MiB
2026/10/01 05:58:31.883, 37 %, 1200 MHz, 27.51 W, 87, 59 MiB
2026/10/01 05:58:32.887, 68 %, 300 MHz, 7.94 W, 83, 55 MiB
2026/10/01 05:58:33.890, 43 %, 300 MHz, 3.61 W, 80, 0 MiB
2026/10/01 05:58:34.928, 0 %, 300 MHz, 3.52 W, 78, 0 MiB
2026/10/01 05:58:35.978, 0 %, 1200 MHz, 27.58 W, 84, 59 MiB
2026/10/01 05:58:36.987, 66 %, 1350 MHz, 16.71 W, 84, 55 MiB
2026/10/01 05:58:38.047, 27 %, 1185 MHz, 27.63 W, 87, 57 MiB
2026/10/01 05:58:39.151, 86 %, 300 MHz, 8.98 W, 82, 59 MiB
2026/10/01 05:58:40.255, 33 %, 300 MHz, 8.83 W, 81, 59 MiB
2026/10/01 05:58:41.360, 100 %, 300 MHz, 8.76 W, 80, 59 MiB
2026/10/01 05:58:42.465, 99 %, 1350 MHz, 16.64 W, 85, 55 MiB
2026/10/01 05:58:43.470, 68 %, 1350 MHz, 16.52 W, 83, 55 MiB
2026/10/01 05:58:44.474, 0 %, 360 MHz, 7.74 W, 83, 55 MiB
2026/10/01 05:58:45.477, 0 %, 1200 MHz, 27.97 W, 81, 59 MiB
2026/10/01 05:58:46.480, 68 %, 1350 MHz, 16.78 W, 85, 55 MiB
2026/10/01 05:58:47.483, 36 %, 300 MHz, 8.63 W, 87, 59 MiB
2026/10/01 05:58:48.495, 76 %, 300 MHz, 8.91 W, 81, 57 MiB
2026/10/01 05:58:49.501, 98 %, 300 MHz, 7.59 W, 80, 55 MiB
2026/10/01 05:58:50.507, 63 %, 360 MHz, 7.53 W, 79, 55 MiB
2026/10/01 05:58:51.513, 0 %, 1215 MHz, 28.27 W, 84, 59 MiB
2026/10/01 05:58:52.517, 58 %, 1260 MHz, 16.33 W, 84, 55 MiB
2026/10/01 05:58:53.521, 54 %, 300 MHz, 9.30 W, 83, 59 MiB
2026/10/01 05:58:54.526, 99 %, 300 MHz, 8.84 W, 80, 59 MiB
2026/10/01 05:58:55.532, 99 %, 300 MHz, 8.75 W, 80, 59 MiB
2026/10/01 05:58:56.536, 89 %, 1350 MHz, 16.58 W, 83, 55 MiB
2026/10/01 05:58:57.544, 0 %, 1350 MHz, 16.44 W, 82, 55 MiB
2026/10/01 05:58:58.549, 0 %, 360 MHz, 7.67 W, 80, 55 MiB
2026/10/01 05:58:59.555, 51 %, 1200 MHz, 27.87 W, 85, 59 MiB
2026/10/01 05:59:00.560, 54 %, 1350 MHz, 16.68 W, 84, 55 MiB
2026/10/01 05:59:01.566, 57 %, 1155 MHz, 27.15 W, 88, 57 MiB
2026/10/01 05:59:02.570, 33 %, 300 MHz, 8.89 W, 81, 59 MiB
2026/10/01 05:59:03.575, 94 %, 300 MHz, 8.81 W, 80, 59 MiB
2026/10/01 05:59:04.580, 99 %, 300 MHz, 8.74 W, 80, 59 MiB
2026/10/01 05:59:05.585, 96 %, 1350 MHz, 16.84 W, 84, 55 MiB
2026/10/01 05:59:06.590, 5 %, 1350 MHz, 16.52 W, 83, 55 MiB
2026/10/01 05:59:07.594, 0 %, 360 MHz, 8.41 W, 81, 59 MiB
2026/10/01 05:59:08.598, 69 %, 1170 MHz, 27.44 W, 87, 57 MiB
2026/10/01 05:59:09.602, 36 %, 1185 MHz, 27.90 W, 86, 59 MiB
2026/10/01 05:59:10.606, 75 %, 300 MHz, 9.50 W, 84, 57 MiB
2026/10/01 05:59:11.609, 67 %, 300 MHz, 7.69 W, 81, 55 MiB
2026/10/01 05:59:12.613, 21 %, 300 MHz, 8.78 W, 80, 59 MiB
2026/10/01 05:59:13.616, 100 %, 1230 MHz, 28.30 W, 84, 59 MiB
2026/10/01 05:59:14.623, 86 %, 1350 MHz, 16.75 W, 84, 55 MiB
2026/10/01 05:59:15.626, 0 %, 1350 MHz, 16.55 W, 83, 55 MiB
2026/10/01 05:59:16.629, 49 %, 300 MHz, 9.30 W, 83, 59 MiB
2026/10/01 05:59:17.633, 98 %, 300 MHz, 8.76 W, 81, 57 MiB
2026/10/01 05:59:18.637, 99 %, 300 MHz, 8.77 W, 80, 57 MiB
2026/10/01 05:59:19.641, 90 %, 1350 MHz, 16.22 W, 81, 55 MiB
2026/10/01 05:59:20.645, 0 %, 1350 MHz, 16.36 W, 82, 55 MiB
2026/10/01 05:59:21.649, 0 %, 360 MHz, 7.59 W, 80, 55 MiB
2026/10/01 05:59:22.653, 51 %, 1200 MHz, 27.80 W, 86, 57 MiB
2026/10/01 05:59:23.687, 55 %, 1215 MHz, 23.21 W, 83, 59 MiB
2026/10/01 05:59:24.723, 57 %, 1035 MHz, 22.41 W, 86, 57 MiB
2026/10/01 05:59:25.755, 45 %, 300 MHz, 8.94 W, 81, 59 MiB
2026/10/01 05:59:26.790, 72 %, 300 MHz, 8.81 W, 80, 59 MiB
2026/10/01 05:59:27.814, 99 %, 300 MHz, 8.72 W, 80, 59 MiB
2026/10/01 05:59:28.817, 98 %, 1350 MHz, 26.46 W, 86, 55 MiB
2026/10/01 05:59:29.821, 32 %, 1350 MHz, 16.55 W, 83, 55 MiB
2026/10/01 05:59:30.837, 0 %, 360 MHz, 7.83 W, 81, 55 MiB
2026/10/01 05:59:31.877, 32 %, 1200 MHz, 27.97 W, 86, 59 MiB
2026/10/01 05:59:32.880, 73 %, 1350 MHz, 16.77 W, 84, 55 MiB
2026/10/01 05:59:33.886, 0 %, 1350 MHz, 16.61 W, 83, 0 MiB
2026/10/01 05:59:34.889, 0 %, 1350 MHz, 5.19 W, 79, 59 MiB
2026/10/01 05:59:35.893, 56 %, 1350 MHz, 27.72 W, 87, 55 MiB
2026/10/01 05:59:36.897, 35 %, 1200 MHz, 27.01 W, 86, 59 MiB
2026/10/01 05:59:37.900, 87 %, 1350 MHz, 17.10 W, 86, 55 MiB
2026/10/01 05:59:38.904, 18 %, 1185 MHz, 27.91 W, 87, 59 MiB
2026/10/01 05:59:39.907, 93 %, 300 MHz, 11.40 W, 86, 55 MiB
2026/10/01 05:59:40.911, 18 %, 300 MHz, 8.88 W, 81, 59 MiB
2026/10/01 05:59:41.914, 95 %, 300 MHz, 8.82 W, 81, 59 MiB
2026/10/01 05:59:42.933, 99 %, 1215 MHz, 29.83 W, 80, 59 MiB
2026/10/01 05:59:44.037, 89 %, 1350 MHz, 16.80 W, 84, 55 MiB
2026/10/01 05:59:45.142, 0 %, 1350 MHz, 16.59 W, 83, 55 MiB
2026/10/01 05:59:46.245, 3 %, 1200 MHz, 28.33 W, 83, 59 MiB
2026/10/01 05:59:47.291, 95 %, 1350 MHz, 16.96 W, 86, 55 MiB
2026/10/01 05:59:48.295, 14 %, 465 MHz, 27.98 W, 87, 59 MiB
2026/10/01 05:59:49.298, 95 %, 300 MHz, 3.91 W, 85, 55 MiB
2026/10/01 05:59:50.303, 17 %, 300 MHz, 8.85 W, 81, 59 MiB
2026/10/01 05:59:51.307, 100 %, 300 MHz, 8.80 W, 81, 59 MiB
2026/10/01 05:59:52.310, 99 %, 1200 MHz, 28.06 W, 83, 59 MiB
2026/10/01 05:59:53.317, 63 %, 1350 MHz, 16.69 W, 84, 55 MiB
2026/10/01 05:59:54.322, 0 %, 1350 MHz, 16.62 W, 83, 55 MiB
2026/10/01 05:59:55.325, 16 %, 1215 MHz, 27.97 W, 83, 59 MiB
2026/10/01 05:59:56.328, 92 %, 1350 MHz, 16.97 W, 86, 55 MiB
2026/10/01 05:59:57.332, 17 %, 510 MHz, 26.73 W, 87, 59 MiB
2026/10/01 05:59:58.337, 95 %, 300 MHz, 9.15 W, 84, 55 MiB
2026/10/01 05:59:59.341, 40 %, 300 MHz, 3.59 W, 80, 55 MiB
2026/10/01 06:00:00.345, 40 %, 300 MHz, 8.75 W, 80, 59 MiB
2026/10/01 06:00:01.348, 98 %, 1200 MHz, 27.94 W, 85, 57 MiB
2026/10/01 06:00:02.352, 53 %, 1350 MHz, 16.67 W, 84, 55 MiB
2026/10/01 06:00:03.356, 0 %, 1185 MHz, 27.92 W, 85, 59 MiB
2026/10/01 06:00:04.360, 93 %, 300 MHz, 8.99 W, 82, 57 MiB
2026/10/01 06:00:05.387, 99 %, 300 MHz, 8.82 W, 81, 57 MiB
2026/10/01 06:00:06.392, 95 %, 300 MHz, 4.95 W, 78, 55 MiB
2026/10/01 06:00:07.403, 0 %, 1350 MHz, 16.17 W, 81, 55 MiB
2026/10/01 06:00:08.408, 0 %, 1230 MHz, 28.40 W, 85, 59 MiB
2026/10/01 06:00:09.412, 82 %, 1350 MHz, 16.74 W, 84, 55 MiB
2026/10/01 06:00:10.416, 20 %, 1170 MHz, 27.88 W, 88, 59 MiB
2026/10/01 06:00:11.420, 96 %, 1185 MHz, 15.90 W, 84, 55 MiB
2026/10/01 06:00:12.426, 19 %, 300 MHz, 9.34 W, 83, 59 MiB
2026/10/01 06:00:13.431, 96 %, 300 MHz, 8.92 W, 81, 57 MiB
2026/10/01 06:00:14.435, 99 %, 300 MHz, 8.80 W, 80, 57 MiB
2026/10/01 06:00:15.440, 99 %, 1350 MHz, 16.26 W, 82, 55 MiB
2026/10/01 06:00:16.445, 11 %, 1350 MHz, 16.42 W, 83, 55 MiB
2026/10/01 06:00:17.450, 0 %, 1215 MHz, 28.19 W, 83, 59 MiB
2026/10/01 06:00:18.454, 52 %, 300 MHz, 8.91 W, 81, 59 MiB
2026/10/01 06:00:19.458, 97 %, 300 MHz, 8.75 W, 80, 57 MiB
2026/10/01 06:00:20.463, 99 %, 300 MHz, 4.73 W, 79, 55 MiB
2026/10/01 06:00:21.469, 72 %, 1350 MHz, 16.17 W, 81, 55 MiB
2026/10/01 06:00:22.474, 0 %, 360 MHz, 3.64 W, 79, 55 MiB
2026/10/01 06:00:23.481, 0 %, 1200 MHz, 27.99 W, 85, 59 MiB
2026/10/01 06:00:24.485, 81 %, 300 MHz, 8.83 W, 80, 57 MiB
2026/10/01 06:00:25.490, 94 %, 300 MHz, 3.54 W, 78, 55 MiB
2026/10/01 06:00:26.496, 0 %, 300 MHz, 8.59 W, 79, 59 MiB
2026/10/01 06:00:27.520, 68 %, 1350 MHz, 26.65 W, 85, 55 MiB
2026/10/01 06:00:28.549, 81 %, 1350 MHz, 16.43 W, 82, 55 MiB
2026/10/01 06:00:29.580, 0 %, 1185 MHz, 24.16 W, 87, 57 MiB
2026/10/01 06:00:30.618, 95 %, 300 MHz, 3.59 W, 79, 55 MiB
2026/10/01 06:00:31.630, 8 %, 300 MHz, 3.48 W, 78, 0 MiB
2026/10/01 06:00:32.636, 0 %, 1320 MHz, 27.02 W, 80, 59 MiB
2026/10/01 06:00:33.645, 25 %, 1350 MHz, 16.82 W, 84, 55 MiB
2026/10/01 06:00:34.652, 71 %, 1215 MHz, 27.91 W, 86, 59 MiB
2026/10/01 06:00:35.674, 45 %, 300 MHz, 8.13 W, 83, 55 MiB
2026/10/01 06:00:36.682, 44 %, 300 MHz, 8.83 W, 80, 59 MiB
2026/10/01 06:00:37.689, 82 %, 300 MHz, 8.71 W, 80, 59 MiB
2026/10/01 06:00:38.694, 99 %, 1245 MHz, 28.26 W, 84, 59 MiB
2026/10/01 06:00:39.699, 97 %, 1350 MHz, 16.55 W, 83, 55 MiB
2026/10/01 06:00:40.703, 25 %, 1350 MHz, 16.40 W, 82, 55 MiB
2026/10/01 06:00:41.707, 0 %, 495 MHz, 11.62 W, 81, 59 MiB
2026/10/01 06:00:42.711, 39 %, 1350 MHz, 17.02 W, 85, 55 MiB
2026/10/01 06:00:43.714, 69 %, 1185 MHz, 28.20 W, 86, 59 MiB
2026/10/01 06:00:44.719, 41 %, 300 MHz, 9.20 W, 83, 57 MiB
2026/10/01 06:00:45.723, 96 %, 300 MHz, 7.63 W, 80, 55 MiB
2026/10/01 06:00:46.726, 11 %, 300 MHz, 8.74 W, 80, 59 MiB
2026/10/01 06:00:47.787, 74 %, 1200 MHz, 27.85 W, 85, 59 MiB
2026/10/01 06:00:48.891, 96 %, 1350 MHz, 16.64 W, 83, 55 MiB
2026/10/01 06:00:49.995, 18 %, 1200 MHz, 28.09 W, 86, 59 MiB
2026/10/01 06:00:51.077, 39 %, 300 MHz, 9.04 W, 82, 57 MiB
2026/10/01 06:00:52.081, 97 %, 300 MHz, 8.80 W, 80, 57 MiB
2026/10/01 06:00:53.085, 98 %, 300 MHz, 7.48 W, 79, 55 MiB
2026/10/01 06:00:54.088, 0 %, 405 MHz, 7.90 W, 80, 59 MiB
2026/10/01 06:00:55.092, 14 %, 1200 MHz, 28.28 W, 86, 57 MiB
2026/10/01 06:00:56.095, 92 %, 1200 MHz, 27.71 W, 84, 59 MiB
2026/10/01 06:00:57.099, 21 %, 300 MHz, 8.89 W, 81, 59 MiB
2026/10/01 06:00:58.103, 98 %, 300 MHz, 8.77 W, 80, 59 MiB
2026/10/01 06:00:59.106, 99 %, 300 MHz, 8.68 W, 79, 59 MiB
2026/10/01 06:01:00.110, 99 %, 1350 MHz, 16.38 W, 82, 55 MiB
2026/10/01 06:01:01.113, 25 %, 1350 MHz, 16.37 W, 82, 55 MiB
2026/10/01 06:01:02.117, 2 %, 360 MHz, 9.64 W, 80, 59 MiB
2026/10/01 06:01:03.123, 96 %, 1215 MHz, 27.13 W, 85, 57 MiB
2026/10/01 06:01:04.130, 14 %, 1200 MHz, 18.42 W, 83, 59 MiB
2026/10/01 06:01:05.133, 95 %, 300 MHz, 9.68 W, 88, 57 MiB
2026/10/01 06:01:06.136, 16 %, 300 MHz, 8.41 W, 81, 59 MiB
2026/10/01 06:01:07.140, 100 %, 300 MHz, 8.73 W, 80, 59 MiB
2026/10/01 06:01:08.144, 98 %, 1215 MHz, 28.25 W, 79, 59 MiB
2026/10/01 06:01:09.147, 46 %, 1350 MHz, 16.65 W, 84, 55 MiB
2026/10/01 06:01:10.151, 0 %, 1350 MHz, 16.50 W, 83, 55 MiB
2026/10/01 06:01:11.156, 46 %, 1215 MHz, 27.12 W, 81, 59 MiB
2026/10/01 06:01:12.163, 63 %, 1350 MHz, 16.86 W, 86, 55 MiB
2026/10/01 06:01:13.170, 39 %, 1185 MHz, 27.96 W, 86, 59 MiB
2026/10/01 06:01:14.173, 96 %, 300 MHz, 7.91 W, 82, 55 MiB
2026/10/01 06:01:15.196, 2 %, 300 MHz, 8.51 W, 80, 59 MiB
2026/10/01 06:01:16.200, 90 %, 300 MHz, 8.76 W, 80, 59 MiB
2026/10/01 06:01:17.205, 97 %, 1170 MHz, 28.78 W, 87, 57 MiB
2026/10/01 06:01:18.209, 27 %, 1350 MHz, 16.58 W, 83, 55 MiB
2026/10/01 06:01:19.215, 6 %, 1200 MHz, 27.98 W, 86, 59 MiB
2026/10/01 06:01:20.220, 95 %, 300 MHz, 8.96 W, 81, 59 MiB
2026/10/01 06:01:21.225, 99 %, 300 MHz, 8.69 W, 80, 57 MiB
2026/10/01 06:01:22.230, 98 %, 300 MHz, 8.73 W, 80, 57 MiB
2026/10/01 06:01:23.235, 41 %, 1230 MHz, 15.79 W, 82, 55 MiB
2026/10/01 06:01:24.241, 0 %, 1230 MHz, 15.82 W, 82, 55 MiB
2026/10/01 06:01:25.245, 0 %, 405 MHz, 9.99 W, 80, 59 MiB
2026/10/01 06:01:26.250, 94 %, 1350 MHz, 16.97 W, 85, 55 MiB
2026/10/01 06:01:27.254, 14 %, 1200 MHz, 27.99 W, 86, 59 MiB
2026/10/01 06:01:28.258, 96 %, 300 MHz, 8.25 W, 84, 55 MiB
2026/10/01 06:01:29.264, 2 %, 300 MHz, 3.66 W, 79, 0 MiB
2026/10/01 06:01:30.270, 0 %, 300 MHz, 3.51 W, 78, 0 MiB
2026/10/01 06:01:31.281, 40 %, 1215 MHz, 28.22 W, 84, 59 MiB
2026/10/01 06:01:32.386, 92 %, 1350 MHz, 16.74 W, 84, 55 MiB
2026/10/01 06:01:33.410, 0 %, 1200 MHz, 27.91 W, 86, 59 MiB
2026/10/01 06:01:34.432, 92 %, 300 MHz, 8.03 W, 83, 55 MiB
2026/10/01 06:01:35.456, 18 %, 300 MHz, 8.82 W, 80, 59 MiB
2026/10/01 06:01:36.468, 93 %, 300 MHz, 8.74 W, 80, 59 MiB
2026/10/01 06:01:37.473, 98 %, 1200 MHz, 27.95 W, 85, 59 MiB
2026/10/01 06:01:38.478, 60 %, 1350 MHz, 16.58 W, 83, 55 MiB
2026/10/01 06:01:39.495, 0 %, 1350 MHz, 16.50 W, 83, 55 MiB
2026/10/01 06:01:40.509, 44 %, 1170 MHz, 27.95 W, 87, 59 MiB
2026/10/01 06:01:41.513, 57 %, 1350 MHz, 16.99 W, 84, 59 MiB
2026/10/01 06:01:42.517, 60 %, 1185 MHz, 28.05 W, 87, 57 MiB
2026/10/01 06:01:43.530, 44 %, 300 MHz, 8.96 W, 82, 59 MiB
2026/10/01 06:01:44.535, 71 %, 300 MHz, 8.87 W, 81, 59 MiB
2026/10/01 06:01:45.539, 99 %, 300 MHz, 8.79 W, 80, 59 MiB
2026/10/01 06:01:46.544, 97 %, 1200 MHz, 18.43 W, 85, 55 MiB
2026/10/01 06:01:47.604, 28 %, 1350 MHz, 16.56 W, 83, 55 MiB
2026/10/01 06:01:48.610, 0 %, 360 MHz, 7.83 W, 81, 55 MiB
2026/10/01 06:01:49.614, 38 %, 1200 MHz, 27.90 W, 86, 59 MiB
2026/10/01 06:01:50.619, 71 %, 1350 MHz, 16.76 W, 84, 55 MiB
2026/10/01 06:01:51.626, 31 %, 555 MHz, 27.65 W, 87, 57 MiB
2026/10/01 06:01:52.726, 96 %, 300 MHz, 8.99 W, 82, 57 MiB
2026/10/01 06:01:53.832, 80 %, 300 MHz, 7.58 W, 80, 55 MiB
2026/10/01 06:01:54.915, 0 %, 300 MHz, 8.65 W, 79, 59 MiB
2026/10/01 06:01:55.920, 62 %, 1260 MHz, 27.76 W, 86, 55 MiB
2026/10/01 06:01:56.929, 41 %, 1215 MHz, 27.96 W, 86, 59 MiB
2026/10/01 06:01:57.933, 74 %, 300 MHz, 8.44 W, 84, 55 MiB
2026/10/01 06:01:58.940, 31 %, 300 MHz, 8.90 W, 81, 59 MiB
2026/10/01 06:01:59.946, 84 %, 300 MHz, 8.79 W, 80, 59 MiB
2026/10/01 06:02:00.951, 99 %, 1215 MHz, 28.47 W, 84, 59 MiB
2026/10/01 06:02:01.955, 85 %, 1350 MHz, 16.69 W, 84, 55 MiB
2026/10/01 06:02:02.960, 0 %, 1350 MHz, 16.55 W, 83, 55 MiB
2026/10/01 06:02:03.965, 2 %, 1215 MHz, 28.16 W, 84, 59 MiB
2026/10/01 06:02:04.968, 95 %, 1350 MHz, 16.94 W, 85, 55 MiB
2026/10/01 06:02:05.971, 13 %, 1170 MHz, 27.74 W, 87, 59 MiB
2026/10/01 06:02:06.974, 96 %, 300 MHz, 7.99 W, 83, 55 MiB
2026/10/01 06:02:07.978, 35 %, 300 MHz, 8.86 W, 81, 59 MiB
2026/10/01 06:02:08.982, 63 %, 300 MHz, 8.79 W, 80, 59 MiB
2026/10/01 06:02:09.985, 98 %, 1200 MHz, 27.13 W, 86, 57 MiB
2026/10/01 06:02:10.989, 66 %, 1350 MHz, 16.67 W, 84, 55 MiB
2026/10/01 06:02:11.993, 0 %, 1005 MHz, 25.46 W, 83, 59 MiB
2026/10/01 06:02:13.000, 52 %, 300 MHz, 8.98 W, 82, 59 MiB
2026/10/01 06:02:14.003, 99 %, 300 MHz, 8.84 W, 81, 59 MiB
2026/10/01 06:02:15.007, 99 %, 300 MHz, 8.72 W, 80, 57 MiB
2026/10/01 06:02:16.011, 94 %, 1350 MHz, 16.43 W, 82, 55 MiB
2026/10/01 06:02:17.014, 0 %, 1350 MHz, 16.47 W, 82, 55 MiB
2026/10/01 06:02:18.018, 0 %, 360 MHz, 8.79 W, 80, 59 MiB
2026/10/01 06:02:19.022, 38 %, 1200 MHz, 27.88 W, 86, 57 MiB
2026/10/01 06:02:20.025, 70 %, 1185 MHz, 26.84 W, 83, 59 MiB
2026/10/01 06:02:21.029, 38 %, 300 MHz, 8.48 W, 87, 55 MiB
2026/10/01 06:02:22.033, 54 %, 300 MHz, 8.93 W, 81, 59 MiB
2026/10/01 06:02:23.052, 70 %, 300 MHz, 8.77 W, 80, 59 MiB
2026/10/01 06:02:24.059, 99 %, 1230 MHz, 28.20 W, 85, 59 MiB
2026/10/01 06:02:25.063, 96 %, 1350 MHz, 16.69 W, 83, 55 MiB
2026/10/01 06:02:26.068, 18 %, 1350 MHz, 16.57 W, 83, 55 MiB
2026/10/01 06:02:27.072, 0 %, 360 MHz, 3.64 W, 79, 0 MiB
2026/10/01 06:02:28.083, 0 %, 300 MHz, 3.92 W, 78, 0 MiB
2026/10/01 06:02:29.094, 0 %, 1200 MHz, 28.28 W, 86, 57 MiB
2026/10/01 06:02:30.106, 84 %, 1200 MHz, 20.45 W, 85, 59 MiB
2026/10/01 06:02:31.116, 28 %, 1350 MHz, 18.46 W, 86, 55 MiB
2026/10/01 06:02:32.127, 67 %, 1170 MHz, 27.89 W, 88, 59 MiB
2026/10/01 06:02:33.138, 56 %, 300 MHz, 9.10 W, 82, 57 MiB
2026/10/01 06:02:34.147, 97 %, 300 MHz, 8.86 W, 81, 57 MiB
2026/10/01 06:02:35.160, 89 %, 300 MHz, 7.55 W, 80, 55 MiB
2026/10/01 06:02:36.196, 0 %, 405 MHz, 10.64 W, 81, 59 MiB
2026/10/01 06:02:37.232, 24 %, 1350 MHz, 27.99 W, 86, 55 MiB
2026/10/01 06:02:38.269, 75 %, 1200 MHz, 28.12 W, 87, 59 MiB
2026/10/01 06:02:39.297, 41 %, 300 MHz, 9.02 W, 82, 59 MiB
2026/10/01 06:02:40.302, 98 %, 300 MHz, 8.75 W, 80, 57 MiB
2026/10/01 06:02:41.306, 99 %, 300 MHz, 8.76 W, 80, 57 MiB
2026/10/01 06:02:42.311, 98 %, 1140 MHz, 15.33 W, 82, 55 MiB
2026/10/01 06:02:43.321, 5 %, 1140 MHz, 15.37 W, 82, 55 MiB
2026/10/01 06:02:44.340, 0 %, 360 MHz, 10.33 W, 80, 59 MiB
2026/10/01 06:02:45.344, 31 %, 1350 MHz, 26.59 W, 85, 55 MiB
2026/10/01 06:02:46.348, 75 %, 1200 MHz, 27.74 W, 86, 59 MiB
2026/10/01 06:02:47.352, 38 %, 1350 MHz, 16.92 W, 85, 55 MiB
2026/10/01 06:02:48.370, 62 %, 300 MHz, 8.89 W, 81, 59 MiB
2026/10/01 06:02:49.374, 57 %, 300 MHz, 8.81 W, 80, 59 MiB
2026/10/01 06:02:50.378, 99 %, 1260 MHz, 23.91 W, 83, 59 MiB
2026/10/01 06:02:51.383, 97 %, 1350 MHz, 16.72 W, 83, 55 MiB
2026/10/01 06:02:52.387, 38 %, 1350 MHz, 16.54 W, 83, 55 MiB
2026/10/01 06:02:53.392, 0 %, 360 MHz, 10.35 W, 81, 59 MiB
2026/10/01 06:02:54.396, 35 %, 1350 MHz, 24.99 W, 86, 55 MiB
2026/10/01 06:02:55.401, 73 %, 1185 MHz, 27.92 W, 86, 59 MiB
2026/10/01 06:02:56.405, 37 %, 300 MHz, 9.39 W, 83, 57 MiB
2026/10/01 06:02:57.500, 96 %, 300 MHz, 7.67 W, 80, 55 MiB
2026/10/01 06:02:58.606, 36 %, 300 MHz, 8.73 W, 80, 59 MiB
2026/10/01 06:02:59.657, 38 %, 1215 MHz, 27.96 W, 85, 59 MiB
2026/10/01 06:03:00.662, 96 %, 1350 MHz, 16.78 W, 84, 55 MiB
2026/10/01 06:03:01.667, 31 %, 1200 MHz, 28.55 W, 86, 59 MiB
2026/10/01 06:03:02.671, 31 %, 300 MHz, 9.28 W, 83, 57 MiB
2026/10/01 06:03:03.676, 96 %, 300 MHz, 8.88 W, 81, 57 MiB
2026/10/01 06:03:04.681, 99 %, 300 MHz, 7.53 W, 80, 55 MiB
2026/10/01 06:03:05.685, 1 %, 360 MHz, 8.20 W, 79, 59 MiB
2026/10/01 06:03:06.690, 23 %, 1350 MHz, 28.01 W, 85, 55 MiB
2026/10/01 06:03:07.693, 76 %, 1200 MHz, 27.85 W, 86, 59 MiB
2026/10/01 06:03:08.697, 40 %, 300 MHz, 8.94 W, 82, 57 MiB
2026/10/01 06:03:09.761, 99 %, 300 MHz, 8.83 W, 80, 57 MiB
2026/10/01 06:03:10.765, 44 %, 300 MHz, 7.51 W, 79, 55 MiB
2026/10/01 06:03:11.769, 0 %, 360 MHz, 7.48 W, 79, 55 MiB
2026/10/01 06:03:12.772, 51 %, 1215 MHz, 28.36 W, 84, 59 MiB
2026/10/01 06:03:13.778, 59 %, 1350 MHz, 16.75 W, 83, 55 MiB
2026/10/01 06:03:14.781, 51 %, 1185 MHz, 28.10 W, 87, 59 MiB
2026/10/01 06:03:15.786, 48 %, 1350 MHz, 16.84 W, 84, 55 MiB
2026/10/01 06:03:16.790, 68 %, 300 MHz, 9.40 W, 86, 59 MiB
2026/10/01 06:03:17.795, 98 %, 300 MHz, 8.95 W, 81, 57 MiB
2026/10/01 06:03:18.799, 99 %, 300 MHz, 8.79 W, 80, 57 MiB
2026/10/01 06:03:19.803, 14 %, 1350 MHz, 16.09 W, 80, 55 MiB
2026/10/01 06:03:20.806, 0 %, 405 MHz, 7.75 W, 81, 55 MiB
2026/10/01 06:03:21.810, 70 %, 1200 MHz, 28.15 W, 86, 59 MiB
2026/10/01 06:03:22.814, 35 %, 1350 MHz, 16.66 W, 83, 55 MiB
2026/10/01 06:03:23.817, 0 %, 405 MHz, 16.56 W, 83, 0 MiB
2026/10/01 06:03:24.834, 1 %, 1245 MHz, 19.52 W, 79, 59 MiB
2026/10/01 06:03:25.838, 81 %, 300 MHz, 9.13 W, 83, 59 MiB
2026/10/01 06:03:26.845, 98 %, 300 MHz, 8.84 W, 80, 57 MiB
2026/10/01 06:03:27.849, 89 %, 300 MHz, 7.53 W, 79, 55 MiB
2026/10/01 06:03:28.854, 0 %, 1350 MHz, 16.15 W, 80, 55 MiB
2026/10/01 06:03:29.860, 0 %, 1215 MHz, 27.77 W, 82, 59 MiB
2026/10/01 06:03:30.864, 89 %, 1350 MHz, 17.07 W, 86, 55 MiB
2026/10/01 06:03:31.869, 35 %, 1185 MHz, 27.82 W, 86, 59 MiB
2026/10/01 06:03:32.872, 56 %, 1350 MHz, 16.91 W, 85, 55 MiB
2026/10/01 06:03:33.877, 68 %, 1020 MHz, 20.81 W, 87, 59 MiB
2026/10/01 06:03:34.880, 39 %, 300 MHz, 7.88 W, 82, 55 MiB
2026/10/01 06:03:35.904, 75 %, 300 MHz, 8.86 W, 81, 59 MiB
2026/10/01 06:03:36.907, 99 %, 300 MHz, 8.79 W, 80, 59 MiB
2026/10/01 06:03:37.912, 95 %, 1350 MHz, 20.75 W, 86, 55 MiB
2026/10/01 06:03:38.916, 4 %, 1350 MHz, 16.62 W, 83, 55 MiB
2026/10/01 06:03:39.925, 0 %, 360 MHz, 7.91 W, 83, 59 MiB
2026/10/01 06:03:40.959, 82 %, 1170 MHz, 28.21 W, 87, 57 MiB
2026/10/01 06:03:41.968, 20 %, 1200 MHz, 29.33 W, 84, 59 MiB
2026/10/01 06:03:42.977, 96 %, 1350 MHz, 16.97 W, 87, 55 MiB
2026/10/01 06:03:43.985, 18 %, 300 MHz, 8.96 W, 82, 59 MiB
2026/10/01 06:03:44.994, 100 %, 300 MHz, 8.85 W, 81, 59 MiB
2026/10/01 06:03:46.004, 99 %, 1245 MHz, 18.87 W, 80, 59 MiB
2026/10/01 06:03:47.012, 72 %, 1350 MHz, 16.81 W, 85, 55 MiB
2026/10/01 06:03:48.026, 0 %, 1350 MHz, 16.62 W, 83, 55 MiB
2026/10/01 06:03:49.032, 7 %, 1200 MHz, 10.41 W, 81, 59 MiB
2026/10/01 06:03:50.035, 94 %, 1320 MHz, 17.33 W, 87, 55 MiB
2026/10/01 06:03:51.039, 18 %, 1185 MHz, 28.00 W, 85, 59 MiB
2026/10/01 06:03:52.043, 88 %, 300 MHz, 8.38 W, 87, 55 MiB
2026/10/01 06:03:53.047, 24 %, 300 MHz, 8.94 W, 82, 59 MiB
2026/10/01 06:03:54.050, 100 %, 300 MHz, 8.83 W, 81, 59 MiB
2026/10/01 06:03:55.054, 98 %, 1215 MHz, 28.23 W, 80, 59 MiB
2026/10/01 06:03:56.057, 49 %, 1350 MHz, 16.73 W, 84, 55 MiB
2026/10/01 06:03:57.062, 0 %, 1350 MHz, 16.60 W, 83, 55 MiB
2026/10/01 06:03:58.065, 38 %, 1200 MHz, 27.95 W, 83, 59 MiB
2026/10/01 06:03:59.096, 61 %, 1350 MHz, 16.94 W, 86, 55 MiB
2026/10/01 06:04:00.100, 55 %, 495 MHz, 27.00 W, 87, 59 MiB
2026/10/01 06:04:01.104, 50 %, 300 MHz, 8.02 W, 84, 55 MiB
2026/10/01 06:04:02.207, 66 %, 300 MHz, 8.89 W, 81, 59 MiB
2026/10/01 06:04:03.305, 99 %, 300 MHz, 8.82 W, 81, 59 MiB
2026/10/01 06:04:04.309, 97 %, 1200 MHz, 27.72 W, 84, 57 MiB
2026/10/01 06:04:05.332, 22 %, 1350 MHz, 16.69 W, 84, 55 MiB
2026/10/01 06:04:06.337, 0 %, 405 MHz, 16.63 W, 83, 55 MiB
2026/10/01 06:04:07.343, 45 %, 1185 MHz, 27.97 W, 83, 59 MiB
2026/10/01 06:04:08.351, 57 %, 1350 MHz, 16.93 W, 84, 55 MiB
2026/10/01 06:04:09.356, 58 %, 1065 MHz, 21.69 W, 87, 59 MiB
2026/10/01 06:04:10.361, 97 %, 300 MHz, 9.01 W, 82, 55 MiB
2026/10/01 06:04:11.368, 10 %, 300 MHz, 7.66 W, 80, 55 MiB
2026/10/01 06:04:12.373, 61 %, 300 MHz, 8.79 W, 80, 59 MiB
2026/10/01 06:04:13.378, 95 %, 1350 MHz, 20.11 W, 85, 55 MiB
2026/10/01 06:04:14.383, 13 %, 1350 MHz, 16.68 W, 84, 55 MiB
2026/10/01 06:04:15.387, 53 %, 300 MHz, 9.52 W, 85, 57 MiB
2026/10/01 06:04:16.398, 97 %, 300 MHz, 8.98 W, 81, 57 MiB
2026/10/01 06:04:17.403, 83 %, 300 MHz, 7.59 W, 80, 55 MiB
2026/10/01 06:04:18.409, 0 %, 360 MHz, 7.57 W, 80, 55 MiB
2026/10/01 06:04:19.415, 0 %, 300 MHz, 3.54 W, 78, 0 MiB
2026/10/01 06:04:20.420, 0 %, 1350 MHz, 4.94 W, 78, 17 MiB
2026/10/01 06:04:21.432, 60 %, 300 MHz, 9.07 W, 82, 59 MiB
2026/10/01 06:04:22.439, 96 %, 300 MHz, 8.75 W, 80, 57 MiB
2026/10/01 06:04:23.445, 99 %, 300 MHz, 3.73 W, 78, 55 MiB
2026/10/01 06:04:24.452, 14 %, 1350 MHz, 15.94 W, 80, 55 MiB
2026/10/01 06:04:25.457, 0 %, 1215 MHz, 28.05 W, 84, 59 MiB
2026/10/01 06:04:26.462, 77 %, 1350 MHz, 16.85 W, 84, 55 MiB
2026/10/01 06:04:27.469, 29 %, 300 MHz, 8.93 W, 81, 59 MiB
2026/10/01 06:04:28.474, 99 %, 300 MHz, 8.78 W, 80, 59 MiB
2026/10/01 06:04:29.478, 99 %, 300 MHz, 8.70 W, 79, 59 MiB
2026/10/01 06:04:30.485, 98 %, 1350 MHz, 16.75 W, 83, 55 MiB
2026/10/01 06:04:31.492, 27 %, 1350 MHz, 16.42 W, 82, 55 MiB
2026/10/01 06:04:32.497, 0 %, 360 MHz, 4.09 W, 79, 55 MiB
2026/10/01 06:04:33.505, 10 %, 1215 MHz, 28.31 W, 85, 59 MiB
2026/10/01 06:04:34.577, 94 %, 1350 MHz, 16.67 W, 83, 55 MiB
2026/10/01 06:04:35.587, 21 %, 1185 MHz, 27.95 W, 87, 57 MiB
2026/10/01 06:04:36.613, 96 %, 300 MHz, 6.12 W, 81, 55 MiB
2026/10/01 06:04:37.647, 38 %, 300 MHz, 3.57 W, 78, 59 MiB
2026/10/01 06:04:38.672, 42 %, 1350 MHz, 15.28 W, 80, 59 MiB
2026/10/01 06:04:39.697, 96 %, 1350 MHz, 16.97 W, 84, 55 MiB
2026/10/01 06:04:40.705, 35 %, 1350 MHz, 16.50 W, 83, 55 MiB
2026/10/01 06:04:41.708, 26 %, 300 MHz, 9.21 W, 85, 57 MiB
2026/10/01 06:04:42.712, 96 %, 300 MHz, 8.86 W, 81, 57 MiB
2026/10/01 06:04:43.716, 99 %, 300 MHz, 3.60 W, 79, 55 MiB
2026/10/01 06:04:44.721, 11 %, 1350 MHz, 15.81 W, 79, 55 MiB
2026/10/01 06:04:45.725, 10 %, 1200 MHz, 27.87 W, 86, 59 MiB
2026/10/01 06:04:46.735, 82 %, 1350 MHz, 16.60 W, 83, 59 MiB
2026/10/01 06:04:47.739, 41 %, 300 MHz, 9.40 W, 83, 57 MiB
2026/10/01 06:04:48.744, 97 %, 300 MHz, 8.83 W, 81, 57 MiB
2026/10/01 06:04:49.750, 99 %, 300 MHz, 3.68 W, 79, 55 MiB
2026/10/01 06:04:50.755, 9 %, 300 MHz, 3.58 W, 77, 55 MiB
2026/10/01 06:04:51.778, 3 %, 1215 MHz, 28.04 W, 84, 59 MiB
2026/10/01 06:04:52.804, 96 %, 1350 MHz, 16.59 W, 83, 55 MiB
2026/10/01 06:04:53.807, 18 %, 300 MHz, 8.99 W, 82, 59 MiB
2026/10/01 06:04:54.811, 97 %, 300 MHz, 8.74 W, 80, 59 MiB
2026/10/01 06:04:55.815, 99 %, 300 MHz, 8.69 W, 79, 59 MiB
2026/10/01 06:04:56.819, 99 %, 1350 MHz, 16.41 W, 82, 55 MiB
2026/10/01 06:04:57.823, 29 %, 1350 MHz, 16.29 W, 82, 55 MiB
2026/10/01 06:04:58.826, 0 %, 360 MHz, 3.72 W, 79, 55 MiB
2026/10/01 06:04:59.830, 6 %, 1200 MHz, 28.13 W, 84, 59 MiB
2026/10/01 06:05:00.852, 95 %, 1350 MHz, 16.60 W, 83, 55 MiB
2026/10/01 06:05:01.857, 21 %, 1185 MHz, 27.20 W, 87, 57 MiB
2026/10/01 06:05:02.871, 69 %, 300 MHz, 8.75 W, 81, 59 MiB
2026/10/01 06:05:03.874, 58 %, 300 MHz, 8.75 W, 80, 59 MiB
2026/10/01 06:05:04.878, 99 %, 300 MHz, 8.70 W, 79, 59 MiB
2026/10/01 06:05:05.882, 98 %, 1350 MHz, 16.84 W, 85, 55 MiB
2026/10/01 06:05:06.975, 38 %, 1350 MHz, 16.46 W, 82, 55 MiB
2026/10/01 06:05:08.012, 0 %, 360 MHz, 3.85 W, 80, 59 MiB
2026/10/01 06:05:09.015, 45 %, 1200 MHz, 27.97 W, 86, 57 MiB
2026/10/01 06:05:10.019, 57 %, 1200 MHz, 28.80 W, 83, 59 MiB
2026/10/01 06:05:11.022, 57 %, 1350 MHz, 17.04 W, 86, 55 MiB
2026/10/01 06:05:12.038, 33 %, 300 MHz, 8.81 W, 81, 59 MiB
2026/10/01 06:05:13.045, 93 %, 300 MHz, 8.74 W, 80, 59 MiB
2026/10/01 06:05:14.049, 99 %, 1245 MHz, 23.23 W, 79, 59 MiB
2026/10/01 06:05:15.056, 95 %, 1350 MHz, 16.64 W, 84, 55 MiB
2026/10/01 06:05:16.060, 14 %, 1350 MHz, 16.44 W, 82, 55 MiB
2026/10/01 06:05:17.063, 0 %, 360 MHz, 10.26 W, 79, 59 MiB
2026/10/01 06:05:18.067, 48 %, 1350 MHz, 26.99 W, 85, 55 MiB
2026/10/01 06:05:19.070, 55 %, 1350 MHz, 16.54 W, 83, 0 MiB
2026/10/01 06:05:20.074, 0 %, 405 MHz, 4.72 W, 83, 0 MiB
2026/10/01 06:05:21.079, 0 %, 1275 MHz, 15.91 W, 79, 59 MiB
2026/10/01 06:05:22.085, 35 %, 1350 MHz, 27.36 W, 86, 55 MiB
2026/10/01 06:05:23.092, 54 %, 1185 MHz, 27.73 W, 84, 59 MiB
2026/10/01 06:05:24.099, 63 %, 1350 MHz, 16.96 W, 87, 55 MiB
2026/10/01 06:05:25.102, 36 %, 1170 MHz, 27.86 W, 86, 59 MiB
2026/10/01 06:05:26.105, 80 %, 1350 MHz, 16.99 W, 86, 55 MiB
2026/10/01 06:05:27.109, 25 %, 465 MHz, 27.86 W, 87, 59 MiB
2026/10/01 06:05:28.114, 84 %, 1350 MHz, 17.03 W, 86, 55 MiB
2026/10/01 06:05:29.118, 22 %, 795 MHz, 20.00 W, 87, 59 MiB
2026/10/01 06:05:30.122, 85 %, 1350 MHz, 17.05 W, 86, 55 MiB
2026/10/01 06:05:31.126, 21 %, 495 MHz, 19.33 W, 88, 59 MiB
2026/10/01 06:05:32.129, 88 %, 300 MHz, 9.15 W, 84, 57 MiB
2026/10/01 06:05:33.133, 99 %, 300 MHz, 8.06 W, 82, 55 MiB
2026/10/01 06:05:34.138, 54 %, 300 MHz, 7.57 W, 80, 55 MiB
2026/10/01 06:05:35.142, 0 %, 630 MHz, 15.77 W, 82, 59 MiB
2026/10/01 06:05:36.146, 58 %, 1350 MHz, 17.12 W, 87, 55 MiB
2026/10/01 06:05:37.150, 48 %, 1170 MHz, 28.01 W, 84, 59 MiB
2026/10/01 06:05:38.154, 64 %, 300 MHz, 8.98 W, 83, 59 MiB
2026/10/01 06:05:39.157, 99 %, 300 MHz, 8.85 W, 81, 59 MiB
2026/10/01 06:05:40.161, 99 %, 300 MHz, 8.61 W, 80, 57 MiB
2026/10/01 06:05:41.177, 80 %, 1350 MHz, 16.43 W, 82, 55 MiB
2026/10/01 06:05:42.182, 0 %, 1350 MHz, 16.47 W, 83, 55 MiB
2026/10/01 06:05:43.189, 0 %, 360 MHz, 10.32 W, 80, 59 MiB
2026/10/01 06:05:44.193, 54 %, 1350 MHz, 22.36 W, 85, 55 MiB
2026/10/01 06:05:45.201, 55 %, 1185 MHz, 27.80 W, 87, 59 MiB
2026/10/01 06:05:46.205, 55 %, 300 MHz, 8.41 W, 84, 55 MiB
2026/10/01 06:05:47.210, 35 %, 300 MHz, 8.93 W, 81, 59 MiB
2026/10/01 06:05:48.214, 91 %, 300 MHz, 8.82 W, 80, 59 MiB
2026/10/01 06:05:49.219, 99 %, 1215 MHz, 28.67 W, 84, 59 MiB
2026/10/01 06:05:50.224, 96 %, 1350 MHz, 16.70 W, 83, 55 MiB
2026/10/01 06:05:51.229, 9 %, 1350 MHz, 16.58 W, 83, 55 MiB
2026/10/01 06:05:52.235, 0 %, 1215 MHz, 28.98 W, 85, 59 MiB
2026/10/01 06:05:53.240, 62 %, 1320 MHz, 16.93 W, 85, 55 MiB
2026/10/01 06:05:54.245, 39 %, 1170 MHz, 27.74 W, 88, 59 MiB
2026/10/01 06:05:55.249, 78 %, 300 MHz, 8.14 W, 83, 55 MiB
2026/10/01 06:05:56.271, 44 %, 300 MHz, 8.85 W, 81, 59 MiB
2026/10/01 06:05:57.278, 58 %, 300 MHz, 8.81 W, 80, 59 MiB
2026/10/01 06:05:58.283, 99 %, 1200 MHz, 28.10 W, 86, 59 MiB
2026/10/01 06:05:59.288, 86 %, 1350 MHz, 16.67 W, 84, 55 MiB
2026/10/01 06:06:00.293, 0 %, 1350 MHz, 16.60 W, 83, 55 MiB
2026/10/01 06:06:01.298, 20 %, 1170 MHz, 28.07 W, 87, 59 MiB
2026/10/01 06:06:02.302, 87 %, 1350 MHz, 16.85 W, 84, 55 MiB
2026/10/01 06:06:03.307, 24 %, 1035 MHz, 23.89 W, 87, 57 MiB
2026/10/01 06:06:04.312, 83 %, 300 MHz, 7.89 W, 82, 55 MiB
2026/10/01 06:06:05.320, 28 %, 300 MHz, 8.89 W, 81, 59 MiB
2026/10/01 06:06:06.325, 100 %, 300 MHz, 8.79 W, 80, 59 MiB
2026/10/01 06:06:07.330, 98 %, 1350 MHz, 22.74 W, 85, 55 MiB
2026/10/01 06:06:08.338, 56 %, 1350 MHz, 16.63 W, 83, 55 MiB
2026/10/01 06:06:09.342, 0 %, 360 MHz, 7.84 W, 81, 55 MiB
2026/10/01 06:06:10.347, 24 %, 1185 MHz, 27.47 W, 87, 57 MiB
2026/10/01 06:06:11.422, 77 %, 1230 MHz, 16.21 W, 84, 0 MiB
2026/10/01 06:06:12.438, 0 %, 1230 MHz, 16.01 W, 83, 0 MiB
2026/10/01 06:06:13.446, 0 %, 1215 MHz, 12.57 W, 82, 59 MiB
2026/10/01 06:06:14.451, 37 %, 1350 MHz, 22.23 W, 86, 55 MiB
2026/10/01 06:06:15.456, 54 %, 1185 MHz, 26.54 W, 87, 59 MiB
2026/10/01 06:06:16.473, 68 %, 1350 MHz, 17.10 W, 85, 55 MiB
2026/10/01 06:06:17.479, 37 %, 1170 MHz, 27.82 W, 88, 59 MiB
2026/10/01 06:06:18.487, 75 %, 300 MHz, 8.42 W, 85, 55 MiB
2026/10/01 06:06:19.492, 43 %, 300 MHz, 8.98 W, 82, 59 MiB
2026/10/01 06:06:20.496, 63 %, 300 MHz, 8.86 W, 81, 59 MiB
2026/10/01 06:06:21.501, 99 %, 1200 MHz, 29.02 W, 85, 59 MiB
2026/10/01 06:06:22.506, 96 %, 1350 MHz, 16.79 W, 84, 55 MiB
2026/10/01 06:06:23.512, 15 %, 1350 MHz, 16.68 W, 84, 55 MiB
2026/10/01 06:06:24.516, 0 %, 1200 MHz, 28.08 W, 85, 59 MiB
2026/10/01 06:06:25.521, 68 %, 1350 MHz, 17.06 W, 85, 55 MiB
2026/10/01 06:06:26.525, 37 %, 510 MHz, 24.38 W, 87, 59 MiB
2026/10/01 06:06:27.529, 73 %, 300 MHz, 9.32 W, 84, 57 MiB
2026/10/01 06:06:28.535, 71 %, 300 MHz, 7.73 W, 81, 55 MiB
2026/10/01 06:06:29.593, 13 %, 300 MHz, 8.85 W, 81, 59 MiB
2026/10/01 06:06:30.599, 100 %, 1260 MHz, 28.00 W, 87, 57 MiB
2026/10/01 06:06:31.603, 94 %, 1350 MHz, 16.75 W, 84, 55 MiB
2026/10/01 06:06:32.608, 0 %, 1215 MHz, 27.91 W, 86, 59 MiB
2026/10/01 06:06:33.612, 39 %, 300 MHz, 9.12 W, 82, 59 MiB
2026/10/01 06:06:34.617, 97 %, 300 MHz, 8.79 W, 81, 57 MiB
2026/10/01 06:06:35.622, 99 %, 300 MHz, 8.82 W, 80, 57 MiB
2026/10/01 06:06:36.626, 99 %, 1350 MHz, 16.40 W, 82, 55 MiB
2026/10/01 06:06:37.631, 8 %, 1350 MHz, 16.49 W, 83, 55 MiB
2026/10/01 06:06:38.636, 0 %, 360 MHz, 8.32 W, 80, 59 MiB
2026/10/01 06:06:39.641, 28 %, 1170 MHz, 28.01 W, 87, 55 MiB
2026/10/01 06:06:40.645, 77 %, 1200 MHz, 29.18 W, 86, 59 MiB
2026/10/01 06:06:41.649, 36 %, 1350 MHz, 23.75 W, 86, 55 MiB
2026/10/01 06:06:42.653, 70 %, 300 MHz, 8.97 W, 81, 59 MiB
2026/10/01 06:06:43.659, 45 %, 300 MHz, 8.86 W, 81, 59 MiB
2026/10/01 06:06:44.664, 99 %, 1305 MHz, 8.62 W, 81, 59 MiB
2026/10/01 06:06:45.668, 98 %, 1350 MHz, 16.90 W, 84, 55 MiB
2026/10/01 06:06:46.673, 43 %, 1350 MHz, 16.65 W, 83, 55 MiB
2026/10/01 06:06:47.678, 0 %, 360 MHz, 9.42 W, 81, 59 MiB
2026/10/01 06:06:48.682, 34 %, 1350 MHz, 27.55 W, 87, 55 MiB
2026/10/01 06:06:49.690, 74 %, 1185 MHz, 28.59 W, 86, 59 MiB
2026/10/01 06:06:50.694, 35 %, 300 MHz, 9.60 W, 84, 57 MiB
2026/10/01 06:06:51.702, 96 %, 300 MHz, 7.81 W, 81, 55 MiB
2026/10/01 06:06:52.708, 57 %, 300 MHz, 7.60 W, 80, 55 MiB
2026/10/01 06:06:53.714, 0 %, 1215 MHz, 28.16 W, 85, 59 MiB
2026/10/01 06:06:54.718, 93 %, 1350 MHz, 16.94 W, 84, 55 MiB
2026/10/01 06:06:55.724, 39 %, 1185 MHz, 28.13 W, 87, 59 MiB
2026/10/01 06:06:56.729, 53 %, 300 MHz, 9.32 W, 83, 57 MiB
2026/10/01 06:06:57.734, 97 %, 300 MHz, 7.71 W, 81, 55 MiB
2026/10/01 06:06:58.738, 24 %, 300 MHz, 8.76 W, 80, 59 MiB
2026/10/01 06:06:59.745, 41 %, 1200 MHz, 28.07 W, 86, 59 MiB
2026/10/01 06:07:00.759, 96 %, 1350 MHz, 16.80 W, 84, 55 MiB
2026/10/01 06:07:01.762, 19 %, 1185 MHz, 28.15 W, 87, 59 MiB
2026/10/01 06:07:02.765, 56 %, 300 MHz, 9.23 W, 83, 57 MiB
2026/10/01 06:07:03.769, 97 %, 300 MHz, 7.74 W, 81, 55 MiB
2026/10/01 06:07:04.774, 57 %, 300 MHz, 7.55 W, 80, 55 MiB
2026/10/01 06:07:05.777, 0 %, 1185 MHz, 27.88 W, 86, 59 MiB
2026/10/01 06:07:06.814, 77 %, 1350 MHz, 16.82 W, 84, 55 MiB
2026/10/01 06:07:07.817, 12 %, 1350 MHz, 16.67 W, 83, 0 MiB
2026/10/01 06:07:08.821, 0 %, 360 MHz, 3.66 W, 79, 8 MiB
2026/10/01 06:07:09.825, 2 %, 1170 MHz, 28.04 W, 87, 57 MiB
2026/10/01 06:07:10.829, 89 %, 1185 MHz, 24.78 W, 85, 59 MiB
2026/10/01 06:07:11.832, 30 %, 300 MHz, 9.03 W, 82, 59 MiB
2026/10/01 06:07:12.836, 99 %, 300 MHz, 8.82 W, 81, 59 MiB
2026/10/01 06:07:13.839, 99 %, 300 MHz, 8.79 W, 80, 59 MiB
2026/10/01 06:07:14.852, 98 %, 1350 MHz, 16.51 W, 83, 55 MiB
2026/10/01 06:07:15.920, 16 %, 1350 MHz, 16.52 W, 83, 55 MiB
2026/10/01 06:07:16.923, 0 %, 360 MHz, 8.36 W, 80, 59 MiB
2026/10/01 06:07:17.927, 27 %, 1185 MHz, 27.72 W, 87, 55 MiB
2026/10/01 06:07:18.930, 76 %, 1215 MHz, 27.94 W, 85, 59 MiB
2026/10/01 06:07:19.933, 37 %, 300 MHz, 12.42 W, 87, 55 MiB
2026/10/01 06:07:20.936, 66 %, 300 MHz, 8.97 W, 82, 59 MiB
2026/10/01 06:07:21.940, 51 %, 300 MHz, 8.84 W, 81, 59 MiB
2026/10/01 06:07:22.944, 99 %, 1245 MHz, 29.95 W, 80, 59 MiB
2026/10/01 06:07:23.947, 97 %, 1350 MHz, 16.78 W, 84, 55 MiB
2026/10/01 06:07:24.950, 32 %, 1350 MHz, 16.64 W, 83, 55 MiB
2026/10/01 06:07:25.956, 0 %, 495 MHz, 10.68 W, 81, 59 MiB
2026/10/01 06:07:26.963, 42 %, 1350 MHz, 27.12 W, 87, 55 MiB
2026/10/01 06:07:27.967, 70 %, 1185 MHz, 28.35 W, 84, 59 MiB
2026/10/01 06:07:28.970, 34 %, 300 MHz, 9.30 W, 85, 57 MiB
2026/10/01 06:07:29.975, 97 %, 300 MHz, 8.92 W, 82, 57 MiB
2026/10/01 06:07:30.981, 99 %, 300 MHz, 7.61 W, 80, 55 MiB
2026/10/01 06:07:31.985, 27 %, 1350 MHz, 16.20 W, 81, 55 MiB
2026/10/01 06:07:32.988, 0 %, 1200 MHz, 28.19 W, 83, 59 MiB
2026/10/01 06:07:33.991, 74 %, 1350 MHz, 16.87 W, 85, 55 MiB
2026/10/01 06:07:34.995, 34 %, 300 MHz, 9.05 W, 83, 59 MiB
2026/10/01 06:07:35.998, 80 %, 300 MHz, 8.86 W, 81, 59 MiB
2026/10/01 06:07:37.002, 100 %, 300 MHz, 8.76 W, 80, 59 MiB
2026/10/01 06:07:38.006, 99 %, 1350 MHz, 16.78 W, 85, 55 MiB
2026/10/01 06:07:39.010, 63 %, 1350 MHz, 16.54 W, 83, 55 MiB
2026/10/01 06:07:40.014, 0 %, 360 MHz, 7.78 W, 82, 55 MiB
2026/10/01 06:07:41.020, 0 %, 1215 MHz, 27.91 W, 82, 59 MiB
2026/10/01 06:07:42.022, 70 %, 1350 MHz, 16.83 W, 85, 55 MiB
2026/10/01 06:07:43.026, 36 %, 1170 MHz, 27.61 W, 87, 59 MiB
2026/10/01 06:07:44.029, 76 %, 300 MHz, 9.06 W, 83, 57 MiB
2026/10/01 06:07:45.033, 98 %, 300 MHz, 7.67 W, 81, 55 MiB
2026/10/01 06:07:46.037, 61 %, 300 MHz, 7.46 W, 80, 55 MiB
2026/10/01 06:07:47.041, 0 %, 1215 MHz, 15.12 W, 79, 59 MiB
2026/10/01 06:07:48.044, 57 %, 1350 MHz, 17.01 W, 87, 55 MiB
2026/10/01 06:07:49.047, 55 %, 1200 MHz, 28.15 W, 85, 59 MiB
2026/10/01 06:07:50.050, 51 %, 300 MHz, 8.94 W, 82, 59 MiB
2026/10/01 06:07:51.054, 99 %, 300 MHz, 8.80 W, 80, 59 MiB
2026/10/01 06:07:52.058, 99 %, 1350 MHz, 16.75 W, 80, 57 MiB
2026/10/01 06:07:53.067, 91 %, 1350 MHz, 16.39 W, 82, 55 MiB
2026/10/01 06:07:54.072, 0 %, 405 MHz, 12.88 W, 82, 55 MiB
2026/10/01 06:07:55.076, 0 %, 1215 MHz, 27.46 W, 80, 59 MiB
2026/10/01 06:07:56.080, 42 %, 1350 MHz, 17.10 W, 87, 55 MiB
2026/10/01 06:07:57.085, 58 %, 1200 MHz, 27.97 W, 85, 59 MiB
2026/10/01 06:07:58.093, 54 %, 300 MHz, 8.30 W, 87, 55 MiB
2026/10/01 06:07:59.097, 47 %, 300 MHz, 8.89 W, 81, 59 MiB
2026/10/01 06:08:00.101, 69 %, 300 MHz, 8.78 W, 80, 59 MiB
2026/10/01 06:08:01.106, 99 %, 1230 MHz, 28.15 W, 80, 59 MiB
2026/10/01 06:08:02.110, 97 %, 1350 MHz, 16.67 W, 84, 55 MiB
2026/10/01 06:08:03.114, 19 %, 1350 MHz, 16.57 W, 83, 55 MiB
2026/10/01 06:08:04.124, 0 %, 1215 MHz, 17.62 W, 81, 59 MiB
2026/10/01 06:08:05.135, 58 %, 1350 MHz, 17.03 W, 87, 55 MiB
2026/10/01 06:08:06.139, 51 %, 1170 MHz, 28.01 W, 85, 59 MiB
2026/10/01 06:08:07.142, 58 %, 300 MHz, 9.23 W, 85, 57 MiB
2026/10/01 06:08:08.147, 97 %, 300 MHz, 7.70 W, 81, 55 MiB
2026/10/01 06:08:09.152, 14 %, 300 MHz, 3.65 W, 80, 0 MiB
2026/10/01 06:08:10.156, 0 %, 300 MHz, 3.56 W, 78, 0 MiB
2026/10/01 06:08:11.161, 0 %, 1200 MHz, 28.20 W, 83, 59 MiB
2026/10/01 06:08:12.170, 74 %, 1350 MHz, 16.64 W, 84, 55 MiB
2026/10/01 06:08:13.174, 28 %, 300 MHz, 8.96 W, 83, 59 MiB
2026/10/01 06:08:14.178, 97 %, 300 MHz, 8.80 W, 80, 59 MiB
2026/10/01 06:08:15.182, 99 %, 300 MHz, 8.73 W, 80, 59 MiB
2026/10/01 06:08:16.186, 100 %, 1350 MHz, 16.44 W, 83, 55 MiB
2026/10/01 06:08:17.189, 34 %, 1350 MHz, 16.42 W, 82, 55 MiB
2026/10/01 06:08:18.196, 0 %, 360 MHz, 3.63 W, 79, 55 MiB
2026/10/01 06:08:19.204, 2 %, 1200 MHz, 27.77 W, 85, 59 MiB
2026/10/01 06:08:20.248, 95 %, 1350 MHz, 16.61 W, 83, 55 MiB
2026/10/01 06:08:21.356, 14 %, 1185 MHz, 27.57 W, 88, 57 MiB
2026/10/01 06:08:22.461, 88 %, 300 MHz, 8.26 W, 81, 59 MiB
2026/10/01 06:08:23.567, 34 %, 300 MHz, 8.77 W, 80, 59 MiB
2026/10/01 06:08:24.673, 99 %, 300 MHz, 8.70 W, 80, 59 MiB
2026/10/01 06:08:25.779, 98 %, 1350 MHz, 16.81 W, 84, 55 MiB
2026/10/01 06:08:26.865, 49 %, 1350 MHz, 16.48 W, 83, 55 MiB
2026/10/01 06:08:27.869, 0 %, 360 MHz, 9.13 W, 80, 59 MiB
2026/10/01 06:08:28.874, 23 %, 1350 MHz, 23.27 W, 85, 55 MiB
2026/10/01 06:08:29.880, 77 %, 1185 MHz, 28.02 W, 87, 59 MiB
2026/10/01 06:08:30.884, 66 %, 300 MHz, 3.78 W, 82, 55 MiB
2026/10/01 06:08:31.889, 49 %, 300 MHz, 8.81 W, 80, 59 MiB
2026/10/01 06:08:32.894, 99 %, 300 MHz, 8.77 W, 80, 59 MiB
2026/10/01 06:08:33.898, 97 %, 1200 MHz, 27.66 W, 86, 57 MiB
2026/10/01 06:08:34.911, 26 %, 1350 MHz, 16.58 W, 83, 55 MiB
2026/10/01 06:08:35.916, 0 %, 1350 MHz, 16.51 W, 83, 55 MiB
2026/10/01 06:08:36.923, 59 %, 1185 MHz, 28.22 W, 87, 55 MiB
2026/10/01 06:08:37.940, 40 %, 1185 MHz, 23.64 W, 85, 59 MiB
2026/10/01 06:08:38.943, 77 %, 1350 MHz, 19.51 W, 87, 55 MiB
2026/10/01 06:08:39.950, 28 %, 300 MHz, 8.85 W, 81, 59 MiB
2026/10/01 06:08:40.954, 91 %, 300 MHz, 8.77 W, 80, 59 MiB
2026/10/01 06:08:41.960, 99 %, 1245 MHz, 27.78 W, 80, 59 MiB
2026/10/01 06:08:42.964, 94 %, 1350 MHz, 16.74 W, 84, 55 MiB
2026/10/01 06:08:43.967, 0 %, 1350 MHz, 16.55 W, 83, 55 MiB
2026/10/01 06:08:44.971, 0 %, 510 MHz, 10.53 W, 80, 59 MiB
2026/10/01 06:08:45.974, 78 %, 1350 MHz, 25.42 W, 87, 55 MiB
2026/10/01 06:08:46.978, 32 %, 1200 MHz, 27.75 W, 84, 59 MiB
2026/10/01 06:08:47.982, 78 %, 300 MHz, 9.30 W, 85, 57 MiB
2026/10/01 06:08:48.985, 94 %, 300 MHz, 3.65 W, 81, 55 MiB
2026/10/01 06:08:49.990, 0 %, 300 MHz, 8.63 W, 78, 59 MiB
2026/10/01 06:08:50.995, 70 %, 1215 MHz, 28.31 W, 82, 59 MiB
2026/10/01 06:08:52.002, 87 %, 1350 MHz, 16.69 W, 84, 55 MiB
2026/10/01 06:08:53.008, 0 %, 1200 MHz, 27.98 W, 85, 59 MiB
2026/10/01 06:08:54.014, 82 %, 300 MHz, 9.14 W, 84, 57 MiB
2026/10/01 06:08:55.018, 91 %, 300 MHz, 3.60 W, 80, 55 MiB
2026/10/01 06:08:56.022, 0 %, 300 MHz, 8.63 W, 78, 59 MiB
2026/10/01 06:08:57.026, 70 %, 1200 MHz, 28.24 W, 84, 59 MiB
2026/10/01 06:08:58.034, 73 %, 1350 MHz, 16.66 W, 84, 55 MiB
2026/10/01 06:08:59.037, 11 %, 1185 MHz, 27.85 W, 86, 59 MiB
2026/10/01 06:09:00.041, 86 %, 300 MHz, 3.78 W, 83, 55 MiB
2026/10/01 06:09:01.045, 32 %, 300 MHz, 8.81 W, 80, 59 MiB
2026/10/01 06:09:02.049, 100 %, 300 MHz, 8.73 W, 80, 59 MiB
2026/10/01 06:09:03.055, 97 %, 1350 MHz, 22.59 W, 85, 55 MiB
2026/10/01 06:09:04.059, 39 %, 1350 MHz, 16.56 W, 83, 55 MiB
2026/10/01 06:09:05.064, 0 %, 360 MHz, 4.64 W, 83, 0 MiB
2026/10/01 06:09:06.067, 0 %, 360 MHz, 3.48 W, 78, 0 MiB
2026/10/01 06:09:07.072, 0 %, 1260 MHz, 24.46 W, 77, 59 MiB
2026/10/01 06:09:08.079, 59 %, 1350 MHz, 16.38 W, 86, 55 MiB
2026/10/01 06:09:09.096, 30 %, 1200 MHz, 27.87 W, 85, 59 MiB
2026/10/01 06:09:10.112, 90 %, 1350 MHz, 16.91 W, 86, 55 MiB
2026/10/01 06:09:11.127, 31 %, 300 MHz, 14.49 W, 87, 59 MiB
2026/10/01 06:09:12.145, 97 %, 300 MHz, 8.92 W, 82, 57 MiB
2026/10/01 06:09:13.162, 98 %, 300 MHz, 8.81 W, 81, 57 MiB
2026/10/01 06:09:14.168, 61 %, 300 MHz, 7.51 W, 79, 55 MiB
2026/10/01 06:09:15.171, 0 %, 300 MHz, 7.39 W, 79, 55 MiB
2026/10/01 06:09:16.183, 16 %, 1200 MHz, 28.08 W, 79, 59 MiB
2026/10/01 06:09:17.207, 96 %, 1350 MHz, 16.69 W, 83, 55 MiB
2026/10/01 06:09:18.213, 10 %, 1185 MHz, 28.01 W, 87, 59 MiB
2026/10/01 06:09:19.222, 82 %, 1350 MHz, 16.89 W, 84, 55 MiB
2026/10/01 06:09:20.227, 43 %, 300 MHz, 9.54 W, 84, 59 MiB
2026/10/01 06:09:21.232, 97 %, 300 MHz, 8.95 W, 81, 57 MiB
2026/10/01 06:09:22.236, 99 %, 300 MHz, 7.91 W, 80, 55 MiB
2026/10/01 06:09:23.242, 39 %, 1350 MHz, 16.18 W, 81, 55 MiB
2026/10/01 06:09:24.245, 0 %, 360 MHz, 7.67 W, 80, 55 MiB
2026/10/01 06:09:25.345, 48 %, 1200 MHz, 27.63 W, 87, 57 MiB
2026/10/01 06:09:26.454, 56 %, 1200 MHz, 25.01 W, 85, 59 MiB
2026/10/01 06:09:27.559, 57 %, 1050 MHz, 24.03 W, 86, 55 MiB
2026/10/01 06:09:28.595, 45 %, 1200 MHz, 28.66 W, 87, 59 MiB
2026/10/01 06:09:29.601, 62 %, 300 MHz, 9.20 W, 83, 59 MiB
2026/10/01 06:09:30.606, 99 %, 300 MHz, 8.91 W, 81, 57 MiB
2026/10/01 06:09:31.610, 99 %, 300 MHz, 8.82 W, 80, 57 MiB
2026/10/01 06:09:32.616, 51 %, 1350 MHz, 16.29 W, 82, 55 MiB
2026/10/01 06:09:33.622, 0 %, 405 MHz, 7.86 W, 81, 55 MiB
2026/10/01 06:09:34.628, 10 %, 1200 MHz, 27.79 W, 85, 59 MiB
2026/10/01 06:09:35.633, 92 %, 300 MHz, 8.95 W, 81, 57 MiB
2026/10/01 06:09:36.639, 99 %, 300 MHz, 8.79 W, 80, 55 MiB
2026/10/01 06:09:37.646, 47 %, 300 MHz, 7.48 W, 79, 55 MiB
2026/10/01 06:09:38.653, 0 %, 405 MHz, 9.02 W, 81, 59 MiB
2026/10/01 06:09:39.664, 56 %, 1200 MHz, 27.49 W, 87, 57 MiB
2026/10/01 06:09:40.669, 50 %, 1200 MHz, 28.26 W, 86, 59 MiB
2026/10/01 06:09:41.674, 61 %, 300 MHz, 8.89 W, 81, 59 MiB
2026/10/01 06:09:42.679, 99 %, 300 MHz, 8.77 W, 80, 59 MiB
2026/10/01 06:09:43.684, 99 %, 300 MHz, 8.54 W, 80, 59 MiB
2026/10/01 06:09:44.704, 82 %, 1350 MHz, 16.47 W, 82, 55 MiB
2026/10/01 06:09:45.709, 0 %, 1350 MHz, 16.40 W, 82, 55 MiB
2026/10/01 06:09:46.715, 0 %, 360 MHz, 7.99 W, 80, 59 MiB
2026/10/01 06:09:47.720, 52 %, 1200 MHz, 27.86 W, 86, 55 MiB
2026/10/01 06:09:48.791, 55 %, 1215 MHz, 27.72 W, 86, 59 MiB
2026/10/01 06:09:49.795, 57 %, 300 MHz, 8.60 W, 84, 55 MiB
2026/10/01 06:09:50.802, 46 %, 300 MHz, 8.85 W, 81, 59 MiB
2026/10/01 06:09:51.808, 70 %, 300 MHz, 8.79 W, 80, 59 MiB
2026/10/01 06:09:52.814, 99 %, 1215 MHz, 28.23 W, 85, 59 MiB
2026/10/01 06:09:53.818, 91 %, 1350 MHz, 16.62 W, 83, 55 MiB
2026/10/01 06:09:54.824, 0 %, 1350 MHz, 16.54 W, 83, 55 MiB
2026/10/01 06:09:55.829, 3 %, 1200 MHz, 22.53 W, 84, 59 MiB
2026/10/01 06:09:56.835, 87 %, 1350 MHz, 16.89 W, 84, 55 MiB
2026/10/01 06:09:57.840, 17 %, 1170 MHz, 27.77 W, 87, 59 MiB
2026/10/01 06:09:58.845, 85 %, 300 MHz, 9.12 W, 82, 57 MiB
2026/10/01 06:09:59.851, 77 %, 300 MHz, 7.61 W, 80, 55 MiB
2026/10/01 06:10:00.856, 0 %, 300 MHz, 8.75 W, 80, 59 MiB
2026/10/01 06:10:01.860, 94 %, 1200 MHz, 27.89 W, 86, 59 MiB
2026/10/01 06:10:02.865, 78 %, 1350 MHz, 16.65 W, 83, 55 MiB
2026/10/01 06:10:03.871, 0 %, 1350 MHz, 16.58 W, 83, 0 MiB
2026/10/01 06:10:04.878, 0 %, 360 MHz, 3.64 W, 79, 0 MiB
2026/10/01 06:10:05.886, 0 %, 1215 MHz, 28.01 W, 85, 59 MiB
2026/10/01 06:10:06.891, 80 %, 1350 MHz, 16.76 W, 84, 55 MiB
2026/10/01 06:10:07.896, 29 %, 1200 MHz, 27.32 W, 88, 57 MiB
2026/10/01 06:10:08.901, 79 %, 1350 MHz, 16.81 W, 84, 55 MiB
2026/10/01 06:10:09.909, 36 %, 1035 MHz, 22.55 W, 87, 57 MiB
2026/10/01 06:10:10.920, 69 %, 300 MHz, 8.00 W, 81, 59 MiB
2026/10/01 06:10:11.929, 44 %, 300 MHz, 8.85 W, 81, 59 MiB
2026/10/01 06:10:12.934, 99 %, 300 MHz, 8.80 W, 80, 59 MiB
2026/10/01 06:10:13.941, 97 %, 1350 MHz, 16.88 W, 84, 55 MiB
2026/10/01 06:10:14.948, 31 %, 1350 MHz, 16.59 W, 83, 55 MiB
2026/10/01 06:10:15.952, 0 %, 585 MHz, 8.09 W, 81, 59 MiB
2026/10/01 06:10:16.990, 50 %, 1185 MHz, 27.74 W, 87, 57 MiB
2026/10/01 06:10:18.014, 63 %, 1185 MHz, 16.72 W, 85, 59 MiB
2026/10/01 06:10:19.021, 39 %, 300 MHz, 9.55 W, 84, 57 MiB
2026/10/01 06:10:20.029, 96 %, 300 MHz, 8.96 W, 81, 57 MiB
2026/10/01 06:10:21.034, 85 %, 300 MHz, 7.56 W, 80, 55 MiB
2026/10/01 06:10:22.038, 0 %, 360 MHz, 8.24 W, 80, 59 MiB
2026/10/01 06:10:23.043, 44 %, 1350 MHz, 27.80 W, 86, 55 MiB
2026/10/01 06:10:24.047, 58 %, 1200 MHz, 27.82 W, 86, 59 MiB
2026/10/01 06:10:25.051, 58 %, 300 MHz, 9.31 W, 83, 57 MiB
2026/10/01 06:10:26.058, 97 %, 300 MHz, 7.71 W, 80, 55 MiB
2026/10/01 06:10:27.064, 27 %, 300 MHz, 7.55 W, 79, 55 MiB
2026/10/01 06:10:28.072, 31 %, 1200 MHz, 28.00 W, 85, 59 MiB
2026/10/01 06:10:29.077, 95 %, 1350 MHz, 16.75 W, 84, 55 MiB
2026/10/01 06:10:30.180, 8 %, 1185 MHz, 27.64 W, 87, 59 MiB
2026/10/01 06:10:31.288, 88 %, 300 MHz, 7.90 W, 82, 55 MiB
2026/10/01 06:10:32.312, 29 %, 300 MHz, 8.87 W, 81, 59 MiB
2026/10/01 06:10:33.316, 100 %, 300 MHz, 8.81 W, 80, 59 MiB
2026/10/01 06:10:34.320, 99 %, 1200 MHz, 28.00 W, 86, 57 MiB
2026/10/01 06:10:35.324, 64 %, 1350 MHz, 16.60 W, 83, 55 MiB
2026/10/01 06:10:36.327, 0 %, 405 MHz, 7.94 W, 82, 55 MiB
2026/10/01 06:10:37.330, 5 %, 1185 MHz, 27.89 W, 86, 59 MiB
2026/10/01 06:10:38.333, 96 %, 1350 MHz, 16.77 W, 84, 59 MiB
2026/10/01 06:10:39.336, 19 %, 300 MHz, 9.71 W, 86, 57 MiB
2026/10/01 06:10:40.344, 95 %, 300 MHz, 7.73 W, 82, 55 MiB
2026/10/01 06:10:41.346, 22 %, 300 MHz, 8.84 W, 80, 59 MiB
2026/10/01 06:10:42.350, 73 %, 1245 MHz, 29.27 W, 80, 59 MiB
2026/10/01 06:10:43.354, 97 %, 1350 MHz, 16.86 W, 86, 55 MiB
2026/10/01 06:10:44.357, 50 %, 1350 MHz, 16.62 W, 83, 55 MiB
2026/10/01 06:10:45.360, 0 %, 300 MHz, 9.30 W, 87, 59 MiB
2026/10/01 06:10:46.363, 99 %, 300 MHz, 8.87 W, 81, 59 MiB
2026/10/01 06:10:47.369, 99 %, 300 MHz, 8.70 W, 80, 57 MiB
2026/10/01 06:10:48.374, 71 %, 1350 MHz, 16.36 W, 82, 55 MiB
2026/10/01 06:10:49.378, 0 %, 1350 MHz, 16.43 W, 82, 55 MiB
2026/10/01 06:10:50.381, 0 %, 360 MHz, 7.65 W, 80, 55 MiB
2026/10/01 06:10:51.385, 63 %, 1200 MHz, 28.15 W, 86, 59 MiB
2026/10/01 06:10:52.446, 39 %, 1350 MHz, 16.69 W, 84, 55 MiB
2026/10/01 06:10:53.451, 76 %, 1065 MHz, 24.04 W, 87, 57 MiB
2026/10/01 06:10:54.454, 27 %, 300 MHz, 8.86 W, 81, 59 MiB
2026/10/01 06:10:55.458, 91 %, 300 MHz, 8.84 W, 81, 59 MiB
2026/10/01 06:10:56.462, 99 %, 300 MHz, 8.77 W, 80, 59 MiB
2026/10/01 06:10:57.467, 95 %, 1350 MHz, 16.94 W, 84, 55 MiB
2026/10/01 06:10:58.474, 0 %, 1350 MHz, 16.55 W, 83, 55 MiB
2026/10/01 06:10:59.479, 0 %, 360 MHz, 6.39 W, 80, 0 MiB
2026/10/01 06:11:00.485, 0 %, 360 MHz, 3.59 W, 78, 0 MiB
2026/10/01 06:11:01.492, 6 %, 1215 MHz, 28.28 W, 84, 59 MiB
2026/10/01 06:11:02.498, 84 %, 1350 MHz, 16.85 W, 84, 55 MiB
2026/10/01 06:11:03.504, 37 %, 1185 MHz, 27.84 W, 87, 59 MiB
2026/10/01 06:11:04.513, 66 %, 1350 MHz, 16.84 W, 84, 55 MiB
2026/10/01 06:11:05.518, 47 %, 300 MHz, 9.57 W, 84, 59 MiB
2026/10/01 06:11:06.531, 98 %, 300 MHz, 8.92 W, 81, 59 MiB
2026/10/01 06:11:07.536, 99 %, 300 MHz, 8.79 W, 80, 57 MiB
2026/10/01 06:11:08.542, 87 %, 1350 MHz, 16.15 W, 81, 55 MiB
2026/10/01 06:11:09.548, 0 %, 1350 MHz, 16.41 W, 82, 55 MiB
2026/10/01 06:11:10.554, 0 %, 360 MHz, 7.59 W, 80, 55 MiB
2026/10/01 06:11:11.561, 59 %, 300 MHz, 9.00 W, 81, 59 MiB
2026/10/01 06:11:12.566, 99 %, 300 MHz, 8.77 W, 80, 59 MiB
2026/10/01 06:11:13.571, 100 %, 300 MHz, 8.65 W, 79, 57 MiB
2026/10/01 06:11:14.576, 94 %, 1350 MHz, 16.26 W, 81, 55 MiB
2026/10/01 06:11:15.582, 0 %, 1350 MHz, 16.31 W, 82, 55 MiB
2026/10/01 06:11:16.626, 0 %, 360 MHz, 7.55 W, 79, 55 MiB
2026/10/01 06:11:17.682, 38 %, 1200 MHz, 27.96 W, 85, 59 MiB
2026/10/01 06:11:18.691, 70 %, 1350 MHz, 16.66 W, 83, 55 MiB
2026/10/01 06:11:19.697, 38 %, 1170 MHz, 27.81 W, 87, 59 MiB
2026/10/01 06:11:20.704, 54 %, 300 MHz, 7.81 W, 81, 59 MiB
2026/10/01 06:11:21.708, 71 %, 300 MHz, 8.80 W, 80, 59 MiB
2026/10/01 06:11:22.713, 99 %, 300 MHz, 8.73 W, 80, 59 MiB
2026/10/01 06:11:23.720, 97 %, 1350 MHz, 22.39 W, 85, 55 MiB
2026/10/01 06:11:24.726, 22 %, 1350 MHz, 16.54 W, 83, 55 MiB
2026/10/01 06:11:25.733, 0 %, 405 MHz, 7.87 W, 81, 55 MiB
2026/10/01 06:11:26.738, 53 %, 1185 MHz, 27.95 W, 86, 59 MiB
2026/10/01 06:11:27.742, 55 %, 1350 MHz, 16.74 W, 83, 55 MiB
2026/10/01 06:11:28.747, 52 %, 810 MHz, 20.18 W, 86, 57 MiB
2026/10/01 06:11:29.760, 97 %, 300 MHz, 8.56 W, 81, 55 MiB
2026/10/01 06:11:30.766, 25 %, 300 MHz, 7.53 W, 80, 55 MiB
2026/10/01 06:11:31.772, 40 %, 300 MHz, 8.35 W, 80, 59 MiB
2026/10/01 06:11:32.778, 95 %, 1350 MHz, 16.96 W, 85, 55 MiB
2026/10/01 06:11:33.879, 17 %, 1200 MHz, 18.20 W, 84, 59 MiB
2026/10/01 06:11:34.985, 70 %, 300 MHz, 9.51 W, 85, 57 MiB
2026/10/01 06:11:36.091, 95 %, 300 MHz, 7.73 W, 81, 55 MiB
2026/10/01 06:11:37.196, 0 %, 300 MHz, 7.53 W, 79, 59 MiB
2026/10/01 06:11:38.300, 71 %, 1215 MHz, 28.89 W, 83, 59 MiB
2026/10/01 06:11:39.391, 93 %, 1350 MHz, 16.88 W, 84, 55 MiB
2026/10/01 06:11:40.395, 0 %, 1350 MHz, 16.59 W, 83, 55 MiB
2026/10/01 06:11:41.398, 61 %, 300 MHz, 9.47 W, 84, 59 MiB
2026/10/01 06:11:42.401, 98 %, 300 MHz, 8.90 W, 81, 57 MiB
2026/10/01 06:11:43.407, 93 %, 300 MHz, 7.57 W, 80, 55 MiB
2026/10/01 06:11:44.413, 0 %, 1350 MHz, 16.16 W, 81, 55 MiB
2026/10/01 06:11:45.416, 12 %, 1215 MHz, 28.33 W, 83, 59 MiB
2026/10/01 06:11:46.423, 94 %, 1350 MHz, 16.80 W, 84, 55 MiB
2026/10/01 06:11:47.426, 20 %, 300 MHz, 8.98 W, 82, 59 MiB
2026/10/01 06:11:48.430, 99 %, 300 MHz, 8.78 W, 80, 59 MiB
2026/10/01 06:11:49.433, 99 %, 300 MHz, 8.73 W, 80, 59 MiB
2026/10/01 06:11:50.437, 98 %, 1350 MHz, 16.71 W, 85, 55 MiB
2026/10/01 06:11:51.440, 26 %, 1350 MHz, 16.48 W, 83, 55 MiB
2026/10/01 06:11:52.444, 0 %, 360 MHz, 7.63 W, 82, 55 MiB
2026/10/01 06:11:53.450, 6 %, 1200 MHz, 27.97 W, 86, 59 MiB
2026/10/01 06:11:54.455, 96 %, 1350 MHz, 16.68 W, 83, 55 MiB
2026/10/01 06:11:55.461, 23 %, 300 MHz, 9.66 W, 85, 57 MiB
2026/10/01 06:11:56.466, 95 %, 300 MHz, 7.74 W, 81, 55 MiB
2026/10/01 06:11:57.472, 39 %, 300 MHz, 7.99 W, 80, 59 MiB
2026/10/01 06:11:58.476, 35 %, 1215 MHz, 29.11 W, 84, 59 MiB
2026/10/01 06:11:59.480, 97 %, 1350 MHz, 16.77 W, 83, 55 MiB
2026/10/01 06:12:00.485, 36 %, 1350 MHz, 16.58 W, 83, 0 MiB
2026/10/01 06:12:01.489, 0 %, 360 MHz, 3.64 W, 79, 0 MiB
2026/10/01 06:12:02.495, 0 %, 1215 MHz, 28.08 W, 83, 59 MiB
2026/10/01 06:12:03.501, 33 %, 1350 MHz, 16.90 W, 84, 55 MiB
2026/10/01 06:12:04.508, 56 %, 300 MHz, 8.91 W, 81, 59 MiB
2026/10/01 06:12:05.513, 66 %, 300 MHz, 8.76 W, 80, 59 MiB
2026/10/01 06:12:06.517, 99 %, 300 MHz, 8.69 W, 80, 59 MiB
2026/10/01 06:12:07.522, 99 %, 1350 MHz, 17.59 W, 83, 55 MiB
2026/10/01 06:12:08.530, 76 %, 1350 MHz, 16.41 W, 82, 55 MiB
2026/10/01 06:12:09.535, 0 %, 360 MHz, 7.64 W, 80, 55 MiB
2026/10/01 06:12:10.543, 57 %, 1215 MHz, 28.13 W, 85, 59 MiB
2026/10/01 06:12:11.550, 51 %, 1350 MHz, 16.72 W, 83, 55 MiB
2026/10/01 06:12:12.555, 59 %, 1185 MHz, 27.98 W, 87, 59 MiB
2026/10/01 06:12:13.565, 96 %, 300 MHz, 8.94 W, 81, 57 MiB
2026/10/01 06:12:14.574, 81 %, 300 MHz, 7.57 W, 80, 55 MiB
2026/10/01 06:12:15.584, 0 %, 300 MHz, 7.41 W, 79, 55 MiB
2026/10/01 06:12:16.599, 35 %, 1245 MHz, 21.62 W, 82, 59 MiB
2026/10/01 06:12:17.607, 78 %, 1350 MHz, 16.93 W, 84, 55 MiB
2026/10/01 06:12:18.618, 27 %, 300 MHz, 9.36 W, 84, 59 MiB
2026/10/01 06:12:19.626, 99 %, 300 MHz, 8.76 W, 80, 59 MiB
2026/10/01 06:12:20.638, 100 %, 300 MHz, 8.72 W, 80, 59 MiB
2026/10/01 06:12:21.659, 97 %, 1245 MHz, 28.86 W, 83, 57 MiB
2026/10/01 06:12:22.680, 18 %, 1350 MHz, 16.39 W, 82, 55 MiB
2026/10/01 06:12:23.700, 0 %, 405 MHz, 10.61 W, 81, 55 MiB
2026/10/01 06:12:24.720, 20 %, 585 MHz, 11.47 W, 80, 59 MiB
2026/10/01 06:12:25.742, 89 %, 1350 MHz, 19.75 W, 85, 55 MiB
2026/10/01 06:12:26.749, 21 %, 1200 MHz, 27.79 W, 86, 59 MiB
2026/10/01 06:12:27.752, 96 %, 300 MHz, 9.30 W, 83, 55 MiB
2026/10/01 06:12:28.775, 6 %, 300 MHz, 7.77 W, 80, 59 MiB
2026/10/01 06:12:29.806, 100 %, 300 MHz, 8.74 W, 80, 59 MiB
2026/10/01 06:12:30.810, 97 %, 1200 MHz, 28.14 W, 85, 59 MiB
2026/10/01 06:12:31.814, 32 %, 1350 MHz, 16.59 W, 83, 55 MiB
2026/10/01 06:12:32.817, 0 %, 1350 MHz, 16.51 W, 83, 55 MiB
2026/10/01 06:12:33.820, 84 %, 300 MHz, 8.93 W, 81, 59 MiB
2026/10/01 06:12:34.824, 99 %, 300 MHz, 8.76 W, 80, 59 MiB
2026/10/01 06:12:35.828, 99 %, 300 MHz, 8.69 W, 79, 59 MiB
2026/10/01 06:12:36.832, 71 %, 1350 MHz, 16.49 W, 82, 55 MiB
2026/10/01 06:12:37.855, 0 %, 1350 MHz, 16.36 W, 82, 55 MiB
2026/10/01 06:12:38.960, 0 %, 360 MHz, 7.62 W, 80, 55 MiB
2026/10/01 06:12:40.063, 66 %, 1215 MHz, 27.90 W, 85, 59 MiB
2026/10/01 06:12:41.168, 38 %, 1350 MHz, 16.67 W, 83, 55 MiB
2026/10/01 06:12:42.271, 74 %, 1170 MHz, 27.55 W, 87, 57 MiB
2026/10/01 06:12:43.376, 24 %, 300 MHz, 8.71 W, 81, 59 MiB
2026/10/01 06:12:44.485, 100 %, 300 MHz, 8.80 W, 80, 59 MiB
2026/10/01 06:12:45.489, 99 %, 300 MHz, 8.73 W, 80, 59 MiB
2026/10/01 06:12:46.493, 78 %, 1350 MHz, 16.86 W, 85, 55 MiB
2026/10/01 06:12:47.496, 0 %, 1350 MHz, 16.49 W, 83, 55 MiB
2026/10/01 06:12:48.501, 0 %, 360 MHz, 8.17 W, 80, 59 MiB
2026/10/01 06:12:49.504, 85 %, 1185 MHz, 28.13 W, 86, 55 MiB
2026/10/01 06:12:50.544, 19 %, 1200 MHz, 28.65 W, 83, 59 MiB
2026/10/01 06:12:51.547, 95 %, 300 MHz, 9.57 W, 87, 55 MiB
2026/10/01 06:12:52.553, 14 %, 300 MHz, 8.84 W, 81, 59 MiB
2026/10/01 06:12:53.557, 100 %, 300 MHz, 8.74 W, 80, 59 MiB
2026/10/01 06:12:54.560, 98 %, 1215 MHz, 28.16 W, 80, 59 MiB
2026/10/01 06:12:55.564, 59 %, 1350 MHz, 16.59 W, 84, 55 MiB
2026/10/01 06:12:56.567, 0 %, 405 MHz, 16.51 W, 82, 55 MiB
2026/10/01 06:12:57.573, 40 %, 1185 MHz, 28.13 W, 87, 59 MiB
2026/10/01 06:12:58.598, 60 %, 1320 MHz, 16.74 W, 85, 59 MiB
2026/10/01 06:12:59.602, 57 %, 1035 MHz, 21.59 W, 87, 57 MiB
2026/10/01 06:13:00.610, 46 %, 300 MHz, 6.48 W, 81, 0 MiB
2026/10/01 06:13:01.616, 0 %, 300 MHz, 4.21 W, 78, 0 MiB
2026/10/01 06:13:02.623, 0 %, 300 MHz, 4.57 W, 78, 9 MiB
2026/10/01 06:13:03.634, 31 %, 1200 MHz, 27.66 W, 86, 57 MiB
2026/10/01 06:13:04.640, 59 %, 1200 MHz, 27.68 W, 86, 59 MiB
2026/10/01 06:13:05.645, 63 %, 300 MHz, 8.27 W, 84, 55 MiB
2026/10/01 06:13:06.650, 39 %, 300 MHz, 8.84 W, 81, 59 MiB
2026/10/01 06:13:07.655, 79 %, 300 MHz, 8.76 W, 80, 59 MiB
2026/10/01 06:13:08.662, 99 %, 1215 MHz, 29.05 W, 84, 59 MiB
2026/10/01 06:13:09.667, 96 %, 1350 MHz, 16.58 W, 83, 55 MiB
2026/10/01 06:13:10.673, 13 %, 1350 MHz, 16.49 W, 83, 55 MiB
2026/10/01 06:13:11.677, 0 %, 1200 MHz, 28.23 W, 85, 59 MiB
2026/10/01 06:13:12.682, 60 %, 1350 MHz, 16.86 W, 85, 55 MiB
2026/10/01 06:13:13.687, 40 %, 405 MHz, 27.42 W, 88, 59 MiB
2026/10/01 06:13:14.691, 77 %, 300 MHz, 7.90 W, 82, 55 MiB
2026/10/01 06:13:15.694, 37 %, 300 MHz, 8.83 W, 81, 59 MiB
2026/10/01 06:13:16.699, 71 %, 300 MHz, 8.74 W, 80, 59 MiB
2026/10/01 06:13:17.706, 99 %, 1215 MHz, 26.97 W, 86, 57 MiB
2026/10/01 06:13:18.713, 87 %, 1350 MHz, 16.56 W, 83, 55 MiB
2026/10/01 06:13:19.719, 0 %, 405 MHz, 10.06 W, 83, 57 MiB
2026/10/01 06:13:20.726, 11 %, 1260 MHz, 28.05 W, 87, 57 MiB
2026/10/01 06:13:21.734, 92 %, 1350 MHz, 16.75 W, 84, 55 MiB
2026/10/01 06:13:22.740, 12 %, 1065 MHz, 20.85 W, 87, 57 MiB
2026/10/01 06:13:23.750, 96 %, 300 MHz, 7.82 W, 82, 59 MiB
2026/10/01 06:13:24.763, 19 %, 300 MHz, 8.83 W, 81, 59 MiB
2026/10/01 06:13:25.791, 100 %, 300 MHz, 8.75 W, 80, 59 MiB
2026/10/01 06:13:26.819, 98 %, 1320 MHz, 16.85 W, 85, 55 MiB
2026/10/01 06:13:27.847, 59 %, 1320 MHz, 16.42 W, 83, 55 MiB
2026/10/01 06:13:28.877, 0 %, 360 MHz, 10.07 W, 82, 59 MiB
2026/10/01 06:13:29.910, 25 %, 1350 MHz, 27.73 W, 87, 55 MiB
2026/10/01 06:13:30.923, 78 %, 1200 MHz, 28.01 W, 85, 59 MiB
2026/10/01 06:13:31.926, 35 %, 300 MHz, 8.51 W, 87, 55 MiB
2026/10/01 06:13:32.956, 70 %, 300 MHz, 8.91 W, 82, 59 MiB
2026/10/01 06:13:33.996, 44 %, 300 MHz, 8.81 W, 81, 59 MiB
2026/10/01 06:13:35.000, 99 %, 1215 MHz, 28.88 W, 80, 59 MiB
2026/10/01 06:13:36.006, 97 %, 1350 MHz, 16.75 W, 84, 55 MiB
2026/10/01 06:13:37.010, 35 %, 1350 MHz, 16.57 W, 83, 55 MiB
2026/10/01 06:13:38.015, 0 %, 1230 MHz, 24.27 W, 81, 59 MiB
2026/10/01 06:13:39.019, 46 %, 1350 MHz, 17.08 W, 87, 55 MiB
2026/10/01 06:13:40.022, 58 %, 660 MHz, 27.74 W, 87, 59 MiB
2026/10/01 06:13:41.031, 56 %, 300 MHz, 8.17 W, 86, 55 MiB
2026/10/01 06:13:42.034, 58 %, 300 MHz, 8.88 W, 81, 59 MiB
2026/10/01 06:13:43.067, 50 %, 300 MHz, 8.80 W, 81, 59 MiB
2026/10/01 06:13:44.171, 99 %, 1200 MHz, 27.97 W, 84, 59 MiB
2026/10/01 06:13:45.258, 96 %, 1350 MHz, 16.68 W, 84, 55 MiB
2026/10/01 06:13:46.262, 13 %, 1350 MHz, 16.55 W, 83, 55 MiB
2026/10/01 06:13:47.266, 0 %, 1200 MHz, 27.91 W, 85, 59 MiB
2026/10/01 06:13:48.269, 76 %, 1350 MHz, 16.90 W, 85, 55 MiB
2026/10/01 06:13:49.273, 28 %, 915 MHz, 20.02 W, 88, 59 MiB
2026/10/01 06:13:50.277, 82 %, 300 MHz, 7.97 W, 84, 55 MiB
2026/10/01 06:13:51.282, 24 %, 300 MHz, 8.87 W, 81, 59 MiB
2026/10/01 06:13:52.288, 90 %, 300 MHz, 8.81 W, 81, 59 MiB
2026/10/01 06:13:53.295, 99 %, 1200 MHz, 27.81 W, 86, 57 MiB
2026/10/01 06:13:54.301, 80 %, 1350 MHz, 16.67 W, 84, 55 MiB
2026/10/01 06:13:55.307, 0 %, 405 MHz, 10.02 W, 83, 55 MiB
2026/10/01 06:13:56.310, 0 %, 360 MHz, 4.95 W, 79, 0 MiB
2026/10/01 06:13:57.315, 0 %, 300 MHz, 4.53 W, 78, 9 MiB
2026/10/01 06:13:58.320, 5 %, 1200 MHz, 28.46 W, 86, 57 MiB
2026/10/01 06:13:59.324, 85 %, 300 MHz, 8.86 W, 81, 59 MiB
2026/10/01 06:14:00.330, 38 %, 300 MHz, 8.73 W, 80, 59 MiB
2026/10/01 06:14:01.335, 99 %, 300 MHz, 8.72 W, 80, 59 MiB
2026/10/01 06:14:02.340, 98 %, 1350 MHz, 16.77 W, 86, 55 MiB
2026/10/01 06:14:03.345, 53 %, 1350 MHz, 16.49 W, 83, 55 MiB
2026/10/01 06:14:04.352, 0 %, 360 MHz, 7.74 W, 83, 59 MiB
2026/10/01 06:14:05.355, 21 %, 1350 MHz, 27.68 W, 87, 55 MiB
2026/10/01 06:14:06.363, 79 %, 1185 MHz, 27.83 W, 84, 59 MiB
2026/10/01 06:14:07.366, 37 %, 300 MHz, 8.45 W, 87, 55 MiB
2026/10/01 06:14:08.370, 71 %, 300 MHz, 8.87 W, 82, 59 MiB
2026/10/01 06:14:09.374, 41 %, 300 MHz, 8.81 W, 81, 59 MiB
2026/10/01 06:14:10.378, 100 %, 1215 MHz, 28.50 W, 80, 59 MiB
2026/10/01 06:14:11.381, 97 %, 1350 MHz, 16.71 W, 85, 55 MiB
2026/10/01 06:14:12.385, 32 %, 1350 MHz, 16.58 W, 83, 55 MiB
2026/10/01 06:14:13.388, 0 %, 765 MHz, 16.48 W, 82, 59 MiB
2026/10/01 06:14:14.391, 52 %, 1350 MHz, 17.07 W, 87, 55 MiB
2026/10/01 06:14:15.396, 61 %, 1200 MHz, 27.92 W, 87, 59 MiB
2026/10/01 06:14:16.400, 41 %, 300 MHz, 9.24 W, 83, 57 MiB
2026/10/01 06:14:17.405, 97 %, 300 MHz, 8.77 W, 81, 55 MiB
2026/10/01 06:14:18.410, 90 %, 300 MHz, 7.52 W, 80, 55 MiB
2026/10/01 06:14:19.417, 0 %, 1200 MHz, 28.12 W, 85, 59 MiB
2026/10/01 06:14:20.421, 34 %, 1350 MHz, 16.91 W, 85, 55 MiB
2026/10/01 06:14:21.426, 55 %, 585 MHz, 27.63 W, 88, 59 MiB
2026/10/01 06:14:22.431, 73 %, 300 MHz, 7.89 W, 82, 55 MiB
2026/10/01 06:14:23.435, 15 %, 300 MHz, 8.81 W, 81, 59 MiB
2026/10/01 06:14:24.440, 100 %, 300 MHz, 8.78 W, 80, 59 MiB
2026/10/01 06:14:25.444, 94 %, 1350 MHz, 17.08 W, 85, 55 MiB
2026/10/01 06:14:26.449, 0 %, 1350 MHz, 16.64 W, 83, 55 MiB
2026/10/01 06:14:27.453, 40 %, 1155 MHz, 16.25 W, 87, 59 MiB
2026/10/01 06:14:28.461, 97 %, 300 MHz, 8.93 W, 81, 59 MiB
2026/10/01 06:14:29.539, 99 %, 300 MHz, 8.81 W, 81, 57 MiB
2026/10/01 06:14:30.565, 99 %, 1350 MHz, 16.11 W, 81, 55 MiB
2026/10/01 06:14:31.570, 6 %, 945 MHz, 14.44 W, 81, 55 MiB
2026/10/01 06:14:32.575, 0 %, 360 MHz, 7.67 W, 80, 55 MiB
2026/10/01 06:14:33.581, 23 %, 1215 MHz, 28.63 W, 83, 59 MiB
2026/10/01 06:14:34.585, 83 %, 1350 MHz, 16.91 W, 84, 55 MiB
2026/10/01 06:14:35.589, 29 %, 1185 MHz, 27.93 W, 87, 59 MiB
2026/10/01 06:14:36.593, 61 %, 300 MHz, 8.15 W, 83, 55 MiB
2026/10/01 06:14:37.602, 64 %, 300 MHz, 8.86 W, 81, 59 MiB
2026/10/01 06:14:38.607, 99 %, 300 MHz, 8.77 W, 80, 59 MiB
2026/10/01 06:14:39.613, 98 %, 1200 MHz, 28.04 W, 85, 59 MiB
2026/10/01 06:14:40.620, 40 %, 1350 MHz, 16.58 W, 83, 55 MiB
2026/10/01 06:14:41.624, 0 %, 1350 MHz, 16.51 W, 83, 55 MiB
2026/10/01 06:14:42.629, 26 %, 1215 MHz, 28.09 W, 84, 59 MiB
2026/10/01 06:14:43.633, 77 %, 1350 MHz, 16.94 W, 85, 55 MiB
2026/10/01 06:14:44.639, 37 %, 1170 MHz, 27.83 W, 88, 59 MiB
2026/10/01 06:14:45.643, 96 %, 300 MHz, 9.23 W, 83, 57 MiB
2026/10/01 06:14:46.648, 20 %, 300 MHz, 7.64 W, 80, 55 MiB
2026/10/01 06:14:47.656, 62 %, 300 MHz, 8.78 W, 80, 59 MiB
2026/10/01 06:14:48.752, 97 %, 1200 MHz, 27.92 W, 86, 59 MiB
2026/10/01 06:14:49.859, 31 %, 1350 MHz, 16.65 W, 83, 55 MiB
2026/10/01 06:14:50.967, 19 %, 1200 MHz, 28.09 W, 87, 59 MiB
2026/10/01 06:14:52.075, 96 %, 300 MHz, 9.04 W, 82, 59 MiB
2026/10/01 06:14:53.134, 98 %, 300 MHz, 8.86 W, 81, 57 MiB
2026/10/01 06:14:54.139, 76 %, 300 MHz, 7.58 W, 80, 55 MiB
2026/10/01 06:14:55.146, 0 %, 1350 MHz, 16.33 W, 82, 55 MiB
2026/10/01 06:14:56.153, 0 %, 360 MHz, 7.63 W, 80, 47 MiB
2026/10/01 06:14:57.160, 0 %, 300 MHz, 3.50 W, 78, 0 MiB
2026/10/01 06:14:58.167, 6 %, 1245 MHz, 28.25 W, 82, 59 MiB
2026/10/01 06:14:59.174, 84 %, 1350 MHz, 16.83 W, 84, 55 MiB
2026/10/01 06:15:00.179, 39 %, 1200 MHz, 17.11 W, 86, 59 MiB
2026/10/01 06:15:01.289, 93 %, 300 MHz, 8.92 W, 81, 57 MiB
2026/10/01 06:15:02.293, 99 %, 300 MHz, 8.77 W, 80, 57 MiB
2026/10/01 06:15:03.347, 80 %, 1350 MHz, 16.09 W, 80, 55 MiB
2026/10/01 06:15:04.352, 0 %, 405 MHz, 16.33 W, 82, 55 MiB
2026/10/01 06:15:05.356, 0 %, 1245 MHz, 10.37 W, 80, 59 MiB
2026/10/01 06:15:06.359, 71 %, 300 MHz, 8.88 W, 81, 59 MiB
2026/10/01 06:15:07.407, 97 %, 300 MHz, 8.72 W, 80, 57 MiB
2026/10/01 06:15:08.412, 99 %, 300 MHz, 8.66 W, 79, 57 MiB
2026/10/01 06:15:09.417, 82 %, 300 MHz, 7.40 W, 78, 55 MiB
2026/10/01 06:15:10.421, 0 %, 300 MHz, 7.34 W, 78, 55 MiB
2026/10/01 06:15:11.428, 0 %, 300 MHz, 8.22 W, 78, 59 MiB
2026/10/01 06:15:12.433, 43 %, 1350 MHz, 27.86 W, 84, 55 MiB
2026/10/01 06:15:13.437, 62 %, 1200 MHz, 27.81 W, 85, 59 MiB
2026/10/01 06:15:14.441, 51 %, 1350 MHz, 16.88 W, 84, 55 MiB
2026/10/01 06:15:15.446, 39 %, 1170 MHz, 27.98 W, 87, 59 MiB
2026/10/01 06:15:16.450, 86 %, 1350 MHz, 16.80 W, 84, 55 MiB
2026/10/01 06:15:17.455, 25 %, 300 MHz, 9.41 W, 85, 59 MiB
2026/10/01 06:15:18.463, 95 %, 300 MHz, 8.88 W, 81, 57 MiB
2026/10/01 06:15:19.485, 99 %, 300 MHz, 7.57 W, 80, 55 MiB
2026/10/01 06:15:20.490, 46 %, 360 MHz, 7.49 W, 79, 55 MiB
2026/10/01 06:15:21.494, 0 %, 1230 MHz, 26.72 W, 82, 59 MiB
2026/10/01 06:15:22.506, 55 %, 1350 MHz, 16.82 W, 84, 55 MiB
2026/10/01 06:15:23.511, 56 %, 1215 MHz, 28.06 W, 86, 59 MiB
2026/10/01 06:15:24.515, 50 %, 1290 MHz, 16.59 W, 84, 55 MiB
2026/10/01 06:15:25.521, 40 %, 555 MHz, 23.58 W, 87, 59 MiB
2026/10/01 06:15:26.529, 83 %, 300 MHz, 7.95 W, 82, 55 MiB
2026/10/01 06:15:27.535, 21 %, 300 MHz, 8.83 W, 81, 59 MiB
2026/10/01 06:15:28.542, 97 %, 300 MHz, 8.78 W, 80, 59 MiB
2026/10/01 06:15:29.547, 99 %, 1215 MHz, 27.76 W, 86, 57 MiB
2026/10/01 06:15:30.555, 94 %, 1350 MHz, 16.56 W, 83, 55 MiB
2026/10/01 06:15:31.558, 0 %, 405 MHz, 8.85 W, 81, 55 MiB
2026/10/01 06:15:32.565, 0 %, 1200 MHz, 28.09 W, 85, 59 MiB
2026/10/01 06:15:33.591, 77 %, 1350 MHz, 16.80 W, 84, 55 MiB
2026/10/01 06:15:34.620, 32 %, 1170 MHz, 27.69 W, 88, 59 MiB
2026/10/01 06:15:35.649, 78 %, 300 MHz, 9.04 W, 82, 55 MiB
2026/10/01 06:15:36.676, 83 %, 300 MHz, 7.59 W, 80, 55 MiB
2026/10/01 06:15:37.680, 0 %, 300 MHz, 8.75 W, 80, 59 MiB
2026/10/01 06:15:38.685, 88 %, 1200 MHz, 27.97 W, 87, 57 MiB
2026/10/01 06:15:39.690, 84 %, 1350 MHz, 16.60 W, 83, 55 MiB
2026/10/01 06:15:40.695, 0 %, 1170 MHz, 28.00 W, 88, 59 MiB
2026/10/01 06:15:41.711, 72 %, 300 MHz, 9.01 W, 81, 57 MiB
2026/10/01 06:15:42.718, 99 %, 300 MHz, 7.60 W, 80, 55 MiB
2026/10/01 06:15:43.722, 48 %, 300 MHz, 7.53 W, 79, 55 MiB
2026/10/01 06:15:44.727, 0 %, 1185 MHz, 28.14 W, 87, 59 MiB
2026/10/01 06:15:45.731, 79 %, 1185 MHz, 21.84 W, 85, 59 MiB
2026/10/01 06:15:46.735, 29 %, 300 MHz, 9.49 W, 85, 57 MiB
2026/10/01 06:15:47.742, 95 %, 300 MHz, 7.69 W, 81, 55 MiB
2026/10/01 06:15:48.748, 21 %, 300 MHz, 8.76 W, 80, 59 MiB
2026/10/01 06:15:49.753, 71 %, 1215 MHz, 29.35 W, 83, 59 MiB
2026/10/01 06:15:50.757, 98 %, 1350 MHz, 16.78 W, 84, 55 MiB
2026/10/01 06:15:51.762, 46 %, 1350 MHz, 16.59 W, 83, 55 MiB
2026/10/01 06:15:52.824, 0 %, 360 MHz, 3.73 W, 79, 0 MiB
2026/10/01 06:15:53.932, 0 %, 300 MHz, 3.56 W, 78, 0 MiB
2026/10/01 06:15:55.039, 0 %, 1200 MHz, 27.90 W, 86, 59 MiB
2026/10/01 06:15:56.146, 76 %, 1350 MHz, 16.64 W, 84, 59 MiB
2026/10/01 06:15:57.225, 27 %, 675 MHz, 20.90 W, 86, 55 MiB
2026/10/01 06:15:58.229, 84 %, 1215 MHz, 28.01 W, 86, 59 MiB
2026/10/01 06:15:59.232, 28 %, 1350 MHz, 21.29 W, 86, 55 MiB
2026/10/01 06:16:00.236, 75 %, 1185 MHz, 27.96 W, 87, 59 MiB
2026/10/01 06:16:01.239, 38 %, 1350 MHz, 17.10 W, 86, 55 MiB
2026/10/01 06:16:02.243, 68 %, 300 MHz, 9.10 W, 82, 59 MiB
2026/10/01 06:16:03.247, 46 %, 300 MHz, 8.89 W, 81, 59 MiB
2026/10/01 06:16:04.251, 99 %, 300 MHz, 8.78 W, 80, 59 MiB
2026/10/01 06:16:05.255, 99 %, 1200 MHz, 27.75 W, 86, 57 MiB
2026/10/01 06:16:06.258, 84 %, 1350 MHz, 16.59 W, 83, 55 MiB
2026/10/01 06:16:07.261, 0 %, 405 MHz, 5.15 W, 82, 55 MiB
2026/10/01 06:16:08.266, 0 %, 1215 MHz, 27.38 W, 83, 59 MiB
2026/10/01 06:16:09.269, 57 %, 1350 MHz, 16.95 W, 85, 55 MiB
2026/10/01 06:16:10.273, 52 %, 1170 MHz, 27.74 W, 87, 59 MiB
2026/10/01 06:16:11.276, 59 %, 300 MHz, 9.04 W, 82, 57 MiB
2026/10/01 06:16:12.280, 98 %, 300 MHz, 8.84 W, 81, 57 MiB
2026/10/01 06:16:13.285, 95 %, 300 MHz, 3.57 W, 78, 55 MiB
2026/10/01 06:16:14.332, 7 %, 300 MHz, 8.49 W, 78, 59 MiB
2026/10/01 06:16:15.336, 96 %, 1350 MHz, 27.93 W, 85, 55 MiB
2026/10/01 06:16:16.340, 16 %, 1200 MHz, 27.74 W, 83, 59 MiB
2026/10/01 06:16:17.346, 77 %, 1350 MHz, 17.00 W, 88, 55 MiB
2026/10/01 06:16:18.350, 47 %, 540 MHz, 24.61 W, 87, 59 MiB
2026/10/01 06:16:19.353, 58 %, 300 MHz, 3.93 W, 82, 55 MiB
2026/10/01 06:16:20.378, 60 %, 300 MHz, 8.90 W, 81, 59 MiB
2026/10/01 06:16:21.383, 99 %, 300 MHz, 8.81 W, 80, 59 MiB
2026/10/01 06:16:22.388, 98 %, 1200 MHz, 27.10 W, 86, 57 MiB
2026/10/01 06:16:23.394, 39 %, 1350 MHz, 16.59 W, 83, 55 MiB
2026/10/01 06:16:24.400, 0 %, 360 MHz, 3.80 W, 80, 55 MiB
2026/10/01 06:16:25.405, 27 %, 1200 MHz, 27.81 W, 86, 59 MiB
2026/10/01 06:16:26.409, 77 %, 1350 MHz, 16.79 W, 84, 55 MiB
2026/10/01 06:16:27.415, 38 %, 810 MHz, 19.97 W, 86, 57 MiB
2026/10/01 06:16:28.419, 96 %, 300 MHz, 3.72 W, 81, 55 MiB
2026/10/01 06:16:29.426, 11 %, 300 MHz, 8.71 W, 80, 59 MiB
2026/10/01 06:16:30.430, 75 %, 300 MHz, 8.74 W, 80, 59 MiB
2026/10/01 06:16:31.435, 96 %, 1350 MHz, 17.02 W, 85, 55 MiB
2026/10/01 06:16:32.442, 28 %, 1350 MHz, 16.62 W, 83, 55 MiB
2026/10/01 06:16:33.448, 15 %, 300 MHz, 10.16 W, 86, 59 MiB
2026/10/01 06:16:34.456, 97 %, 300 MHz, 8.96 W, 81, 59 MiB
2026/10/01 06:16:35.461, 99 %, 300 MHz, 8.78 W, 80, 57 MiB
2026/10/01 06:16:36.466, 99 %, 1350 MHz, 15.95 W, 80, 55 MiB
2026/10/01 06:16:37.494, 15 %, 1350 MHz, 16.32 W, 82, 55 MiB
2026/10/01 06:16:38.540, 0 %, 360 MHz, 3.56 W, 79, 55 MiB
2026/10/01 06:16:39.590, 42 %, 300 MHz, 9.20 W, 82, 59 MiB
2026/10/01 06:16:40.623, 97 %, 300 MHz, 8.68 W, 80, 57 MiB
2026/10/01 06:16:41.628, 99 %, 300 MHz, 8.68 W, 80, 57 MiB
2026/10/01 06:16:42.634, 94 %, 1350 MHz, 15.96 W, 80, 55 MiB
2026/10/01 06:16:43.639, 0 %, 1350 MHz, 16.21 W, 82, 55 MiB
2026/10/01 06:16:44.646, 0 %, 360 MHz, 3.53 W, 78, 55 MiB
2026/10/01 06:16:45.665, 45 %, 1200 MHz, 27.58 W, 86, 57 MiB
2026/10/01 06:16:46.674, 58 %, 1200 MHz, 22.19 W, 85, 59 MiB
2026/10/01 06:16:47.678, 57 %, 1350 MHz, 19.82 W, 85, 55 MiB
2026/10/01 06:16:48.685, 42 %, 1035 MHz, 15.06 W, 83, 0 MiB
2026/10/01 06:16:49.689, 0 %, 375 MHz, 4.49 W, 81, 0 MiB
2026/10/01 06:16:50.696, 0 %, 300 MHz, 3.65 W, 78, 8 MiB
2026/10/01 06:16:51.705, 22 %, 1200 MHz, 28.10 W, 86, 59 MiB
2026/10/01 06:16:52.710, 69 %, 1200 MHz, 16.65 W, 85, 59 MiB
2026/10/01 06:16:53.715, 51 %, 585 MHz, 19.80 W, 86, 57 MiB
2026/10/01 06:16:54.722, 54 %, 1185 MHz, 22.07 W, 86, 59 MiB
2026/10/01 06:16:55.729, 58 %, 1035 MHz, 24.66 W, 86, 55 MiB
2026/10/01 06:16:56.744, 48 %, 1200 MHz, 28.22 W, 87, 59 MiB
2026/10/01 06:16:57.833, 64 %, 300 MHz, 9.09 W, 82, 59 MiB
2026/10/01 06:16:58.939, 99 %, 300 MHz, 8.87 W, 81, 59 MiB
2026/10/01 06:16:59.943, 99 %, 300 MHz, 8.79 W, 80, 57 MiB
2026/10/01 06:17:00.948, 79 %, 1350 MHz, 16.45 W, 82, 55 MiB
2026/10/01 06:17:01.954, 0 %, 1350 MHz, 16.45 W, 83, 55 MiB
2026/10/01 06:17:02.958, 0 %, 360 MHz, 7.57 W, 80, 55 MiB
2026/10/01 06:17:03.961, 42 %, 1200 MHz, 27.58 W, 87, 57 MiB
2026/10/01 06:17:04.965, 59 %, 1200 MHz, 21.81 W, 85, 59 MiB
2026/10/01 06:17:05.968, 57 %, 300 MHz, 12.03 W, 86, 55 MiB
2026/10/01 06:17:06.985, 41 %, 300 MHz, 8.91 W, 81, 59 MiB
2026/10/01 06:17:07.989, 80 %, 300 MHz, 8.79 W, 81, 59 MiB
2026/10/01 06:17:08.995, 99 %, 1245 MHz, 28.09 W, 82, 59 MiB
2026/10/01 06:17:09.998, 96 %, 1350 MHz, 16.68 W, 84, 55 MiB
2026/10/01 06:17:11.001, 6 %, 1350 MHz, 16.53 W, 83, 55 MiB
2026/10/01 06:17:12.006, 0 %, 1200 MHz, 10.94 W, 81, 59 MiB
2026/10/01 06:17:13.014, 70 %, 1350 MHz, 17.14 W, 86, 55 MiB
2026/10/01 06:17:14.018, 37 %, 1185 MHz, 28.09 W, 86, 59 MiB
2026/10/01 06:17:15.021, 73 %, 300 MHz, 9.30 W, 84, 57 MiB
2026/10/01 06:17:16.025, 95 %, 300 MHz, 7.66 W, 81, 55 MiB
2026/10/01 06:17:17.028, 0 %, 300 MHz, 8.76 W, 80, 59 MiB
2026/10/01 06:17:18.032, 70 %, 1215 MHz, 27.80 W, 85, 59 MiB
2026/10/01 06:17:19.035, 93 %, 1350 MHz, 16.70 W, 84, 55 MiB
2026/10/01 06:17:20.040, 0 %, 1185 MHz, 27.98 W, 86, 59 MiB
2026/10/01 06:17:21.047, 72 %, 300 MHz, 9.12 W, 83, 57 MiB
2026/10/01 06:17:22.052, 98 %, 300 MHz, 7.67 W, 81, 55 MiB
2026/10/01 06:17:23.056, 30 %, 300 MHz, 7.50 W, 80, 55 MiB
2026/10/01 06:17:24.061, 14 %, 1215 MHz, 27.79 W, 84, 59 MiB
2026/10/01 06:17:25.064, 95 %, 1350 MHz, 16.71 W, 84, 55 MiB
2026/10/01 06:17:26.067, 12 %, 555 MHz, 19.93 W, 87, 59 MiB
2026/10/01 06:17:27.071, 95 %, 300 MHz, 7.84 W, 82, 55 MiB
2026/10/01 06:17:28.075, 50 %, 300 MHz, 7.59 W, 80, 55 MiB
2026/10/01 06:17:29.078, 28 %, 300 MHz, 8.73 W, 80, 59 MiB
2026/10/01 06:17:30.082, 98 %, 1350 MHz, 21.85 W, 86, 55 MiB
2026/10/01 06:17:31.086, 56 %, 1350 MHz, 16.62 W, 83, 55 MiB
2026/10/01 06:17:32.089, 0 %, 1185 MHz, 27.67 W, 87, 59 MiB
2026/10/01 06:17:33.092, 95 %, 300 MHz, 8.94 W, 82, 57 MiB
2026/10/01 06:17:34.098, 99 %, 300 MHz, 7.87 W, 81, 55 MiB
2026/10/01 06:17:35.102, 57 %, 1350 MHz, 15.98 W, 79, 55 MiB
2026/10/01 06:17:36.105, 0 %, 360 MHz, 10.49 W, 82, 59 MiB
2026/10/01 06:17:37.109, 50 %, 1350 MHz, 19.98 W, 86, 55 MiB
2026/10/01 06:17:38.112, 57 %, 300 MHz, 9.31 W, 84, 59 MiB
2026/10/01 06:17:39.115, 56 %, 300 MHz, 8.80 W, 81, 59 MiB
2026/10/01 06:17:40.120, 99 %, 300 MHz, 8.74 W, 80, 59 MiB
2026/10/01 06:17:41.123, 99 %, 1230 MHz, 28.08 W, 80, 59 MiB
2026/10/01 06:17:42.132, 86 %, 1350 MHz, 16.50 W, 83, 55 MiB
2026/10/01 06:17:43.142, 0 %, 1350 MHz, 16.43 W, 83, 55 MiB
2026/10/01 06:17:44.151, 0 %, 360 MHz, 10.37 W, 80, 59 MiB
2026/10/01 06:17:45.159, 50 %, 1350 MHz, 19.76 W, 86, 55 MiB
2026/10/01 06:17:46.165, 57 %, 1350 MHz, 16.59 W, 84, 0 MiB
2026/10/01 06:17:47.168, 0 %, 360 MHz, 5.03 W, 83, 0 MiB
2026/10/01 06:17:48.173, 0 %, 1215 MHz, 28.28 W, 79, 59 MiB
2026/10/01 06:17:49.178, 62 %, 1350 MHz, 16.90 W, 87, 55 MiB
2026/10/01 06:17:50.186, 28 %, 1170 MHz, 27.80 W, 86, 59 MiB
2026/10/01 06:17:51.193, 94 %, 1350 MHz, 16.84 W, 85, 55 MiB
2026/10/01 06:17:52.199, 17 %, 1005 MHz, 21.68 W, 87, 59 MiB
2026/10/01 06:17:53.203, 95 %, 300 MHz, 7.92 W, 85, 55 MiB
2026/10/01 06:17:54.208, 16 %, 300 MHz, 8.90 W, 81, 59 MiB
2026/10/01 06:17:55.211, 100 %, 300 MHz, 8.81 W, 81, 59 MiB
2026/10/01 06:17:56.215, 99 %, 1230 MHz, 27.63 W, 84, 57 MiB
2026/10/01 06:17:57.222, 64 %, 1350 MHz, 16.65 W, 84, 55 MiB
2026/10/01 06:17:58.225, 0 %, 405 MHz, 13.83 W, 82, 55 MiB
2026/10/01 06:17:59.229, 19 %, 1215 MHz, 28.15 W, 87, 57 MiB
2026/10/01 06:18:00.236, 81 %, 1350 MHz, 16.82 W, 85, 59 MiB
2026/10/01 06:18:01.240, 36 %, 1020 MHz, 24.42 W, 87, 57 MiB
2026/10/01 06:18:02.290, 71 %, 300 MHz, 7.88 W, 82, 59 MiB
2026/10/01 06:18:03.395, 43 %, 300 MHz, 8.85 W, 81, 59 MiB
2026/10/01 06:18:04.501, 99 %, 300 MHz, 8.80 W, 80, 59 MiB
2026/10/01 06:18:05.558, 98 %, 1350 MHz, 17.00 W, 84, 55 MiB
2026/10/01 06:18:06.563, 39 %, 1350 MHz, 16.61 W, 83, 55 MiB
2026/10/01 06:18:07.567, 0 %, 360 MHz, 7.79 W, 81, 55 MiB
2026/10/01 06:18:08.575, 25 %, 1245 MHz, 28.07 W, 87, 57 MiB
2026/10/01 06:18:09.579, 78 %, 1350 MHz, 16.77 W, 85, 59 MiB
2026/10/01 06:18:10.583, 36 %, 300 MHz, 17.15 W, 85, 57 MiB
2026/10/01 06:18:11.589, 97 %, 300 MHz, 8.98 W, 82, 57 MiB
2026/10/01 06:18:12.596, 65 %, 300 MHz, 7.54 W, 80, 55 MiB
2026/10/01 06:18:13.601, 0 %, 1215 MHz, 28.15 W, 84, 59 MiB
2026/10/01 06:18:14.605, 79 %, 1350 MHz, 16.85 W, 84, 55 MiB
2026/10/01 06:18:15.608, 37 %, 1170 MHz, 28.00 W, 88, 59 MiB
2026/10/01 06:18:16.616, 67 %, 300 MHz, 7.97 W, 82, 55 MiB
2026/10/01 06:18:17.624, 36 %, 300 MHz, 8.86 W, 81, 59 MiB
2026/10/01 06:18:18.628, 86 %, 300 MHz, 8.79 W, 80, 59 MiB
2026/10/01 06:18:19.635, 99 %, 1200 MHz, 27.51 W, 86, 57 MiB
2026/10/01 06:18:20.640, 93 %, 1350 MHz, 16.63 W, 83, 55 MiB
2026/10/01 06:18:21.644, 0 %, 405 MHz, 7.95 W, 82, 55 MiB
2026/10/01 06:18:22.650, 0 %, 1185 MHz, 28.03 W, 87, 59 MiB
2026/10/01 06:18:23.654, 84 %, 1350 MHz, 16.86 W, 84, 55 MiB
2026/10/01 06:18:24.661, 20 %, 1110 MHz, 23.38 W, 87, 57 MiB
2026/10/01 06:18:25.665, 93 %, 300 MHz, 7.78 W, 81, 55 MiB
2026/10/01 06:18:26.745, 86 %, 300 MHz, 8.85 W, 81, 59 MiB
2026/10/01 06:18:27.748, 99 %, 300 MHz, 8.67 W, 80, 59 MiB
2026/10/01 06:18:28.752, 70 %, 1350 MHz, 16.94 W, 84, 55 MiB
2026/10/01 06:18:29.755, 0 %, 1350 MHz, 16.65 W, 83, 55 MiB
2026/10/01 06:18:30.759, 24 %, 1350 MHz, 11.29 W, 81, 59 MiB
2026/10/01 06:18:31.766, 84 %, 1350 MHz, 18.37 W, 86, 55 MiB
2026/10/01 06:18:32.769, 19 %, 1185 MHz, 27.89 W, 87, 59 MiB
2026/10/01 06:18:33.773, 95 %, 300 MHz, 9.52 W, 85, 57 MiB
2026/10/01 06:18:34.777, 26 %, 300 MHz, 7.71 W, 81, 55 MiB
2026/10/01 06:18:35.781, 63 %, 300 MHz, 8.83 W, 81, 59 MiB
2026/10/01 06:18:36.786, 98 %, 1215 MHz, 28.06 W, 84, 59 MiB
2026/10/01 06:18:37.791, 52 %, 1350 MHz, 16.81 W, 84, 55 MiB
2026/10/01 06:18:38.800, 0 %, 1350 MHz, 16.64 W, 84, 55 MiB
2026/10/01 06:18:39.808, 0 %, 360 MHz, 3.86 W, 79, 0 MiB
2026/10/01 06:18:40.818, 6 %, 1245 MHz, 28.87 W, 79, 59 MiB
2026/10/01 06:18:41.827, 83 %, 1350 MHz, 17.06 W, 86, 55 MiB
2026/10/01 06:18:42.835, 37 %, 630 MHz, 27.95 W, 87, 59 MiB
2026/10/01 06:18:43.846, 66 %, 1350 MHz, 17.00 W, 86, 55 MiB
2026/10/01 06:18:44.855, 46 %, 600 MHz, 20.26 W, 88, 59 MiB
2026/10/01 06:18:45.863, 97 %, 300 MHz, 9.15 W, 83, 57 MiB
2026/10/01 06:18:46.872, 73 %, 300 MHz, 7.69 W, 81, 55 MiB
2026/10/01 06:18:47.884, 0 %, 300 MHz, 7.60 W, 80, 55 MiB
2026/10/01 06:18:48.893, 58 %, 1185 MHz, 28.19 W, 86, 59 MiB
2026/10/01 06:18:49.906, 35 %, 1350 MHz, 16.75 W, 84, 55 MiB
2026/10/01 06:18:50.914, 87 %, 1050 MHz, 24.06 W, 86, 57 MiB
2026/10/01 06:18:51.926, 20 %, 300 MHz, 7.92 W, 82, 59 MiB
2026/10/01 06:18:52.935, 96 %, 300 MHz, 8.88 W, 81, 59 MiB
2026/10/01 06:18:53.968, 99 %, 300 MHz, 8.81 W, 81, 59 MiB
2026/10/01 06:18:54.980, 86 %, 1350 MHz, 21.90 W, 87, 55 MiB
2026/10/01 06:18:55.983, 0 %, 1350 MHz, 16.65 W, 83, 55 MiB
2026/10/01 06:18:56.987, 0 %, 360 MHz, 7.93 W, 83, 55 MiB
2026/10/01 06:18:57.990, 87 %, 1215 MHz, 27.86 W, 86, 57 MiB
2026/10/01 06:18:58.993, 20 %, 1350 MHz, 16.83 W, 85, 55 MiB
2026/10/01 06:18:59.997, 90 %, 1020 MHz, 23.59 W, 87, 57 MiB
2026/10/01 06:19:01.000, 82 %, 300 MHz, 7.86 W, 82, 55 MiB
2026/10/01 06:19:02.004, 0 %, 300 MHz, 7.60 W, 81, 55 MiB
2026/10/01 06:19:03.008, 81 %, 1350 MHz, 16.15 W, 80, 59 MiB
2026/10/01 06:19:04.015, 79 %, 1350 MHz, 17.10 W, 87, 55 MiB
2026/10/01 06:19:05.020, 0 %, 1350 MHz, 16.68 W, 84, 55 MiB
2026/10/01 06:19:06.025, 89 %, 300 MHz, 9.56 W, 86, 59 MiB
2026/10/01 06:19:07.094, 99 %, 300 MHz, 8.95 W, 82, 57 MiB
2026/10/01 06:19:08.176, 67 %, 300 MHz, 7.60 W, 81, 55 MiB
2026/10/01 06:19:09.180, 0 %, 360 MHz, 7.56 W, 80, 55 MiB
2026/10/01 06:19:10.185, 29 %, 1215 MHz, 13.60 W, 79, 59 MiB
2026/10/01 06:19:11.188, 81 %, 1350 MHz, 17.06 W, 87, 55 MiB
2026/10/01 06:19:12.192, 27 %, 1185 MHz, 27.93 W, 85, 59 MiB
2026/10/01 06:19:13.196, 80 %, 1065 MHz, 16.73 W, 86, 55 MiB
2026/10/01 06:19:14.199, 32 %, 1200 MHz, 25.48 W, 85, 59 MiB
2026/10/01 06:19:15.202, 96 %, 300 MHz, 9.30 W, 85, 57 MiB
2026/10/01 06:19:16.206, 72 %, 300 MHz, 7.71 W, 81, 55 MiB
2026/10/01 06:19:17.209, 0 %, 300 MHz, 7.59 W, 80, 55 MiB
2026/10/01 06:19:18.215, 72 %, 1200 MHz, 27.88 W, 84, 59 MiB
2026/10/01 06:19:19.218, 44 %, 1350 MHz, 16.82 W, 85, 55 MiB
2026/10/01 06:19:20.221, 61 %, 495 MHz, 23.04 W, 87, 59 MiB
2026/10/01 06:19:21.225, 62 %, 300 MHz, 7.95 W, 84, 55 MiB
2026/10/01 06:19:22.231, 37 %, 300 MHz, 8.87 W, 81, 59 MiB
2026/10/01 06:19:23.234, 99 %, 300 MHz, 8.82 W, 81, 59 MiB
2026/10/01 06:19:24.238, 95 %, 1215 MHz, 27.89 W, 85, 57 MiB
2026/10/01 06:19:25.258, 9 %, 1350 MHz, 16.69 W, 84, 55 MiB
2026/10/01 06:19:26.261, 4 %, 405 MHz, 13.43 W, 83, 59 MiB
2026/10/01 06:19:27.264, 98 %, 300 MHz, 8.93 W, 82, 59 MiB
2026/10/01 06:19:28.267, 99 %, 300 MHz, 8.81 W, 81, 59 MiB
2026/10/01 06:19:29.271, 99 %, 300 MHz, 8.73 W, 80, 59 MiB
2026/10/01 06:19:30.274, 54 %, 1350 MHz, 16.58 W, 84, 55 MiB
2026/10/01 06:19:31.280, 0 %, 1350 MHz, 16.51 W, 83, 55 MiB
2026/10/01 06:19:32.285, 0 %, 360 MHz, 7.60 W, 81, 55 MiB
2026/10/01 06:19:33.289, 70 %, 1200 MHz, 27.91 W, 83, 59 MiB
2026/10/01 06:19:34.292, 38 %, 1350 MHz, 16.73 W, 84, 55 MiB
2026/10/01 06:19:35.302, 0 %, 1350 MHz, 16.72 W, 83, 0 MiB
2026/10/01 06:19:36.307, 0 %, 1350 MHz, 8.68 W, 81, 59 MiB
2026/10/01 06:19:37.313, 83 %, 1350 MHz, 17.92 W, 86, 55 MiB
2026/10/01 06:19:38.321, 27 %, 1185 MHz, 27.67 W, 87, 59 MiB
2026/10/01 06:19:39.326, 84 %, 1350 MHz, 17.09 W, 85, 55 MiB
2026/10/01 06:19:40.332, 27 %, 1170 MHz, 27.75 W, 88, 59 MiB
2026/10/01 06:19:41.337, 96 %, 300 MHz, 9.49 W, 84, 57 MiB
2026/10/01 06:19:42.344, 20 %, 300 MHz, 7.72 W, 81, 55 MiB
2026/10/01 06:19:43.350, 69 %, 300 MHz, 8.83 W, 81, 59 MiB
2026/10/01 06:19:44.355, 98 %, 1215 MHz, 27.80 W, 86, 59 MiB
2026/10/01 06:19:45.359, 50 %, 1350 MHz, 16.77 W, 84, 55 MiB
2026/10/01 06:19:46.364, 0 %, 1350 MHz, 16.67 W, 83, 55 MiB
2026/10/01 06:19:47.369, 77 %, 300 MHz, 9.24 W, 83, 59 MiB
2026/10/01 06:19:48.374, 99 %, 300 MHz, 8.87 W, 81, 59 MiB
2026/10/01 06:19:49.379, 99 %, 300 MHz, 8.78 W, 80, 57 MiB
2026/10/01 06:19:50.387, 66 %, 1350 MHz, 16.36 W, 82, 55 MiB
2026/10/01 06:19:51.395, 0 %, 1350 MHz, 16.44 W, 83, 55 MiB
2026/10/01 06:19:52.403, 0 %, 360 MHz, 7.65 W, 80, 55 MiB
2026/10/01 06:19:53.410, 67 %, 1200 MHz, 28.10 W, 87, 59 MiB
2026/10/01 06:19:54.452, 40 %, 1350 MHz, 16.71 W, 84, 55 MiB
2026/10/01 06:19:55.460, 68 %, 975 MHz, 19.88 W, 86, 57 MiB
2026/10/01 06:19:56.468, 35 %, 300 MHz, 7.84 W, 82, 59 MiB
2026/10/01 06:19:57.490, 81 %, 300 MHz, 8.83 W, 81, 59 MiB
2026/10/01 06:19:58.500, 99 %, 300 MHz, 8.75 W, 80, 59 MiB
2026/10/01 06:19:59.505, 94 %, 1350 MHz, 16.98 W, 85, 55 MiB
2026/10/01 06:20:00.511, 2 %, 1350 MHz, 16.64 W, 83, 55 MiB
2026/10/01 06:20:01.515, 0 %, 360 MHz, 8.52 W, 81, 59 MiB
2026/10/01 06:20:02.519, 81 %, 1170 MHz, 27.88 W, 88, 57 MiB
2026/10/01 06:20:03.527, 22 %, 1200 MHz, 28.06 W, 87, 59 MiB
2026/10/01 06:20:04.531, 92 %, 300 MHz, 9.91 W, 85, 57 MiB
2026/10/01 06:20:05.536, 57 %, 300 MHz, 7.73 W, 81, 55 MiB
2026/10/01 06:20:06.542, 25 %, 300 MHz, 8.79 W, 81, 59 MiB
2026/10/01 06:20:07.549, 99 %, 1200 MHz, 29.52 W, 83, 59 MiB
2026/10/01 06:20:08.553, 81 %, 1350 MHz, 16.93 W, 84, 55 MiB
2026/10/01 06:20:09.559, 0 %, 1350 MHz, 16.67 W, 83, 55 MiB
2026/10/01 06:20:10.563, 53 %, 300 MHz, 9.54 W, 84, 59 MiB
2026/10/01 06:20:11.620, 99 %, 300 MHz, 8.95 W, 81, 59 MiB
2026/10/01 06:20:12.727, 99 %, 300 MHz, 8.80 W, 80, 57 MiB
2026/10/01 06:20:13.787, 91 %, 1350 MHz, 16.22 W, 82, 55 MiB
2026/10/01 06:20:14.793, 0 %, 1350 MHz, 16.42 W, 82, 55 MiB
2026/10/01 06:20:15.797, 0 %, 360 MHz, 7.68 W, 80, 55 MiB
2026/10/01 06:20:16.803, 29 %, 1200 MHz, 28.23 W, 85, 59 MiB
2026/10/01 06:20:17.811, 77 %, 1350 MHz, 16.87 W, 84, 55 MiB
2026/10/01 06:20:18.817, 35 %, 1185 MHz, 27.77 W, 88, 59 MiB
2026/10/01 06:20:19.829, 69 %, 300 MHz, 8.00 W, 82, 55 MiB
2026/10/01 06:20:20.837, 46 %, 300 MHz, 8.89 W, 81, 59 MiB
2026/10/01 06:20:21.843, 99 %, 300 MHz, 8.79 W, 80, 59 MiB
2026/10/01 06:20:22.848, 97 %, 1200 MHz, 28.07 W, 87, 57 MiB
2026/10/01 06:20:23.852, 31 %, 1350 MHz, 16.60 W, 83, 55 MiB
2026/10/01 06:20:24.855, 0 %, 360 MHz, 7.86 W, 82, 55 MiB
2026/10/01 06:20:25.858, 54 %, 1215 MHz, 25.25 W, 86, 57 MiB
2026/10/01 06:20:26.896, 54 %, 1350 MHz, 16.79 W, 84, 55 MiB
2026/10/01 06:20:27.903, 50 %, 1020 MHz, 20.07 W, 86, 57 MiB
2026/10/01 06:20:28.906, 97 %, 300 MHz, 7.84 W, 81, 55 MiB
2026/10/01 06:20:29.909, 18 %, 300 MHz, 7.59 W, 80, 55 MiB
2026/10/01 06:20:30.913, 54 %, 1350 MHz, 17.52 W, 80, 59 MiB
2026/10/01 06:20:31.916, 97 %, 1350 MHz, 17.07 W, 85, 55 MiB
2026/10/01 06:20:32.919, 20 %, 1350 MHz, 16.67 W, 84, 55 MiB
2026/10/01 06:20:33.922, 0 %, 360 MHz, 4.02 W, 80, 0 MiB
2026/10/01 06:20:34.926, 0 %, 1350 MHz, 5.18 W, 78, 27 MiB
2026/10/01 06:20:35.929, 52 %, 1350 MHz, 27.80 W, 87, 55 MiB
2026/10/01 06:20:36.936, 38 %, 300 MHz, 9.34 W, 84, 59 MiB
2026/10/01 06:20:37.941, 86 %, 300 MHz, 8.87 W, 81, 59 MiB
2026/10/01 06:20:38.945, 99 %, 300 MHz, 8.77 W, 80, 59 MiB
2026/10/01 06:20:39.949, 99 %, 1215 MHz, 28.10 W, 83, 57 MiB
2026/10/01 06:20:40.953, 56 %, 1350 MHz, 16.55 W, 83, 55 MiB
2026/10/01 06:20:41.956, 0 %, 405 MHz, 12.09 W, 83, 55 MiB
2026/10/01 06:20:42.960, 0 %, 1215 MHz, 18.76 W, 80, 59 MiB
2026/10/01 06:20:43.963, 77 %, 1305 MHz, 17.02 W, 86, 55 MiB
2026/10/01 06:20:44.966, 22 %, 1170 MHz, 27.89 W, 87, 59 MiB
2026/10/01 06:20:45.969, 96 %, 300 MHz, 9.16 W, 83, 57 MiB
2026/10/01 06:20:46.973, 82 %, 300 MHz, 7.68 W, 81, 55 MiB
2026/10/01 06:20:47.977, 0 %, 300 MHz, 8.75 W, 80, 59 MiB
2026/10/01 06:20:48.980, 77 %, 1200 MHz, 27.67 W, 85, 59 MiB
2026/10/01 06:20:49.983, 70 %, 1350 MHz, 16.69 W, 84, 55 MiB
2026/10/01 06:20:50.987, 11 %, 1200 MHz, 28.18 W, 87, 59 MiB
2026/10/01 06:20:51.990, 96 %, 300 MHz, 9.06 W, 83, 57 MiB
2026/10/01 06:20:52.995, 99 %, 300 MHz, 7.63 W, 81, 55 MiB
2026/10/01 06:20:54.001, 3 %, 300 MHz, 7.50 W, 80, 55 MiB
2026/10/01 06:20:55.006, 34 %, 1200 MHz, 28.24 W, 84, 59 MiB
2026/10/01 06:20:56.014, 80 %, 1350 MHz, 16.76 W, 84, 55 MiB
2026/10/01 06:20:57.020, 25 %, 1170 MHz, 27.75 W, 87, 59 MiB
2026/10/01 06:20:58.037, 96 %, 300 MHz, 8.94 W, 82, 57 MiB
2026/10/01 06:20:59.044, 75 %, 300 MHz, 7.60 W, 80, 55 MiB
2026/10/01 06:21:00.051, 0 %, 300 MHz, 8.72 W, 80, 59 MiB
2026/10/01 06:21:01.056, 70 %, 1350 MHz, 27.87 W, 86, 55 MiB
2026/10/01 06:21:02.088, 41 %, 1200 MHz, 28.44 W, 84, 59 MiB
2026/10/01 06:21:03.105, 68 %, 300 MHz, 16.54 W, 86, 55 MiB
2026/10/01 06:21:04.109, 36 %, 300 MHz, 8.88 W, 81, 59 MiB
2026/10/01 06:21:05.112, 79 %, 300 MHz, 8.80 W, 81, 59 MiB
2026/10/01 06:21:06.116, 99 %, 1215 MHz, 27.83 W, 80, 59 MiB
2026/10/01 06:21:07.119, 95 %, 1350 MHz, 16.75 W, 85, 55 MiB
2026/10/01 06:21:08.123, 2 %, 1350 MHz, 16.56 W, 83, 55 MiB
2026/10/01 06:21:09.128, 0 %, 1215 MHz, 19.43 W, 81, 59 MiB
2026/10/01 06:21:10.130, 84 %, 1350 MHz, 17.12 W, 87, 55 MiB
2026/10/01 06:21:11.133, 20 %, 1185 MHz, 28.09 W, 85, 59 MiB
2026/10/01 06:21:12.137, 91 %, 300 MHz, 8.27 W, 87, 55 MiB
2026/10/01 06:21:13.142, 15 %, 300 MHz, 8.90 W, 81, 59 MiB
2026/10/01 06:21:14.146, 99 %, 300 MHz, 8.79 W, 81, 59 MiB
2026/10/01 06:21:15.150, 99 %, 1215 MHz, 27.50 W, 80, 59 MiB
2026/10/01 06:21:16.204, 72 %, 1350 MHz, 16.73 W, 84, 55 MiB
2026/10/01 06:21:17.311, 0 %, 1350 MHz, 16.60 W, 83, 55 MiB
2026/10/01 06:21:18.328, 27 %, 1215 MHz, 23.11 W, 82, 59 MiB
2026/10/01 06:21:19.333, 85 %, 1350 MHz, 16.94 W, 86, 55 MiB
2026/10/01 06:21:20.338, 6 %, 1185 MHz, 27.91 W, 86, 59 MiB
2026/10/01 06:21:21.345, 93 %, 300 MHz, 9.18 W, 85, 57 MiB
2026/10/01 06:21:22.350, 99 %, 300 MHz, 7.64 W, 81, 55 MiB
2026/10/01 06:21:23.354, 1 %, 300 MHz, 7.55 W, 80, 55 MiB
2026/10/01 06:21:24.358, 42 %, 1200 MHz, 27.93 W, 84, 59 MiB
2026/10/01 06:21:25.362, 69 %, 1350 MHz, 16.75 W, 85, 55 MiB
2026/10/01 06:21:26.366, 37 %, 1035 MHz, 20.77 W, 87, 59 MiB
2026/10/01 06:21:27.373, 67 %, 300 MHz, 7.87 W, 83, 55 MiB
2026/10/01 06:21:28.378, 0 %, 300 MHz, 4.92 W, 79, 0 MiB
2026/10/01 06:21:29.385, 0 %, 300 MHz, 3.52 W, 78, 0 MiB
2026/10/01 06:21:30.391, 2 %, 1200 MHz, 28.31 W, 85, 59 MiB
2026/10/01 06:21:31.396, 88 %, 1350 MHz, 16.70 W, 84, 55 MiB
2026/10/01 06:21:32.402, 34 %, 630 MHz, 26.08 W, 87, 57 MiB
2026/10/01 06:21:33.408, 94 %, 300 MHz, 7.74 W, 81, 55 MiB
2026/10/01 06:21:34.413, 22 %, 300 MHz, 8.63 W, 80, 59 MiB
2026/10/01 06:21:35.418, 59 %, 1350 MHz, 26.08 W, 82, 59 MiB
2026/10/01 06:21:36.425, 97 %, 1350 MHz, 16.95 W, 85, 55 MiB
2026/10/01 06:21:37.431, 26 %, 1350 MHz, 16.59 W, 83, 55 MiB
2026/10/01 06:21:38.436, 30 %, 300 MHz, 9.68 W, 85, 59 MiB
2026/10/01 06:21:39.441, 95 %, 300 MHz, 8.90 W, 81, 57 MiB
2026/10/01 06:21:40.446, 99 %, 300 MHz, 7.57 W, 80, 55 MiB
2026/10/01 06:21:41.454, 28 %, 360 MHz, 7.51 W, 79, 55 MiB
2026/10/01 06:21:42.459, 0 %, 1350 MHz, 10.25 W, 80, 59 MiB
2026/10/01 06:21:43.467, 75 %, 1350 MHz, 17.53 W, 84, 55 MiB
2026/10/01 06:21:44.472, 38 %, 1200 MHz, 28.09 W, 86, 59 MiB
2026/10/01 06:21:45.477, 70 %, 1350 MHz, 16.99 W, 85, 55 MiB
2026/10/01 06:21:46.482, 29 %, 975 MHz, 21.07 W, 86, 59 MiB
2026/10/01 06:21:47.486, 96 %, 300 MHz, 8.00 W, 82, 55 MiB
2026/10/01 06:21:48.491, 12 %, 300 MHz, 8.88 W, 81, 59 MiB
2026/10/01 06:21:49.512, 95 %, 300 MHz, 8.79 W, 80, 59 MiB
2026/10/01 06:21:50.519, 99 %, 1200 MHz, 27.62 W, 86, 57 MiB
2026/10/01 06:21:51.527, 68 %, 1350 MHz, 16.64 W, 83, 55 MiB
2026/10/01 06:21:52.531, 0 %, 405 MHz, 11.56 W, 82, 55 MiB
2026/10/01 06:21:53.538, 26 %, 1170 MHz, 27.68 W, 87, 57 MiB
2026/10/01 06:21:54.542, 79 %, 1350 MHz, 16.82 W, 84, 55 MiB
2026/10/01 06:21:55.547, 34 %, 1035 MHz, 23.33 W, 87, 57 MiB
2026/10/01 06:21:56.551, 71 %, 300 MHz, 8.25 W, 82, 59 MiB
2026/10/01 06:21:57.567, 43 %, 300 MHz, 8.89 W, 81, 59 MiB
2026/10/01 06:21:58.578, 99 %, 300 MHz, 8.82 W, 80, 59 MiB
2026/10/01 06:21:59.588, 97 %, 1305 MHz, 16.94 W, 85, 55 MiB
2026/10/01 06:22:00.598, 41 %, 1305 MHz, 16.48 W, 83, 55 MiB
2026/10/01 06:22:01.609, 0 %, 360 MHz, 8.19 W, 82, 59 MiB
2026/10/01 06:22:02.619, 39 %, 510 MHz, 27.74 W, 87, 57 MiB
2026/10/01 06:22:03.638, 65 %, 1185 MHz, 26.89 W, 86, 59 MiB
2026/10/01 06:22:04.643, 47 %, 300 MHz, 12.43 W, 86, 57 MiB
2026/10/01 06:22:05.649, 82 %, 300 MHz, 7.81 W, 81, 55 MiB
2026/10/01 06:22:06.662, 14 %, 300 MHz, 8.85 W, 81, 59 MiB
2026/10/01 06:22:07.667, 99 %, 1215 MHz, 29.58 W, 84, 59 MiB
2026/10/01 06:22:08.674, 97 %, 1350 MHz, 16.89 W, 84, 55 MiB
2026/10/01 06:22:09.681, 23 %, 1350 MHz, 16.67 W, 84, 55 MiB
2026/10/01 06:22:10.687, 0 %, 300 MHz, 9.50 W, 84, 59 MiB
2026/10/01 06:22:11.691, 93 %, 300 MHz, 8.90 W, 81, 59 MiB
2026/10/01 06:22:12.695, 99 %, 300 MHz, 8.82 W, 81, 59 MiB
2026/10/01 06:22:13.700, 99 %, 1350 MHz, 19.88 W, 83, 55 MiB
2026/10/01 06:22:14.705, 50 %, 1350 MHz, 16.46 W, 83, 55 MiB
2026/10/01 06:22:15.711, 0 %, 360 MHz, 7.77 W, 81, 55 MiB
2026/10/01 06:22:16.715, 0 %, 1200 MHz, 28.31 W, 85, 59 MiB
2026/10/01 06:22:17.722, 83 %, 1350 MHz, 16.90 W, 84, 55 MiB
2026/10/01 06:22:18.730, 21 %, 1170 MHz, 27.49 W, 88, 59 MiB
2026/10/01 06:22:19.735, 93 %, 300 MHz, 7.99 W, 82, 55 MiB
2026/10/01 06:22:20.806, 18 %, 300 MHz, 8.88 W, 81, 59 MiB
2026/10/01 06:22:21.880, 99 %, 300 MHz, 8.80 W, 80, 59 MiB
2026/10/01 06:22:22.885, 99 %, 1200 MHz, 27.81 W, 86, 57 MiB
2026/10/01 06:22:23.890, 71 %, 1350 MHz, 16.65 W, 83, 55 MiB
2026/10/01 06:22:24.894, 0 %, 405 MHz, 11.27 W, 82, 55 MiB
