timestamp, utilization.gpu [%], clocks.current.sm [MHz], power.draw [W], temperature.gpu, memory.used [MiB]
2026/09/30 22:30:30.017, 0 %, 300 MHz, 5.13 W, 67, 0 MiB
2026/09/30 22:30:31.046, 17 %, 1410 MHz, 50.38 W, 78, 59 MiB
2026/09/30 22:30:32.050, 58 %, 1350 MHz, 31.99 W, 76, 59 MiB
2026/09/30 22:30:33.054, 74 %, 1350 MHz, 16.49 W, 75, 55 MiB
2026/09/30 22:30:34.057, 34 %, 1350 MHz, 31.94 W, 79, 57 MiB
2026/09/30 22:30:35.062, 52 %, 1350 MHz, 30.57 W, 78, 59 MiB
2026/09/30 22:30:36.068, 72 %, 1350 MHz, 16.81 W, 77, 55 MiB
2026/09/30 22:30:37.072, 32 %, 1350 MHz, 31.48 W, 79, 57 MiB
2026/09/30 22:30:38.154, 55 %, 1350 MHz, 31.42 W, 79, 59 MiB
2026/09/30 22:30:39.158, 66 %, 1350 MHz, 16.99 W, 78, 55 MiB
2026/09/30 22:30:40.165, 34 %, 1350 MHz, 32.38 W, 82, 57 MiB
2026/09/30 22:30:41.168, 60 %, 1350 MHz, 31.70 W, 80, 59 MiB
2026/09/30 22:30:42.172, 70 %, 1350 MHz, 17.11 W, 78, 55 MiB
2026/09/30 22:30:43.177, 32 %, 1350 MHz, 32.12 W, 82, 57 MiB
2026/09/30 22:30:44.188, 58 %, 1350 MHz, 28.59 W, 81, 59 MiB
2026/09/30 22:30:45.192, 63 %, 1350 MHz, 17.28 W, 79, 55 MiB
2026/09/30 22:30:46.202, 28 %, 1350 MHz, 31.99 W, 83, 59 MiB
2026/09/30 22:30:47.209, 70 %, 1350 MHz, 17.03 W, 79, 59 MiB
2026/09/30 22:30:48.215, 46 %, 1350 MHz, 29.33 W, 81, 55 MiB
2026/09/30 22:30:49.219, 34 %, 1350 MHz, 32.27 W, 83, 59 MiB
2026/09/30 22:30:50.223, 80 %, 1350 MHz, 17.15 W, 79, 55 MiB
2026/09/30 22:30:51.227, 44 %, 1350 MHz, 31.03 W, 82, 55 MiB
2026/09/30 22:30:52.232, 36 %, 1350 MHz, 32.41 W, 84, 59 MiB
2026/09/30 22:30:53.236, 80 %, 1350 MHz, 17.24 W, 80, 55 MiB
2026/09/30 22:30:54.241, 45 %, 1350 MHz, 17.79 W, 82, 55 MiB
2026/09/30 22:30:55.246, 35 %, 1350 MHz, 32.69 W, 84, 59 MiB
2026/09/30 22:30:56.251, 80 %, 1350 MHz, 17.26 W, 80, 55 MiB
2026/09/30 22:30:57.255, 44 %, 1350 MHz, 17.93 W, 83, 55 MiB
2026/09/30 22:30:58.260, 36 %, 1350 MHz, 17.16 W, 79, 0 MiB
2026/09/30 22:30:59.265, 0 %, 1350 MHz, 31.64 W, 81, 59 MiB
2026/09/30 22:31:00.270, 58 %, 1350 MHz, 17.52 W, 81, 55 MiB
2026/09/30 22:31:01.274, 33 %, 1350 MHz, 32.70 W, 85, 59 MiB
2026/09/30 22:31:02.281, 71 %, 1350 MHz, 31.58 W, 83, 59 MiB
2026/09/30 22:31:03.287, 56 %, 1350 MHz, 17.71 W, 82, 55 MiB
2026/09/30 22:31:04.294, 33 %, 1350 MHz, 32.77 W, 85, 59 MiB
2026/09/30 22:31:05.300, 71 %, 1350 MHz, 30.90 W, 83, 59 MiB
2026/09/30 22:31:06.305, 55 %, 1350 MHz, 17.81 W, 83, 55 MiB
2026/09/30 22:31:07.314, 29 %, 1350 MHz, 32.77 W, 86, 59 MiB
2026/09/30 22:31:08.319, 81 %, 1350 MHz, 17.38 W, 81, 55 MiB
2026/09/30 22:31:09.326, 42 %, 1350 MHz, 18.36 W, 84, 55 MiB
2026/09/30 22:31:10.334, 38 %, 1350 MHz, 32.47 W, 86, 59 MiB
2026/09/30 22:31:11.342, 80 %, 1350 MHz, 17.47 W, 81, 55 MiB
2026/09/30 22:31:12.348, 38 %, 1170 MHz, 25.47 W, 85, 57 MiB
2026/09/30 22:31:13.359, 48 %, 1230 MHz, 27.97 W, 83, 59 MiB
2026/09/30 22:31:14.365, 70 %, 1350 MHz, 16.26 W, 81, 55 MiB
2026/09/30 22:31:15.370, 28 %, 1215 MHz, 27.92 W, 84, 59 MiB
2026/09/30 22:31:16.375, 76 %, 1350 MHz, 16.03 W, 80, 55 MiB
2026/09/30 22:31:17.383, 45 %, 1350 MHz, 23.34 W, 83, 55 MiB
2026/09/30 22:31:18.389, 43 %, 1230 MHz, 28.08 W, 83, 59 MiB
2026/09/30 22:31:19.397, 76 %, 1350 MHz, 16.20 W, 81, 55 MiB
2026/09/30 22:31:20.402, 26 %, 1215 MHz, 28.17 W, 84, 59 MiB
2026/09/30 22:31:21.416, 72 %, 1350 MHz, 19.30 W, 81, 59 MiB
2026/09/30 22:31:22.424, 47 %, 1350 MHz, 17.98 W, 83, 55 MiB
2026/09/30 22:31:23.428, 33 %, 1350 MHz, 31.71 W, 86, 59 MiB
2026/09/30 22:31:24.437, 83 %, 1350 MHz, 17.38 W, 81, 55 MiB
2026/09/30 22:31:25.445, 31 %, 1275 MHz, 26.69 W, 85, 57 MiB
2026/09/30 22:31:26.449, 55 %, 1350 MHz, 30.90 W, 84, 59 MiB
2026/09/30 22:31:27.454, 65 %, 1350 MHz, 17.67 W, 82, 55 MiB
2026/09/30 22:31:28.458, 21 %, 1350 MHz, 17.29 W, 80, 0 MiB
2026/09/30 22:31:29.465, 0 %, 360 MHz, 6.68 W, 76, 9 MiB
2026/09/30 22:31:30.473, 24 %, 1350 MHz, 31.15 W, 84, 57 MiB
2026/09/30 22:31:31.478, 58 %, 1350 MHz, 31.82 W, 83, 59 MiB
2026/09/30 22:31:32.482, 63 %, 1350 MHz, 17.59 W, 82, 55 MiB
2026/09/30 22:31:33.485, 32 %, 1350 MHz, 33.02 W, 86, 57 MiB
2026/09/30 22:31:34.491, 69 %, 1350 MHz, 28.69 W, 82, 59 MiB
2026/09/30 22:31:35.496, 53 %, 1350 MHz, 17.82 W, 83, 55 MiB
2026/09/30 22:31:36.501, 30 %, 1350 MHz, 32.65 W, 85, 59 MiB
2026/09/30 22:31:37.505, 82 %, 1350 MHz, 17.43 W, 81, 55 MiB
2026/09/30 22:31:38.509, 38 %, 1350 MHz, 24.74 W, 85, 55 MiB
2026/09/30 22:31:39.516, 47 %, 1350 MHz, 32.56 W, 84, 59 MiB
2026/09/30 22:31:40.521, 74 %, 1335 MHz, 17.55 W, 82, 55 MiB
2026/09/30 22:31:41.525, 29 %, 1350 MHz, 30.98 W, 86, 57 MiB
2026/09/30 22:31:42.531, 66 %, 1245 MHz, 26.85 W, 81, 59 MiB
2026/09/30 22:31:43.536, 53 %, 1350 MHz, 16.57 W, 84, 55 MiB
2026/09/30 22:31:44.540, 34 %, 1275 MHz, 16.11 W, 84, 59 MiB
2026/09/30 22:31:45.548, 81 %, 1350 MHz, 16.18 W, 81, 55 MiB
2026/09/30 22:31:46.552, 25 %, 1230 MHz, 28.18 W, 84, 57 MiB
2026/09/30 22:31:47.559, 67 %, 1350 MHz, 31.43 W, 80, 59 MiB
2026/09/30 22:31:48.563, 53 %, 1350 MHz, 17.82 W, 84, 55 MiB
2026/09/30 22:31:49.569, 32 %, 1350 MHz, 32.34 W, 85, 59 MiB
2026/09/30 22:31:50.574, 93 %, 1305 MHz, 17.30 W, 81, 55 MiB
2026/09/30 22:31:51.578, 15 %, 1350 MHz, 32.76 W, 85, 59 MiB
2026/09/30 22:31:52.582, 78 %, 1350 MHz, 19.22 W, 81, 59 MiB
2026/09/30 22:31:53.585, 47 %, 1350 MHz, 26.49 W, 84, 55 MiB
2026/09/30 22:31:54.592, 39 %, 1260 MHz, 28.37 W, 83, 59 MiB
2026/09/30 22:31:55.599, 82 %, 1350 MHz, 16.18 W, 82, 55 MiB
2026/09/30 22:31:56.605, 28 %, 1350 MHz, 28.42 W, 84, 57 MiB
2026/09/30 22:31:57.613, 64 %, 1245 MHz, 28.47 W, 80, 59 MiB
2026/09/30 22:31:58.618, 58 %, 1350 MHz, 16.50 W, 85, 55 MiB
2026/09/30 22:31:59.621, 29 %, 1350 MHz, 15.90 W, 80, 0 MiB
2026/09/30 22:32:00.624, 0 %, 360 MHz, 4.01 W, 77, 9 MiB
2026/09/30 22:32:01.634, 33 %, 1260 MHz, 27.93 W, 83, 57 MiB
2026/09/30 22:32:02.639, 55 %, 1350 MHz, 32.06 W, 80, 59 MiB
2026/09/30 22:32:03.643, 68 %, 1350 MHz, 17.59 W, 83, 55 MiB
2026/09/30 22:32:04.647, 33 %, 1350 MHz, 33.00 W, 85, 57 MiB
2026/09/30 22:32:05.651, 62 %, 1350 MHz, 29.24 W, 81, 59 MiB
2026/09/30 22:32:06.656, 63 %, 1350 MHz, 17.74 W, 84, 55 MiB
2026/09/30 22:32:07.661, 30 %, 1350 MHz, 33.00 W, 85, 59 MiB
2026/09/30 22:32:08.664, 77 %, 1350 MHz, 17.40 W, 81, 59 MiB
2026/09/30 22:32:09.668, 47 %, 1350 MHz, 23.66 W, 85, 55 MiB
2026/09/30 22:32:10.675, 37 %, 1350 MHz, 32.59 W, 84, 59 MiB
2026/09/30 22:32:11.678, 86 %, 1350 MHz, 16.26 W, 82, 55 MiB
2026/09/30 22:32:12.681, 30 %, 1215 MHz, 27.50 W, 84, 57 MiB
2026/09/30 22:32:13.685, 58 %, 1215 MHz, 28.04 W, 80, 59 MiB
2026/09/30 22:32:14.694, 63 %, 1350 MHz, 16.56 W, 84, 55 MiB
2026/09/30 22:32:15.698, 27 %, 1215 MHz, 27.93 W, 83, 59 MiB
2026/09/30 22:32:16.701, 85 %, 1350 MHz, 16.11 W, 81, 55 MiB
2026/09/30 22:32:17.706, 37 %, 990 MHz, 29.93 W, 86, 55 MiB
2026/09/30 22:32:18.713, 46 %, 1350 MHz, 28.73 W, 81, 59 MiB
2026/09/30 22:32:19.718, 77 %, 1350 MHz, 17.57 W, 83, 55 MiB
2026/09/30 22:32:20.724, 28 %, 1020 MHz, 33.17 W, 85, 57 MiB
2026/09/30 22:32:21.734, 65 %, 1350 MHz, 20.21 W, 81, 59 MiB
2026/09/30 22:32:22.740, 55 %, 1350 MHz, 19.50 W, 84, 55 MiB
2026/09/30 22:32:23.745, 30 %, 1350 MHz, 32.92 W, 84, 59 MiB
2026/09/30 22:32:24.750, 85 %, 1350 MHz, 17.48 W, 82, 55 MiB
2026/09/30 22:32:25.755, 30 %, 1215 MHz, 27.51 W, 85, 57 MiB
2026/09/30 22:32:26.763, 54 %, 1230 MHz, 25.68 W, 81, 59 MiB
2026/09/30 22:32:27.770, 60 %, 1305 MHz, 16.63 W, 85, 55 MiB
2026/09/30 22:32:28.778, 26 %, 1230 MHz, 27.81 W, 83, 59 MiB
2026/09/30 22:32:29.782, 87 %, 1350 MHz, 16.13 W, 82, 55 MiB
2026/09/30 22:32:30.786, 0 %, 1350 MHz, 15.82 W, 79, 0 MiB
2026/09/30 22:32:31.790, 0 %, 360 MHz, 3.34 W, 76, 0 MiB
2026/09/30 22:32:32.795, 12 %, 1350 MHz, 31.66 W, 80, 59 MiB
2026/09/30 22:32:33.801, 70 %, 1350 MHz, 17.20 W, 80, 59 MiB
2026/09/30 22:32:34.805, 49 %, 1350 MHz, 25.53 W, 84, 55 MiB
2026/09/30 22:32:35.810, 31 %, 1350 MHz, 32.33 W, 82, 59 MiB
2026/09/30 22:32:36.817, 80 %, 1350 MHz, 17.44 W, 82, 55 MiB
2026/09/30 22:32:37.822, 39 %, 1215 MHz, 27.30 W, 85, 55 MiB
2026/09/30 22:32:38.830, 44 %, 1350 MHz, 33.02 W, 81, 59 MiB
2026/09/30 22:32:39.834, 80 %, 1350 MHz, 17.54 W, 83, 55 MiB
2026/09/30 22:32:40.837, 36 %, 1245 MHz, 25.74 W, 86, 57 MiB
2026/09/30 22:32:41.844, 50 %, 1350 MHz, 32.71 W, 81, 59 MiB
2026/09/30 22:32:42.849, 75 %, 1335 MHz, 17.55 W, 85, 55 MiB
2026/09/30 22:32:43.853, 32 %, 930 MHz, 32.82 W, 85, 57 MiB
2026/09/30 22:32:44.856, 63 %, 1350 MHz, 30.06 W, 81, 59 MiB
2026/09/30 22:32:45.860, 64 %, 1350 MHz, 17.78 W, 84, 55 MiB
2026/09/30 22:32:46.863, 31 %, 1350 MHz, 33.11 W, 84, 59 MiB
2026/09/30 22:32:47.865, 77 %, 1350 MHz, 17.41 W, 82, 59 MiB
2026/09/30 22:32:48.870, 50 %, 1350 MHz, 23.37 W, 83, 55 MiB
2026/09/30 22:32:49.875, 35 %, 1350 MHz, 32.78 W, 85, 59 MiB
2026/09/30 22:32:50.880, 84 %, 1350 MHz, 17.49 W, 81, 55 MiB
2026/09/30 22:32:51.887, 37 %, 1275 MHz, 25.52 W, 85, 57 MiB
2026/09/30 22:32:52.891, 50 %, 1215 MHz, 28.09 W, 83, 59 MiB
2026/09/30 22:32:53.897, 72 %, 1350 MHz, 16.38 W, 81, 55 MiB
2026/09/30 22:32:54.903, 25 %, 1215 MHz, 28.17 W, 84, 59 MiB
2026/09/30 22:32:55.914, 76 %, 1350 MHz, 16.05 W, 80, 55 MiB
2026/09/30 22:32:56.920, 42 %, 1350 MHz, 28.25 W, 83, 55 MiB
2026/09/30 22:32:57.929, 45 %, 1230 MHz, 27.46 W, 83, 59 MiB
2026/09/30 22:32:58.934, 73 %, 1350 MHz, 16.29 W, 81, 55 MiB
2026/09/30 22:32:59.943, 24 %, 1215 MHz, 28.36 W, 84, 59 MiB
2026/09/30 22:33:00.951, 76 %, 1350 MHz, 17.33 W, 80, 55 MiB
2026/09/30 22:33:01.962, 0 %, 1350 MHz, 17.17 W, 79, 0 MiB
2026/09/30 22:33:02.973, 0 %, 360 MHz, 3.31 W, 74, 0 MiB
2026/09/30 22:33:03.980, 4 %, 1350 MHz, 32.41 W, 82, 59 MiB
2026/09/30 22:33:04.986, 78 %, 1350 MHz, 17.16 W, 81, 59 MiB
2026/09/30 22:33:05.991, 49 %, 1350 MHz, 19.30 W, 82, 55 MiB
2026/09/30 22:33:06.995, 34 %, 1350 MHz, 33.12 W, 85, 59 MiB
2026/09/30 22:33:07.999, 77 %, 1350 MHz, 17.37 W, 83, 59 MiB
2026/09/30 22:33:09.003, 52 %, 1350 MHz, 17.81 W, 82, 55 MiB
2026/09/30 22:33:10.008, 31 %, 1350 MHz, 33.05 W, 86, 59 MiB
2026/09/30 22:33:11.012, 79 %, 1350 MHz, 17.42 W, 82, 59 MiB
2026/09/30 22:33:12.016, 49 %, 1350 MHz, 21.74 W, 83, 55 MiB
2026/09/30 22:33:13.020, 36 %, 1350 MHz, 32.91 W, 85, 59 MiB
2026/09/30 22:33:14.025, 84 %, 1350 MHz, 17.43 W, 81, 55 MiB
2026/09/30 22:33:15.029, 39 %, 1170 MHz, 24.13 W, 84, 55 MiB
2026/09/30 22:33:16.041, 45 %, 1350 MHz, 32.97 W, 85, 59 MiB
2026/09/30 22:33:17.045, 82 %, 1350 MHz, 17.53 W, 81, 55 MiB
2026/09/30 22:33:18.049, 28 %, 780 MHz, 33.40 W, 85, 57 MiB
2026/09/30 22:33:19.058, 67 %, 1245 MHz, 22.90 W, 83, 59 MiB
2026/09/30 22:33:20.063, 60 %, 1350 MHz, 22.45 W, 82, 55 MiB
2026/09/30 22:33:21.068, 39 %, 1350 MHz, 32.77 W, 84, 59 MiB
2026/09/30 22:33:22.072, 77 %, 1350 MHz, 16.23 W, 81, 55 MiB
2026/09/30 22:33:23.076, 31 %, 1230 MHz, 28.00 W, 84, 57 MiB
2026/09/30 22:33:24.080, 64 %, 1230 MHz, 24.10 W, 82, 59 MiB
2026/09/30 22:33:25.084, 59 %, 1350 MHz, 16.53 W, 82, 55 MiB
2026/09/30 22:33:26.088, 30 %, 1215 MHz, 28.20 W, 84, 59 MiB
2026/09/30 22:33:27.092, 88 %, 1350 MHz, 16.03 W, 80, 55 MiB
2026/09/30 22:33:28.098, 37 %, 1350 MHz, 33.17 W, 84, 55 MiB
2026/09/30 22:33:29.105, 43 %, 1350 MHz, 32.90 W, 85, 59 MiB
2026/09/30 22:33:30.111, 82 %, 1350 MHz, 17.50 W, 81, 55 MiB
2026/09/30 22:33:31.116, 35 %, 1050 MHz, 25.14 W, 85, 57 MiB
2026/09/30 22:33:32.127, 50 %, 1350 MHz, 17.31 W, 80, 0 MiB
2026/09/30 22:33:33.132, 0 %, 405 MHz, 13.27 W, 78, 0 MiB
2026/09/30 22:33:34.140, 2 %, 1350 MHz, 31.73 W, 83, 59 MiB
2026/09/30 22:33:35.145, 80 %, 1350 MHz, 17.31 W, 80, 55 MiB
2026/09/30 22:33:36.150, 41 %, 1350 MHz, 27.85 W, 83, 55 MiB
2026/09/30 22:33:37.154, 41 %, 1215 MHz, 28.41 W, 83, 59 MiB
2026/09/30 22:33:38.160, 86 %, 1350 MHz, 16.13 W, 80, 55 MiB
2026/09/30 22:33:39.164, 30 %, 1245 MHz, 28.02 W, 84, 57 MiB
2026/09/30 22:33:40.169, 60 %, 1230 MHz, 26.79 W, 82, 59 MiB
2026/09/30 22:33:41.174, 63 %, 1350 MHz, 16.41 W, 81, 55 MiB
2026/09/30 22:33:42.179, 30 %, 1350 MHz, 33.10 W, 85, 59 MiB
2026/09/30 22:33:43.183, 76 %, 1350 MHz, 17.36 W, 82, 59 MiB
2026/09/30 22:33:44.189, 50 %, 1350 MHz, 22.58 W, 83, 55 MiB
2026/09/30 22:33:45.193, 35 %, 1350 MHz, 32.68 W, 85, 59 MiB
2026/09/30 22:33:46.198, 88 %, 1350 MHz, 17.44 W, 81, 55 MiB
2026/09/30 22:33:47.202, 26 %, 1350 MHz, 33.28 W, 86, 57 MiB
2026/09/30 22:33:48.207, 60 %, 1350 MHz, 32.75 W, 85, 59 MiB
2026/09/30 22:33:49.246, 69 %, 1350 MHz, 17.58 W, 82, 55 MiB
2026/09/30 22:33:50.250, 27 %, 1350 MHz, 32.29 W, 86, 59 MiB
2026/09/30 22:33:51.256, 74 %, 1350 MHz, 17.41 W, 81, 55 MiB
2026/09/30 22:33:52.262, 41 %, 1080 MHz, 23.98 W, 84, 55 MiB
2026/09/30 22:33:53.278, 43 %, 1350 MHz, 32.07 W, 85, 59 MiB
2026/09/30 22:33:54.285, 74 %, 1350 MHz, 16.36 W, 81, 55 MiB
2026/09/30 22:33:55.290, 29 %, 1215 MHz, 28.24 W, 84, 57 MiB
2026/09/30 22:33:56.305, 67 %, 1230 MHz, 18.41 W, 82, 59 MiB
2026/09/30 22:33:57.309, 55 %, 1350 MHz, 20.60 W, 82, 55 MiB
2026/09/30 22:33:58.315, 33 %, 1245 MHz, 28.10 W, 84, 59 MiB
2026/09/30 22:33:59.321, 84 %, 1350 MHz, 16.07 W, 81, 55 MiB
2026/09/30 22:34:00.337, 28 %, 1350 MHz, 32.90 W, 86, 57 MiB
2026/09/30 22:34:01.344, 54 %, 1350 MHz, 32.65 W, 85, 59 MiB
2026/09/30 22:34:02.348, 73 %, 1350 MHz, 17.58 W, 82, 55 MiB
2026/09/30 22:34:03.352, 11 %, 1350 MHz, 17.25 W, 80, 0 MiB
2026/09/30 22:34:04.359, 0 %, 1350 MHz, 15.58 W, 80, 59 MiB
2026/09/30 22:34:05.365, 52 %, 1350 MHz, 17.95 W, 82, 55 MiB
2026/09/30 22:34:06.370, 30 %, 1350 MHz, 33.09 W, 85, 59 MiB
2026/09/30 22:34:07.375, 82 %, 1350 MHz, 17.41 W, 81, 59 MiB
2026/09/30 22:34:08.379, 46 %, 1350 MHz, 24.47 W, 82, 55 MiB
2026/09/30 22:34:09.383, 39 %, 1215 MHz, 28.21 W, 84, 59 MiB
2026/09/30 22:34:10.388, 86 %, 1350 MHz, 16.18 W, 80, 55 MiB
2026/09/30 22:34:11.392, 30 %, 1215 MHz, 27.74 W, 84, 57 MiB
2026/09/30 22:34:12.396, 59 %, 1230 MHz, 28.56 W, 83, 59 MiB
2026/09/30 22:34:13.401, 67 %, 1350 MHz, 16.37 W, 81, 55 MiB
2026/09/30 22:34:14.405, 29 %, 1215 MHz, 28.17 W, 84, 59 MiB
2026/09/30 22:34:15.410, 81 %, 1350 MHz, 16.02 W, 80, 55 MiB
2026/09/30 22:34:16.419, 43 %, 1350 MHz, 27.97 W, 83, 55 MiB
2026/09/30 22:34:17.447, 45 %, 1350 MHz, 32.31 W, 84, 59 MiB
2026/09/30 22:34:18.452, 78 %, 1350 MHz, 17.40 W, 81, 55 MiB
2026/09/30 22:34:19.457, 29 %, 1350 MHz, 32.08 W, 86, 57 MiB
2026/09/30 22:34:20.466, 59 %, 1350 MHz, 32.18 W, 84, 59 MiB
2026/09/30 22:34:21.475, 61 %, 1350 MHz, 17.62 W, 82, 55 MiB
2026/09/30 22:34:22.479, 30 %, 1020 MHz, 24.44 W, 85, 59 MiB
2026/09/30 22:34:23.482, 81 %, 1350 MHz, 16.06 W, 80, 55 MiB
2026/09/30 22:34:24.486, 41 %, 1350 MHz, 23.29 W, 84, 55 MiB
2026/09/30 22:34:25.490, 47 %, 1215 MHz, 28.27 W, 83, 59 MiB
2026/09/30 22:34:26.493, 78 %, 1350 MHz, 16.17 W, 81, 55 MiB
2026/09/30 22:34:27.495, 30 %, 1245 MHz, 27.25 W, 84, 57 MiB
2026/09/30 22:34:28.501, 68 %, 1245 MHz, 28.33 W, 82, 59 MiB
2026/09/30 22:34:29.506, 56 %, 1350 MHz, 16.42 W, 82, 55 MiB
2026/09/30 22:34:30.509, 32 %, 1230 MHz, 28.09 W, 83, 59 MiB
2026/09/30 22:34:31.517, 87 %, 1350 MHz, 15.98 W, 80, 55 MiB
2026/09/30 22:34:32.523, 32 %, 1350 MHz, 29.02 W, 86, 55 MiB
2026/09/30 22:34:33.533, 48 %, 1350 MHz, 17.30 W, 80, 0 MiB
2026/09/30 22:34:34.542, 0 %, 405 MHz, 5.53 W, 78, 0 MiB
2026/09/30 22:34:35.554, 0 %, 1350 MHz, 4.88 W, 74, 11 MiB
2026/09/30 22:34:36.576, 32 %, 1350 MHz, 32.26 W, 84, 55 MiB
2026/09/30 22:34:37.580, 51 %, 1350 MHz, 32.46 W, 83, 59 MiB
2026/09/30 22:34:38.584, 76 %, 1350 MHz, 17.36 W, 81, 55 MiB
2026/09/30 22:34:39.587, 35 %, 1350 MHz, 30.18 W, 86, 55 MiB
2026/09/30 22:34:40.592, 49 %, 1350 MHz, 32.63 W, 84, 59 MiB
2026/09/30 22:34:41.595, 80 %, 1350 MHz, 17.41 W, 81, 55 MiB
2026/09/30 22:34:42.599, 31 %, 1140 MHz, 25.71 W, 85, 55 MiB
2026/09/30 22:34:43.609, 58 %, 1350 MHz, 33.06 W, 84, 59 MiB
2026/09/30 22:34:44.613, 70 %, 1350 MHz, 17.52 W, 82, 55 MiB
2026/09/30 22:34:45.618, 31 %, 1020 MHz, 26.39 W, 86, 57 MiB
2026/09/30 22:34:46.624, 70 %, 1350 MHz, 32.48 W, 82, 59 MiB
2026/09/30 22:34:47.630, 56 %, 1320 MHz, 17.52 W, 83, 55 MiB
2026/09/30 22:34:48.634, 31 %, 915 MHz, 29.35 W, 85, 59 MiB
2026/09/30 22:34:49.638, 86 %, 1350 MHz, 17.38 W, 81, 55 MiB
2026/09/30 22:34:50.642, 36 %, 1350 MHz, 22.00 W, 85, 55 MiB
2026/09/30 22:34:51.647, 48 %, 1350 MHz, 33.19 W, 84, 59 MiB
2026/09/30 22:34:52.650, 80 %, 1350 MHz, 16.20 W, 81, 55 MiB
2026/09/30 22:34:53.653, 29 %, 1215 MHz, 27.55 W, 84, 57 MiB
2026/09/30 22:34:54.656, 66 %, 1230 MHz, 28.24 W, 80, 59 MiB
2026/09/30 22:34:55.661, 59 %, 1350 MHz, 16.39 W, 83, 55 MiB
2026/09/30 22:34:56.665, 29 %, 1215 MHz, 28.02 W, 83, 59 MiB
2026/09/30 22:34:57.670, 88 %, 1350 MHz, 16.07 W, 81, 57 MiB
2026/09/30 22:34:58.676, 37 %, 1350 MHz, 27.61 W, 84, 55 MiB
2026/09/30 22:34:59.679, 51 %, 1215 MHz, 28.29 W, 82, 59 MiB
2026/09/30 22:35:00.682, 73 %, 1350 MHz, 16.20 W, 82, 55 MiB
2026/09/30 22:35:01.688, 30 %, 720 MHz, 32.59 W, 85, 57 MiB
2026/09/30 22:35:02.691, 73 %, 1350 MHz, 31.45 W, 81, 59 MiB
2026/09/30 22:35:03.694, 53 %, 1350 MHz, 17.69 W, 85, 55 MiB
2026/09/30 22:35:04.697, 31 %, 1350 MHz, 17.26 W, 80, 0 MiB
2026/09/30 22:35:05.701, 0 %, 1350 MHz, 11.31 W, 78, 59 MiB
2026/09/30 22:35:06.705, 41 %, 1350 MHz, 17.96 W, 85, 55 MiB
2026/09/30 22:35:07.708, 41 %, 1350 MHz, 33.22 W, 84, 59 MiB
2026/09/30 22:35:08.712, 81 %, 1350 MHz, 17.39 W, 82, 59 MiB
2026/09/30 22:35:09.720, 42 %, 1350 MHz, 17.45 W, 86, 55 MiB
2026/09/30 22:35:10.725, 42 %, 1350 MHz, 33.29 W, 84, 59 MiB
2026/09/30 22:35:11.728, 85 %, 1350 MHz, 17.42 W, 82, 55 MiB
2026/09/30 22:35:12.734, 32 %, 1275 MHz, 24.39 W, 86, 55 MiB
2026/09/30 22:35:13.739, 54 %, 1215 MHz, 27.60 W, 82, 59 MiB
2026/09/30 22:35:14.752, 69 %, 1350 MHz, 16.24 W, 83, 55 MiB
2026/09/30 22:35:15.755, 28 %, 1200 MHz, 28.31 W, 84, 59 MiB
2026/09/30 22:35:16.759, 78 %, 1230 MHz, 23.67 W, 81, 59 MiB
2026/09/30 22:35:17.763, 49 %, 1350 MHz, 16.57 W, 84, 55 MiB
2026/09/30 22:35:18.767, 39 %, 1215 MHz, 28.03 W, 82, 59 MiB
2026/09/30 22:35:19.770, 85 %, 1350 MHz, 16.11 W, 82, 55 MiB
2026/09/30 22:35:20.775, 29 %, 1215 MHz, 27.92 W, 84, 57 MiB
2026/09/30 22:35:21.778, 63 %, 1350 MHz, 32.82 W, 80, 59 MiB
2026/09/30 22:35:22.783, 64 %, 1350 MHz, 17.56 W, 84, 55 MiB
2026/09/30 22:35:23.786, 35 %, 960 MHz, 31.70 W, 85, 57 MiB
2026/09/30 22:35:24.789, 68 %, 1350 MHz, 32.53 W, 81, 59 MiB
2026/09/30 22:35:25.792, 60 %, 1350 MHz, 17.66 W, 85, 55 MiB
2026/09/30 22:35:26.795, 31 %, 1350 MHz, 33.47 W, 84, 59 MiB
2026/09/30 22:35:27.798, 79 %, 1350 MHz, 24.59 W, 82, 59 MiB
2026/09/30 22:35:28.802, 48 %, 1350 MHz, 17.89 W, 85, 55 MiB
2026/09/30 22:35:29.806, 37 %, 1350 MHz, 29.84 W, 83, 59 MiB
2026/09/30 22:35:30.812, 80 %, 1350 MHz, 16.26 W, 82, 55 MiB
2026/09/30 22:35:31.815, 24 %, 1245 MHz, 28.23 W, 84, 57 MiB
2026/09/30 22:35:32.820, 67 %, 1245 MHz, 16.08 W, 81, 59 MiB
2026/09/30 22:35:33.824, 49 %, 1350 MHz, 24.04 W, 84, 55 MiB
2026/09/30 22:35:34.831, 38 %, 1350 MHz, 15.93 W, 80, 0 MiB
2026/09/30 22:35:35.837, 0 %, 360 MHz, 4.81 W, 79, 0 MiB
2026/09/30 22:35:36.843, 0 %, 1350 MHz, 31.33 W, 74, 59 MiB
2026/09/30 22:35:37.848, 61 %, 1350 MHz, 17.45 W, 83, 55 MiB
2026/09/30 22:35:38.852, 29 %, 1350 MHz, 32.18 W, 83, 59 MiB
2026/09/30 22:35:39.857, 73 %, 1245 MHz, 15.97 W, 81, 59 MiB
2026/09/30 22:35:40.862, 50 %, 1350 MHz, 22.06 W, 84, 55 MiB
2026/09/30 22:35:41.866, 37 %, 1200 MHz, 26.46 W, 80, 59 MiB
2026/09/30 22:35:42.870, 83 %, 1350 MHz, 16.12 W, 82, 55 MiB
2026/09/30 22:35:43.876, 27 %, 1260 MHz, 28.26 W, 83, 57 MiB
2026/09/30 22:35:44.882, 63 %, 1350 MHz, 30.83 W, 80, 59 MiB
2026/09/30 22:35:45.887, 54 %, 1350 MHz, 17.90 W, 82, 55 MiB
2026/09/30 22:35:46.893, 29 %, 1350 MHz, 33.05 W, 85, 59 MiB
2026/09/30 22:35:47.899, 81 %, 1350 MHz, 17.41 W, 81, 55 MiB
2026/09/30 22:35:48.906, 38 %, 1350 MHz, 30.88 W, 84, 55 MiB
2026/09/30 22:35:49.921, 42 %, 1350 MHz, 32.37 W, 85, 59 MiB
2026/09/30 22:35:50.928, 74 %, 1125 MHz, 16.48 W, 81, 55 MiB
2026/09/30 22:35:51.934, 28 %, 1350 MHz, 31.80 W, 86, 57 MiB
2026/09/30 22:35:52.941, 67 %, 1350 MHz, 32.28 W, 83, 59 MiB
2026/09/30 22:35:53.947, 51 %, 1350 MHz, 18.04 W, 82, 55 MiB
2026/09/30 22:35:54.955, 34 %, 1230 MHz, 28.09 W, 84, 59 MiB
2026/09/30 22:35:55.964, 86 %, 1350 MHz, 16.10 W, 81, 55 MiB
2026/09/30 22:35:56.968, 28 %, 1215 MHz, 27.13 W, 84, 57 MiB
2026/09/30 22:35:57.973, 60 %, 1245 MHz, 27.68 W, 83, 59 MiB
2026/09/30 22:35:58.978, 60 %, 1350 MHz, 16.52 W, 82, 55 MiB
2026/09/30 22:35:59.981, 27 %, 1350 MHz, 32.39 W, 85, 59 MiB
2026/09/30 22:36:00.985, 80 %, 1350 MHz, 17.49 W, 81, 55 MiB
2026/09/30 22:36:01.991, 41 %, 1350 MHz, 26.78 W, 84, 55 MiB
2026/09/30 22:36:02.998, 45 %, 1350 MHz, 32.93 W, 86, 59 MiB
2026/09/30 22:36:04.002, 80 %, 1350 MHz, 17.81 W, 82, 55 MiB
2026/09/30 22:36:05.006, 33 %, 1350 MHz, 32.31 W, 85, 59 MiB
2026/09/30 22:36:06.012, 65 %, 1350 MHz, 16.50 W, 82, 55 MiB
2026/09/30 22:36:07.018, 17 %, 1350 MHz, 15.97 W, 80, 0 MiB
2026/09/30 22:36:08.032, 0 %, 360 MHz, 3.59 W, 76, 0 MiB
2026/09/30 22:36:09.044, 0 %, 300 MHz, 3.25 W, 74, 0 MiB
2026/09/30 22:36:10.053, 0 %, 300 MHz, 4.94 W, 73, 9 MiB
2026/09/30 22:36:11.067, 17 %, 1290 MHz, 28.13 W, 81, 57 MiB
2026/09/30 22:36:12.085, 69 %, 1350 MHz, 22.58 W, 80, 59 MiB
2026/09/30 22:36:13.092, 44 %, 1350 MHz, 17.63 W, 81, 55 MiB
2026/09/30 22:36:14.101, 36 %, 1350 MHz, 32.05 W, 84, 59 MiB
2026/09/30 22:36:15.108, 80 %, 1350 MHz, 17.27 W, 80, 55 MiB
2026/09/30 22:36:16.115, 31 %, 1350 MHz, 30.77 W, 83, 55 MiB
2026/09/30 22:36:17.123, 49 %, 1350 MHz, 32.07 W, 84, 59 MiB
2026/09/30 22:36:18.133, 63 %, 1350 MHz, 17.45 W, 81, 55 MiB
2026/09/30 22:36:19.141, 26 %, 1350 MHz, 32.59 W, 85, 57 MiB
2026/09/30 22:36:20.149, 71 %, 1350 MHz, 28.77 W, 83, 59 MiB
2026/09/30 22:36:21.155, 47 %, 1350 MHz, 17.81 W, 82, 55 MiB
2026/09/30 22:36:22.164, 33 %, 1350 MHz, 32.27 W, 84, 59 MiB
2026/09/30 22:36:23.179, 79 %, 1350 MHz, 17.38 W, 81, 55 MiB
2026/09/30 22:36:24.187, 27 %, 1350 MHz, 30.70 W, 84, 55 MiB
2026/09/30 22:36:25.195, 54 %, 1350 MHz, 31.89 W, 84, 59 MiB
2026/09/30 22:36:26.202, 61 %, 1350 MHz, 16.18 W, 81, 55 MiB
2026/09/30 22:36:27.237, 29 %, 1260 MHz, 26.58 W, 84, 57 MiB
2026/09/30 22:36:28.245, 76 %, 1260 MHz, 28.80 W, 82, 59 MiB
2026/09/30 22:36:29.254, 40 %, 1350 MHz, 16.44 W, 81, 55 MiB
2026/09/30 22:36:30.265, 46 %, 1275 MHz, 27.90 W, 83, 59 MiB
2026/09/30 22:36:31.273, 65 %, 1350 MHz, 15.99 W, 80, 55 MiB
2026/09/30 22:36:32.281, 24 %, 1350 MHz, 32.28 W, 84, 57 MiB
2026/09/30 22:36:33.289, 77 %, 1350 MHz, 31.44 W, 82, 59 MiB
2026/09/30 22:36:34.297, 40 %, 1350 MHz, 17.70 W, 82, 55 MiB
2026/09/30 22:36:35.305, 40 %, 1350 MHz, 32.34 W, 85, 59 MiB
2026/09/30 22:36:36.317, 75 %, 1350 MHz, 17.31 W, 80, 55 MiB
2026/09/30 22:36:37.325, 29 %, 1350 MHz, 26.46 W, 83, 55 MiB
2026/09/30 22:36:38.332, 56 %, 1350 MHz, 32.16 W, 84, 59 MiB
2026/09/30 22:36:39.338, 65 %, 1350 MHz, 17.35 W, 80, 55 MiB
2026/09/30 22:36:40.344, 14 %, 1350 MHz, 17.11 W, 79, 0 MiB
2026/09/30 22:36:41.352, 0 %, 360 MHz, 3.29 W, 74, 0 MiB
2026/09/30 22:36:42.362, 0 %, 300 MHz, 3.14 W, 72, 0 MiB
2026/09/30 22:36:43.371, 0 %, 1350 MHz, 30.58 W, 79, 59 MiB
2026/09/30 22:36:44.379, 57 %, 1350 MHz, 17.03 W, 78, 55 MiB
2026/09/30 22:36:45.388, 28 %, 1350 MHz, 31.60 W, 82, 57 MiB
2026/09/30 22:36:46.397, 77 %, 1350 MHz, 29.07 W, 81, 59 MiB
2026/09/30 22:36:47.404, 38 %, 1350 MHz, 17.42 W, 80, 55 MiB
2026/09/30 22:36:48.410, 42 %, 1350 MHz, 32.10 W, 83, 59 MiB
2026/09/30 22:36:49.421, 74 %, 1350 MHz, 17.16 W, 80, 59 MiB
2026/09/30 22:36:50.431, 29 %, 1350 MHz, 17.66 W, 82, 55 MiB
2026/09/30 22:36:51.441, 57 %, 1350 MHz, 31.12 W, 83, 59 MiB
2026/09/30 22:36:52.450, 59 %, 1350 MHz, 17.23 W, 79, 55 MiB
2026/09/30 22:36:53.459, 27 %, 1350 MHz, 31.39 W, 84, 57 MiB
2026/09/30 22:36:54.468, 74 %, 1350 MHz, 31.20 W, 83, 59 MiB
2026/09/30 22:36:55.474, 42 %, 1350 MHz, 17.38 W, 81, 55 MiB
2026/09/30 22:36:56.480, 38 %, 1350 MHz, 32.28 W, 84, 59 MiB
2026/09/30 22:36:57.486, 80 %, 1350 MHz, 31.18 W, 81, 59 MiB
2026/09/30 22:36:58.494, 30 %, 1350 MHz, 17.54 W, 81, 55 MiB
2026/09/30 22:36:59.499, 50 %, 1350 MHz, 31.93 W, 84, 59 MiB
2026/09/30 22:37:00.506, 69 %, 1350 MHz, 17.24 W, 79, 59 MiB
2026/09/30 22:37:01.512, 29 %, 1350 MHz, 20.38 W, 83, 55 MiB
2026/09/30 22:37:02.518, 62 %, 1350 MHz, 31.42 W, 83, 59 MiB
2026/09/30 22:37:03.525, 58 %, 1350 MHz, 17.29 W, 80, 55 MiB
2026/09/30 22:37:04.532, 29 %, 1350 MHz, 31.66 W, 84, 57 MiB
2026/09/30 22:37:05.539, 73 %, 1350 MHz, 31.44 W, 83, 59 MiB
2026/09/30 22:37:06.547, 45 %, 1350 MHz, 17.39 W, 80, 55 MiB
2026/09/30 22:37:07.555, 35 %, 1350 MHz, 32.51 W, 84, 57 MiB
2026/09/30 22:37:08.560, 80 %, 1350 MHz, 31.62 W, 81, 59 MiB
2026/09/30 22:37:09.565, 33 %, 1350 MHz, 17.54 W, 82, 55 MiB
2026/09/30 22:37:10.574, 47 %, 1350 MHz, 31.45 W, 84, 59 MiB
2026/09/30 22:37:11.581, 70 %, 1350 MHz, 17.21 W, 80, 31 MiB
2026/09/30 22:37:12.589, 10 %, 1350 MHz, 17.01 W, 78, 0 MiB
2026/09/30 22:37:13.596, 0 %, 360 MHz, 3.45 W, 74, 0 MiB
2026/09/30 22:37:14.602, 0 %, 300 MHz, 4.57 W, 72, 9 MiB
2026/09/30 22:37:15.611, 3 %, 1350 MHz, 28.89 W, 81, 57 MiB
2026/09/30 22:37:16.617, 80 %, 1350 MHz, 30.72 W, 80, 59 MiB
2026/09/30 22:37:17.623, 38 %, 1350 MHz, 17.20 W, 79, 55 MiB
2026/09/30 22:37:18.630, 42 %, 1350 MHz, 31.57 W, 82, 55 MiB
2026/09/30 22:37:19.635, 75 %, 1350 MHz, 22.96 W, 78, 59 MiB
2026/09/30 22:37:20.640, 30 %, 1350 MHz, 17.44 W, 82, 55 MiB
2026/09/30 22:37:21.645, 55 %, 1350 MHz, 32.32 W, 83, 59 MiB
2026/09/30 22:37:22.652, 66 %, 1350 MHz, 17.11 W, 79, 59 MiB
2026/09/30 22:37:23.657, 31 %, 1350 MHz, 23.04 W, 83, 55 MiB
2026/09/30 22:37:24.662, 63 %, 1350 MHz, 31.92 W, 82, 59 MiB
2026/09/30 22:37:25.667, 57 %, 1350 MHz, 17.17 W, 80, 55 MiB
2026/09/30 22:37:26.671, 30 %, 1350 MHz, 21.52 W, 84, 55 MiB
2026/09/30 22:37:27.679, 73 %, 1350 MHz, 31.21 W, 82, 59 MiB
2026/09/30 22:37:28.686, 49 %, 1350 MHz, 17.20 W, 80, 55 MiB
2026/09/30 22:37:29.693, 31 %, 1350 MHz, 29.11 W, 83, 57 MiB
2026/09/30 22:37:30.703, 80 %, 1350 MHz, 31.73 W, 79, 59 MiB
2026/09/30 22:37:31.709, 27 %, 1350 MHz, 17.40 W, 83, 55 MiB
2026/09/30 22:37:32.715, 53 %, 1350 MHz, 31.80 W, 83, 59 MiB
2026/09/30 22:37:33.723, 63 %, 1350 MHz, 18.67 W, 80, 59 MiB
2026/09/30 22:37:34.731, 30 %, 1350 MHz, 17.70 W, 84, 55 MiB
2026/09/30 22:37:35.736, 67 %, 1350 MHz, 32.15 W, 82, 59 MiB
2026/09/30 22:37:36.743, 53 %, 1350 MHz, 17.22 W, 80, 55 MiB
2026/09/30 22:37:37.748, 28 %, 1350 MHz, 31.63 W, 84, 55 MiB
2026/09/30 22:37:38.753, 78 %, 1350 MHz, 31.88 W, 81, 59 MiB
2026/09/30 22:37:39.759, 41 %, 1350 MHz, 17.29 W, 81, 55 MiB
2026/09/30 22:37:40.763, 39 %, 1350 MHz, 30.35 W, 84, 57 MiB
2026/09/30 22:37:41.768, 79 %, 1350 MHz, 31.53 W, 79, 59 MiB
2026/09/30 22:37:42.774, 30 %, 1350 MHz, 17.41 W, 81, 55 MiB
2026/09/30 22:37:43.780, 51 %, 1350 MHz, 17.07 W, 78, 0 MiB
2026/09/30 22:37:44.788, 0 %, 360 MHz, 3.31 W, 75, 0 MiB
2026/09/30 22:37:45.795, 0 %, 300 MHz, 3.19 W, 72, 0 MiB
2026/09/30 22:37:46.803, 0 %, 1350 MHz, 31.29 W, 71, 59 MiB
2026/09/30 22:37:47.808, 28 %, 1350 MHz, 16.98 W, 81, 55 MiB
2026/09/30 22:37:48.813, 54 %, 1350 MHz, 31.28 W, 80, 59 MiB
2026/09/30 22:37:49.818, 64 %, 1350 MHz, 22.53 W, 78, 59 MiB
2026/09/30 22:37:50.822, 31 %, 1350 MHz, 17.35 W, 82, 55 MiB
2026/09/30 22:37:51.825, 65 %, 1350 MHz, 32.25 W, 81, 59 MiB
2026/09/30 22:37:52.831, 57 %, 1350 MHz, 17.01 W, 79, 59 MiB
2026/09/30 22:37:53.837, 30 %, 1350 MHz, 23.50 W, 83, 55 MiB
2026/09/30 22:37:54.843, 73 %, 1350 MHz, 31.37 W, 80, 59 MiB
2026/09/30 22:37:55.848, 48 %, 1350 MHz, 17.10 W, 80, 55 MiB
2026/09/30 22:37:56.853, 32 %, 1350 MHz, 31.49 W, 83, 55 MiB
2026/09/30 22:37:57.858, 80 %, 1350 MHz, 31.80 W, 78, 59 MiB
2026/09/30 22:37:58.863, 39 %, 1350 MHz, 17.20 W, 81, 55 MiB
2026/09/30 22:37:59.869, 41 %, 1350 MHz, 30.26 W, 83, 57 MiB
2026/09/30 22:38:00.874, 77 %, 1350 MHz, 31.59 W, 79, 59 MiB
2026/09/30 22:38:01.879, 30 %, 1350 MHz, 17.31 W, 84, 55 MiB
2026/09/30 22:38:02.885, 53 %, 1350 MHz, 32.67 W, 82, 57 MiB
2026/09/30 22:38:03.893, 67 %, 1350 MHz, 28.33 W, 79, 59 MiB
2026/09/30 22:38:04.899, 31 %, 1350 MHz, 17.49 W, 83, 55 MiB
2026/09/30 22:38:05.904, 62 %, 1350 MHz, 32.53 W, 81, 59 MiB
2026/09/30 22:38:06.911, 57 %, 1350 MHz, 17.15 W, 80, 59 MiB
2026/09/30 22:38:07.941, 28 %, 1350 MHz, 24.97 W, 83, 55 MiB
2026/09/30 22:38:08.946, 75 %, 1350 MHz, 31.61 W, 80, 59 MiB
2026/09/30 22:38:09.951, 46 %, 1350 MHz, 17.21 W, 81, 55 MiB
2026/09/30 22:38:10.957, 34 %, 1350 MHz, 31.09 W, 83, 55 MiB
2026/09/30 22:38:11.968, 80 %, 1350 MHz, 31.80 W, 83, 59 MiB
2026/09/30 22:38:12.975, 34 %, 1350 MHz, 17.21 W, 79, 55 MiB
2026/09/30 22:38:13.981, 46 %, 1350 MHz, 31.65 W, 84, 57 MiB
2026/09/30 22:38:14.989, 75 %, 1350 MHz, 17.06 W, 78, 0 MiB
2026/09/30 22:38:15.995, 5 %, 405 MHz, 3.99 W, 75, 0 MiB
2026/09/30 22:38:17.007, 0 %, 360 MHz, 3.14 W, 72, 0 MiB
2026/09/30 22:38:18.016, 1 %, 1350 MHz, 4.59 W, 71, 11 MiB
2026/09/30 22:38:19.055, 77 %, 1350 MHz, 27.33 W, 79, 55 MiB
2026/09/30 22:38:20.118, 30 %, 1350 MHz, 30.08 W, 80, 59 MiB
2026/09/30 22:38:21.126, 55 %, 1350 MHz, 16.98 W, 77, 55 MiB
2026/09/30 22:38:22.134, 53 %, 1350 MHz, 32.16 W, 81, 57 MiB
2026/09/30 22:38:23.146, 28 %, 1350 MHz, 29.98 W, 80, 59 MiB
2026/09/30 22:38:24.154, 79 %, 1350 MHz, 17.28 W, 79, 55 MiB
2026/09/30 22:38:25.160, 41 %, 1350 MHz, 31.81 W, 82, 59 MiB
2026/09/30 22:38:26.170, 39 %, 1350 MHz, 16.96 W, 79, 59 MiB
2026/09/30 22:38:27.176, 80 %, 1350 MHz, 17.53 W, 80, 55 MiB
2026/09/30 22:38:28.183, 34 %, 1350 MHz, 32.04 W, 82, 59 MiB
2026/09/30 22:38:29.189, 46 %, 1350 MHz, 17.06 W, 78, 55 MiB
2026/09/30 22:38:30.197, 73 %, 1350 MHz, 30.23 W, 81, 55 MiB
2026/09/30 22:38:31.206, 31 %, 1350 MHz, 31.91 W, 82, 59 MiB
2026/09/30 22:38:32.213, 56 %, 1350 MHz, 17.13 W, 78, 55 MiB
2026/09/30 22:38:33.219, 66 %, 1350 MHz, 31.69 W, 82, 55 MiB
2026/09/30 22:38:34.226, 29 %, 1350 MHz, 30.93 W, 82, 59 MiB
2026/09/30 22:38:35.233, 65 %, 1350 MHz, 17.22 W, 79, 55 MiB
2026/09/30 22:38:36.243, 51 %, 1350 MHz, 30.19 W, 83, 57 MiB
2026/09/30 22:38:37.252, 29 %, 1350 MHz, 31.51 W, 81, 59 MiB
2026/09/30 22:38:38.260, 80 %, 1350 MHz, 17.28 W, 80, 55 MiB
2026/09/30 22:38:39.268, 39 %, 1350 MHz, 30.94 W, 83, 59 MiB
2026/09/30 22:38:40.280, 41 %, 1350 MHz, 17.61 W, 80, 59 MiB
2026/09/30 22:38:41.294, 69 %, 1350 MHz, 23.47 W, 81, 55 MiB
2026/09/30 22:38:42.303, 26 %, 1350 MHz, 31.54 W, 82, 59 MiB
2026/09/30 22:38:43.313, 65 %, 1350 MHz, 17.16 W, 79, 55 MiB
2026/09/30 22:38:44.321, 51 %, 1350 MHz, 30.60 W, 83, 57 MiB
2026/09/30 22:38:45.333, 29 %, 1350 MHz, 31.64 W, 81, 59 MiB
2026/09/30 22:38:46.341, 80 %, 1350 MHz, 17.35 W, 80, 55 MiB
2026/09/30 22:38:47.351, 0 %, 1350 MHz, 16.91 W, 77, 0 MiB
2026/09/30 22:38:48.359, 0 %, 360 MHz, 5.39 W, 73, 0 MiB
2026/09/30 22:38:49.370, 0 %, 300 MHz, 3.06 W, 71, 0 MiB
2026/09/30 22:38:50.391, 0 %, 300 MHz, 3.23 W, 70, 0 MiB
2026/09/30 22:38:51.404, 0 %, 300 MHz, 3.02 W, 69, 0 MiB
2026/09/30 22:38:52.415, 1 %, 1695 MHz, 44.22 W, 78, 59 MiB
2026/09/30 22:38:53.421, 79 %, 1350 MHz, 16.54 W, 75, 55 MiB
2026/09/30 22:38:54.426, 40 %, 1350 MHz, 31.49 W, 80, 57 MiB
2026/09/30 22:38:55.430, 40 %, 1350 MHz, 31.33 W, 76, 59 MiB
2026/09/30 22:38:56.435, 80 %, 1350 MHz, 16.85 W, 77, 55 MiB
2026/09/30 22:38:57.442, 41 %, 1350 MHz, 31.92 W, 82, 57 MiB
2026/09/30 22:38:58.448, 39 %, 1350 MHz, 31.96 W, 81, 59 MiB
2026/09/30 22:38:59.452, 80 %, 1350 MHz, 16.97 W, 78, 55 MiB
2026/09/30 22:39:00.457, 44 %, 1350 MHz, 30.80 W, 82, 57 MiB
2026/09/30 22:39:01.462, 36 %, 1350 MHz, 32.18 W, 81, 59 MiB
2026/09/30 22:39:02.465, 80 %, 1350 MHz, 17.07 W, 78, 55 MiB
2026/09/30 22:39:03.470, 47 %, 1350 MHz, 32.31 W, 83, 57 MiB
2026/09/30 22:39:04.474, 33 %, 1350 MHz, 32.22 W, 82, 59 MiB
2026/09/30 22:39:05.479, 80 %, 1350 MHz, 17.15 W, 79, 55 MiB
2026/09/30 22:39:06.483, 51 %, 1350 MHz, 32.83 W, 83, 55 MiB
2026/09/30 22:39:07.487, 36 %, 1350 MHz, 32.66 W, 83, 59 MiB
2026/09/30 22:39:08.492, 73 %, 1350 MHz, 17.15 W, 79, 55 MiB
2026/09/30 22:39:09.496, 59 %, 1350 MHz, 22.42 W, 82, 55 MiB
2026/09/30 22:39:10.499, 35 %, 1350 MHz, 32.93 W, 83, 59 MiB
2026/09/30 22:39:11.504, 65 %, 1350 MHz, 17.16 W, 79, 59 MiB
2026/09/30 22:39:12.507, 67 %, 1350 MHz, 17.67 W, 81, 55 MiB
2026/09/30 22:39:13.511, 36 %, 1350 MHz, 32.69 W, 84, 59 MiB
2026/09/30 22:39:14.515, 57 %, 1350 MHz, 24.07 W, 81, 59 MiB
2026/09/30 22:39:15.517, 72 %, 1350 MHz, 17.54 W, 81, 55 MiB
2026/09/30 22:39:16.520, 36 %, 1350 MHz, 32.78 W, 84, 59 MiB
2026/09/30 22:39:17.523, 52 %, 1350 MHz, 32.33 W, 82, 59 MiB
2026/09/30 22:39:18.527, 78 %, 1350 MHz, 17.44 W, 81, 55 MiB
2026/09/30 22:39:19.532, 2 %, 1350 MHz, 17.03 W, 78, 0 MiB
2026/09/30 22:39:20.537, 0 %, 360 MHz, 3.59 W, 74, 0 MiB
2026/09/30 22:39:21.543, 43 %, 1350 MHz, 31.11 W, 82, 57 MiB
2026/09/30 22:39:22.546, 38 %, 1350 MHz, 32.31 W, 81, 59 MiB
2026/09/30 22:39:23.549, 80 %, 1350 MHz, 17.15 W, 79, 55 MiB
2026/09/30 22:39:24.552, 46 %, 1350 MHz, 32.72 W, 84, 57 MiB
2026/09/30 22:39:25.555, 36 %, 1350 MHz, 32.61 W, 82, 59 MiB
2026/09/30 22:39:26.559, 78 %, 1350 MHz, 17.23 W, 80, 55 MiB
2026/09/30 22:39:27.566, 50 %, 1350 MHz, 31.68 W, 84, 57 MiB
2026/09/30 22:39:28.571, 30 %, 1350 MHz, 32.11 W, 82, 59 MiB
2026/09/30 22:39:29.575, 80 %, 1350 MHz, 17.24 W, 80, 55 MiB
2026/09/30 22:39:30.584, 44 %, 1350 MHz, 29.76 W, 83, 57 MiB
2026/09/30 22:39:31.589, 36 %, 1350 MHz, 31.03 W, 81, 59 MiB
2026/09/30 22:39:32.595, 80 %, 1350 MHz, 17.33 W, 80, 55 MiB
2026/09/30 22:39:33.603, 28 %, 1350 MHz, 31.41 W, 83, 59 MiB
2026/09/30 22:39:34.610, 52 %, 1350 MHz, 17.12 W, 78, 55 MiB
2026/09/30 22:39:35.618, 43 %, 1350 MHz, 27.50 W, 82, 57 MiB
2026/09/30 22:39:36.625, 37 %, 1350 MHz, 17.02 W, 78, 59 MiB
2026/09/30 22:39:37.639, 43 %, 1350 MHz, 29.32 W, 81, 57 MiB
2026/09/30 22:39:38.651, 37 %, 1350 MHz, 16.98 W, 78, 55 MiB
2026/09/30 22:39:39.660, 33 %, 1350 MHz, 28.93 W, 82, 55 MiB
2026/09/30 22:39:40.670, 47 %, 1350 MHz, 17.02 W, 78, 55 MiB
2026/09/30 22:39:41.677, 49 %, 1350 MHz, 26.06 W, 81, 57 MiB
2026/09/30 22:39:42.687, 31 %, 1350 MHz, 21.15 W, 77, 59 MiB
2026/09/30 22:39:43.694, 64 %, 1350 MHz, 17.51 W, 82, 55 MiB
2026/09/30 22:39:44.700, 26 %, 1350 MHz, 28.61 W, 81, 59 MiB
2026/09/30 22:39:45.710, 70 %, 1350 MHz, 17.13 W, 79, 55 MiB
2026/09/30 22:39:46.715, 41 %, 1350 MHz, 31.40 W, 83, 57 MiB
2026/09/30 22:39:47.725, 39 %, 1350 MHz, 31.81 W, 79, 59 MiB
2026/09/30 22:39:48.729, 79 %, 1350 MHz, 17.16 W, 80, 55 MiB
2026/09/30 22:39:49.736, 30 %, 1350 MHz, 30.48 W, 82, 57 MiB
2026/09/30 22:39:50.742, 51 %, 1350 MHz, 16.98 W, 78, 55 MiB
2026/09/30 22:39:51.748, 0 %, 1350 MHz, 16.74 W, 76, 0 MiB
2026/09/30 22:39:52.753, 0 %, 360 MHz, 3.11 W, 72, 0 MiB
2026/09/30 22:39:53.759, 0 %, 1350 MHz, 16.37 W, 70, 59 MiB
2026/09/30 22:39:54.763, 59 %, 1350 MHz, 17.03 W, 80, 55 MiB
2026/09/30 22:39:55.768, 32 %, 1350 MHz, 31.93 W, 79, 59 MiB
2026/09/30 22:39:56.772, 71 %, 1350 MHz, 16.75 W, 77, 55 MiB
2026/09/30 22:39:57.776, 54 %, 1350 MHz, 17.31 W, 81, 55 MiB
2026/09/30 22:39:58.780, 33 %, 1350 MHz, 32.17 W, 80, 59 MiB
2026/09/30 22:39:59.784, 73 %, 1350 MHz, 16.83 W, 78, 55 MiB
2026/09/30 22:40:00.788, 54 %, 1350 MHz, 17.38 W, 82, 55 MiB
2026/09/30 22:40:01.792, 33 %, 1350 MHz, 32.31 W, 80, 59 MiB
2026/09/30 22:40:02.796, 73 %, 1350 MHz, 16.86 W, 78, 55 MiB
2026/09/30 22:40:03.801, 54 %, 1350 MHz, 17.37 W, 82, 55 MiB
2026/09/30 22:40:04.805, 33 %, 1350 MHz, 32.14 W, 80, 59 MiB
2026/09/30 22:40:05.809, 73 %, 1350 MHz, 16.87 W, 78, 55 MiB
2026/09/30 22:40:06.813, 53 %, 1350 MHz, 17.43 W, 82, 55 MiB
2026/09/30 22:40:07.817, 34 %, 1350 MHz, 32.14 W, 80, 59 MiB
2026/09/30 22:40:08.821, 73 %, 1350 MHz, 16.92 W, 78, 55 MiB
2026/09/30 22:40:09.825, 51 %, 1350 MHz, 20.60 W, 82, 55 MiB
2026/09/30 22:40:10.829, 32 %, 1350 MHz, 31.65 W, 79, 59 MiB
2026/09/30 22:40:11.833, 77 %, 1350 MHz, 16.95 W, 79, 55 MiB
2026/09/30 22:40:12.836, 49 %, 1350 MHz, 23.43 W, 82, 55 MiB
2026/09/30 22:40:13.840, 33 %, 1350 MHz, 31.61 W, 79, 59 MiB
2026/09/30 22:40:14.842, 78 %, 1350 MHz, 16.99 W, 79, 55 MiB
2026/09/30 22:40:15.846, 47 %, 1350 MHz, 26.84 W, 82, 55 MiB
2026/09/30 22:40:16.849, 33 %, 1350 MHz, 31.82 W, 78, 59 MiB
2026/09/30 22:40:17.852, 80 %, 1350 MHz, 17.00 W, 79, 55 MiB
2026/09/30 22:40:18.855, 45 %, 1350 MHz, 28.45 W, 82, 55 MiB
2026/09/30 22:40:19.859, 35 %, 1350 MHz, 31.52 W, 79, 59 MiB
2026/09/30 22:40:20.863, 80 %, 1350 MHz, 16.97 W, 79, 55 MiB
2026/09/30 22:40:21.866, 0 %, 1350 MHz, 16.62 W, 76, 0 MiB
2026/09/30 22:40:22.870, 0 %, 1350 MHz, 13.35 W, 72, 59 MiB
2026/09/30 22:40:23.887, 57 %, 1350 MHz, 17.12 W, 80, 55 MiB
2026/09/30 22:40:24.891, 32 %, 1350 MHz, 31.58 W, 78, 59 MiB
2026/09/30 22:40:25.896, 72 %, 1350 MHz, 16.77 W, 78, 55 MiB
2026/09/30 22:40:26.900, 49 %, 1350 MHz, 23.33 W, 81, 55 MiB
2026/09/30 22:40:27.904, 32 %, 1350 MHz, 31.69 W, 78, 59 MiB
2026/09/30 22:40:28.908, 79 %, 1350 MHz, 16.85 W, 79, 55 MiB
2026/09/30 22:40:29.912, 48 %, 1350 MHz, 24.19 W, 81, 55 MiB
2026/09/30 22:40:30.916, 33 %, 1350 MHz, 31.26 W, 78, 59 MiB
2026/09/30 22:40:31.920, 80 %, 1350 MHz, 16.90 W, 79, 55 MiB
2026/09/30 22:40:32.925, 46 %, 1350 MHz, 27.21 W, 81, 55 MiB
2026/09/30 22:40:33.928, 34 %, 1350 MHz, 31.23 W, 77, 59 MiB
2026/09/30 22:40:34.932, 80 %, 1350 MHz, 16.93 W, 79, 55 MiB
2026/09/30 22:40:35.936, 43 %, 1350 MHz, 31.33 W, 81, 55 MiB
2026/09/30 22:40:36.941, 37 %, 1350 MHz, 31.60 W, 77, 59 MiB
2026/09/30 22:40:37.945, 80 %, 1350 MHz, 16.94 W, 77, 55 MiB
2026/09/30 22:40:38.949, 41 %, 1350 MHz, 31.92 W, 81, 55 MiB
2026/09/30 22:40:39.953, 39 %, 1350 MHz, 31.69 W, 81, 59 MiB
2026/09/30 22:40:40.958, 80 %, 1350 MHz, 16.94 W, 77, 55 MiB
2026/09/30 22:40:41.962, 42 %, 1350 MHz, 31.60 W, 81, 55 MiB
2026/09/30 22:40:42.969, 38 %, 1350 MHz, 32.10 W, 81, 59 MiB
2026/09/30 22:40:43.977, 80 %, 1350 MHz, 16.93 W, 77, 55 MiB
2026/09/30 22:40:44.983, 43 %, 1350 MHz, 31.70 W, 81, 55 MiB
2026/09/30 22:40:45.989, 37 %, 1350 MHz, 31.82 W, 81, 59 MiB
2026/09/30 22:40:46.993, 80 %, 1350 MHz, 16.96 W, 77, 55 MiB
2026/09/30 22:40:47.998, 42 %, 1350 MHz, 31.16 W, 81, 55 MiB
2026/09/30 22:40:49.004, 38 %, 1350 MHz, 31.34 W, 80, 59 MiB
2026/09/30 22:40:50.013, 79 %, 1350 MHz, 17.00 W, 77, 55 MiB
2026/09/30 22:40:51.022, 1 %, 1350 MHz, 16.64 W, 76, 0 MiB
2026/09/30 22:40:52.028, 0 %, 360 MHz, 3.10 W, 71, 0 MiB
2026/09/30 22:40:53.034, 0 %, 1350 MHz, 30.88 W, 77, 59 MiB
2026/09/30 22:40:54.039, 80 %, 1350 MHz, 16.66 W, 76, 55 MiB
2026/09/30 22:40:55.044, 33 %, 1350 MHz, 30.55 W, 80, 57 MiB
2026/09/30 22:40:56.049, 48 %, 1350 MHz, 31.37 W, 79, 59 MiB
2026/09/30 22:40:57.054, 76 %, 1350 MHz, 16.83 W, 76, 55 MiB
2026/09/30 22:40:58.058, 34 %, 1350 MHz, 31.30 W, 81, 57 MiB
2026/09/30 22:40:59.063, 50 %, 1350 MHz, 31.60 W, 80, 59 MiB
2026/09/30 22:41:00.067, 76 %, 1350 MHz, 16.91 W, 77, 55 MiB
2026/09/30 22:41:01.071, 33 %, 1350 MHz, 31.29 W, 81, 57 MiB
2026/09/30 22:41:02.076, 51 %, 1350 MHz, 31.52 W, 80, 59 MiB
2026/09/30 22:41:03.081, 74 %, 1350 MHz, 16.95 W, 77, 55 MiB
2026/09/30 22:41:04.085, 34 %, 1350 MHz, 31.26 W, 81, 57 MiB
2026/09/30 22:41:05.101, 51 %, 1350 MHz, 31.49 W, 80, 59 MiB
2026/09/30 22:41:06.106, 72 %, 1350 MHz, 16.99 W, 77, 55 MiB
2026/09/30 22:41:07.111, 33 %, 1350 MHz, 31.58 W, 81, 57 MiB
2026/09/30 22:41:08.129, 54 %, 1350 MHz, 31.67 W, 80, 59 MiB
2026/09/30 22:41:09.135, 71 %, 1350 MHz, 17.02 W, 77, 55 MiB
2026/09/30 22:41:10.141, 34 %, 1350 MHz, 31.41 W, 81, 57 MiB
2026/09/30 22:41:11.150, 55 %, 1350 MHz, 31.61 W, 80, 59 MiB
2026/09/30 22:41:12.155, 72 %, 1350 MHz, 17.03 W, 77, 55 MiB
2026/09/30 22:41:13.161, 34 %, 1350 MHz, 31.62 W, 82, 57 MiB
2026/09/30 22:41:14.169, 53 %, 1350 MHz, 31.50 W, 80, 59 MiB
2026/09/30 22:41:15.175, 72 %, 1350 MHz, 17.00 W, 77, 55 MiB
2026/09/30 22:41:16.182, 32 %, 1350 MHz, 31.41 W, 81, 57 MiB
2026/09/30 22:41:17.188, 56 %, 1350 MHz, 31.78 W, 80, 59 MiB
2026/09/30 22:41:18.193, 70 %, 1350 MHz, 17.06 W, 77, 55 MiB
2026/09/30 22:41:19.197, 34 %, 1350 MHz, 32.14 W, 82, 57 MiB
2026/09/30 22:41:20.203, 56 %, 1350 MHz, 16.77 W, 76, 0 MiB
2026/09/30 22:41:21.207, 0 %, 405 MHz, 16.50 W, 74, 0 MiB
2026/09/30 22:41:22.214, 1 %, 1350 MHz, 31.21 W, 79, 59 MiB
2026/09/30 22:41:23.219, 80 %, 1350 MHz, 16.69 W, 75, 55 MiB
2026/09/30 22:41:24.225, 41 %, 1350 MHz, 31.52 W, 79, 55 MiB
2026/09/30 22:41:25.231, 39 %, 1350 MHz, 31.88 W, 80, 59 MiB
2026/09/30 22:41:26.235, 80 %, 1350 MHz, 16.85 W, 76, 55 MiB
2026/09/30 22:41:27.239, 41 %, 1350 MHz, 17.34 W, 79, 55 MiB
2026/09/30 22:41:28.244, 39 %, 1350 MHz, 32.17 W, 81, 59 MiB
2026/09/30 22:41:29.249, 80 %, 1350 MHz, 16.80 W, 76, 55 MiB
2026/09/30 22:41:30.254, 44 %, 1350 MHz, 17.32 W, 79, 55 MiB
2026/09/30 22:41:31.259, 36 %, 1350 MHz, 32.27 W, 81, 59 MiB
2026/09/30 22:41:32.263, 80 %, 1350 MHz, 16.80 W, 76, 55 MiB
2026/09/30 22:41:33.268, 43 %, 1350 MHz, 17.34 W, 79, 55 MiB
2026/09/30 22:41:34.273, 37 %, 1350 MHz, 32.04 W, 81, 59 MiB
2026/09/30 22:41:35.278, 80 %, 1350 MHz, 16.85 W, 77, 55 MiB
2026/09/30 22:41:36.283, 42 %, 1350 MHz, 17.37 W, 79, 55 MiB
2026/09/30 22:41:37.290, 38 %, 1350 MHz, 32.33 W, 81, 59 MiB
2026/09/30 22:41:38.298, 80 %, 1350 MHz, 16.88 W, 77, 59 MiB
2026/09/30 22:41:39.304, 44 %, 1350 MHz, 17.34 W, 79, 55 MiB
2026/09/30 22:41:40.312, 36 %, 1350 MHz, 32.28 W, 81, 59 MiB
2026/09/30 22:41:41.318, 80 %, 1350 MHz, 16.88 W, 77, 55 MiB
2026/09/30 22:41:42.324, 44 %, 1350 MHz, 17.33 W, 79, 55 MiB
2026/09/30 22:41:43.330, 36 %, 1350 MHz, 31.89 W, 81, 59 MiB
2026/09/30 22:41:44.336, 80 %, 1350 MHz, 19.63 W, 78, 59 MiB
2026/09/30 22:41:45.340, 47 %, 1350 MHz, 17.26 W, 79, 55 MiB
2026/09/30 22:41:46.344, 34 %, 1350 MHz, 32.13 W, 81, 59 MiB
2026/09/30 22:41:47.348, 79 %, 1350 MHz, 16.88 W, 77, 59 MiB
2026/09/30 22:41:48.356, 40 %, 1350 MHz, 24.80 W, 80, 55 MiB
2026/09/30 22:41:49.366, 40 %, 1350 MHz, 16.73 W, 76, 0 MiB
2026/09/30 22:41:50.374, 0 %, 360 MHz, 6.36 W, 73, 0 MiB
2026/09/30 22:41:51.383, 0 %, 360 MHz, 3.00 W, 70, 0 MiB
2026/09/30 22:41:52.390, 0 %, 1350 MHz, 38.06 W, 79, 59 MiB
2026/09/30 22:41:53.396, 78 %, 1350 MHz, 16.51 W, 75, 55 MiB
2026/09/30 22:41:54.401, 34 %, 1350 MHz, 29.77 W, 79, 55 MiB
2026/09/30 22:41:55.410, 46 %, 1350 MHz, 31.15 W, 79, 59 MiB
2026/09/30 22:41:56.416, 70 %, 1350 MHz, 16.79 W, 76, 55 MiB
2026/09/30 22:41:57.423, 30 %, 1350 MHz, 31.09 W, 81, 57 MiB
2026/09/30 22:41:58.431, 60 %, 1350 MHz, 31.31 W, 79, 59 MiB
2026/09/30 22:41:59.436, 63 %, 1350 MHz, 16.96 W, 77, 55 MiB
2026/09/30 22:42:00.441, 33 %, 1350 MHz, 31.30 W, 81, 57 MiB
2026/09/30 22:42:01.447, 63 %, 1350 MHz, 31.45 W, 80, 59 MiB
2026/09/30 22:42:02.452, 62 %, 1350 MHz, 17.00 W, 77, 55 MiB
2026/09/30 22:42:03.458, 34 %, 1350 MHz, 31.34 W, 81, 57 MiB
2026/09/30 22:42:04.463, 64 %, 1350 MHz, 31.47 W, 80, 59 MiB
2026/09/30 22:42:05.468, 63 %, 1350 MHz, 16.99 W, 77, 55 MiB
2026/09/30 22:42:06.475, 33 %, 1350 MHz, 31.64 W, 81, 57 MiB
2026/09/30 22:42:07.479, 64 %, 1350 MHz, 30.89 W, 80, 59 MiB
2026/09/30 22:42:08.486, 61 %, 1350 MHz, 17.03 W, 77, 55 MiB
2026/09/30 22:42:09.493, 25 %, 1350 MHz, 31.07 W, 81, 59 MiB
2026/09/30 22:42:10.503, 74 %, 1350 MHz, 16.80 W, 78, 59 MiB
2026/09/30 22:42:11.513, 42 %, 1350 MHz, 19.50 W, 79, 55 MiB
2026/09/30 22:42:12.522, 37 %, 1350 MHz, 31.07 W, 80, 59 MiB
2026/09/30 22:42:13.531, 76 %, 1350 MHz, 16.87 W, 77, 55 MiB
2026/09/30 22:42:14.538, 27 %, 1350 MHz, 30.00 W, 81, 57 MiB
2026/09/30 22:42:15.548, 56 %, 1350 MHz, 30.68 W, 80, 59 MiB
2026/09/30 22:42:16.562, 57 %, 1350 MHz, 17.07 W, 77, 55 MiB
2026/09/30 22:42:17.570, 24 %, 1350 MHz, 31.37 W, 81, 59 MiB
2026/09/30 22:42:18.577, 79 %, 1350 MHz, 16.84 W, 78, 59 MiB
2026/09/30 22:42:19.583, 39 %, 1350 MHz, 22.78 W, 79, 55 MiB
2026/09/30 22:42:20.588, 41 %, 1350 MHz, 16.66 W, 76, 0 MiB
2026/09/30 22:42:21.593, 0 %, 360 MHz, 4.43 W, 73, 0 MiB
2026/09/30 22:42:22.662, 0 %, 1350 MHz, 30.91 W, 74, 59 MiB
2026/09/30 22:42:23.666, 51 %, 1350 MHz, 16.72 W, 77, 55 MiB
2026/09/30 22:42:24.670, 31 %, 1350 MHz, 31.75 W, 80, 57 MiB
2026/09/30 22:42:25.674, 80 %, 1350 MHz, 31.59 W, 77, 59 MiB
2026/09/30 22:42:26.676, 48 %, 1350 MHz, 16.92 W, 78, 55 MiB
2026/09/30 22:42:27.679, 35 %, 1350 MHz, 31.64 W, 81, 57 MiB
2026/09/30 22:42:28.684, 77 %, 1350 MHz, 31.67 W, 78, 59 MiB
2026/09/30 22:42:29.689, 54 %, 1350 MHz, 16.93 W, 78, 55 MiB
2026/09/30 22:42:30.693, 34 %, 1350 MHz, 31.27 W, 81, 57 MiB
2026/09/30 22:42:31.700, 72 %, 1350 MHz, 31.73 W, 78, 59 MiB
2026/09/30 22:42:32.703, 58 %, 1350 MHz, 16.94 W, 78, 55 MiB
2026/09/30 22:42:33.707, 35 %, 1350 MHz, 31.95 W, 81, 57 MiB
2026/09/30 22:42:34.712, 67 %, 1350 MHz, 32.10 W, 79, 59 MiB
2026/09/30 22:42:35.715, 64 %, 1350 MHz, 16.88 W, 77, 55 MiB
2026/09/30 22:42:36.719, 35 %, 1350 MHz, 31.96 W, 81, 55 MiB
2026/09/30 22:42:37.723, 61 %, 1350 MHz, 32.08 W, 80, 59 MiB
2026/09/30 22:42:38.725, 70 %, 1350 MHz, 16.89 W, 78, 55 MiB
2026/09/30 22:42:39.728, 35 %, 1350 MHz, 25.17 W, 81, 55 MiB
2026/09/30 22:42:40.733, 55 %, 1350 MHz, 32.13 W, 80, 59 MiB
2026/09/30 22:42:41.735, 76 %, 1350 MHz, 16.82 W, 77, 59 MiB
2026/09/30 22:42:42.738, 36 %, 1350 MHz, 17.36 W, 82, 55 MiB
2026/09/30 22:42:43.743, 49 %, 1350 MHz, 32.35 W, 81, 59 MiB
2026/09/30 22:42:44.748, 80 %, 1350 MHz, 18.34 W, 77, 59 MiB
2026/09/30 22:42:45.751, 37 %, 1350 MHz, 17.25 W, 81, 55 MiB
2026/09/30 22:42:46.755, 43 %, 1350 MHz, 32.05 W, 81, 59 MiB
2026/09/30 22:42:47.759, 80 %, 1350 MHz, 25.08 W, 77, 59 MiB
2026/09/30 22:42:48.762, 40 %, 1350 MHz, 17.20 W, 81, 55 MiB
2026/09/30 22:42:49.770, 40 %, 1350 MHz, 16.64 W, 76, 0 MiB
2026/09/30 22:42:50.774, 0 %, 1350 MHz, 17.34 W, 73, 11 MiB
2026/09/30 22:42:51.849, 32 %, 1350 MHz, 21.93 W, 80, 55 MiB
2026/09/30 22:42:52.853, 62 %, 1350 MHz, 31.60 W, 78, 59 MiB
2026/09/30 22:42:53.856, 66 %, 1350 MHz, 16.74 W, 78, 55 MiB
2026/09/30 22:42:54.860, 35 %, 1350 MHz, 17.33 W, 81, 55 MiB
2026/09/30 22:42:55.864, 60 %, 1350 MHz, 32.39 W, 79, 59 MiB
2026/09/30 22:42:56.868, 70 %, 1350 MHz, 16.94 W, 78, 59 MiB
2026/09/30 22:42:57.874, 36 %, 1350 MHz, 17.23 W, 81, 55 MiB
2026/09/30 22:42:58.878, 54 %, 1350 MHz, 32.04 W, 80, 59 MiB
2026/09/30 22:42:59.881, 75 %, 1350 MHz, 23.62 W, 78, 59 MiB
2026/09/30 22:43:00.884, 35 %, 1350 MHz, 17.20 W, 82, 55 MiB
2026/09/30 22:43:01.888, 50 %, 1350 MHz, 32.24 W, 80, 59 MiB
2026/09/30 22:43:02.892, 79 %, 1350 MHz, 29.76 W, 78, 59 MiB
2026/09/30 22:43:03.897, 36 %, 1350 MHz, 17.14 W, 82, 55 MiB
2026/09/30 22:43:04.902, 46 %, 1350 MHz, 31.73 W, 80, 59 MiB
2026/09/30 22:43:05.908, 80 %, 1350 MHz, 29.35 W, 78, 59 MiB
2026/09/30 22:43:06.911, 33 %, 1350 MHz, 17.17 W, 82, 55 MiB
2026/09/30 22:43:07.916, 46 %, 1350 MHz, 32.39 W, 80, 59 MiB
2026/09/30 22:43:08.921, 80 %, 1350 MHz, 31.68 W, 78, 59 MiB
2026/09/30 22:43:09.924, 36 %, 1350 MHz, 17.14 W, 82, 55 MiB
2026/09/30 22:43:10.928, 44 %, 1350 MHz, 32.20 W, 80, 59 MiB
2026/09/30 22:43:11.932, 80 %, 1350 MHz, 31.68 W, 77, 59 MiB
2026/09/30 22:43:12.935, 38 %, 1350 MHz, 17.11 W, 81, 55 MiB
2026/09/30 22:43:13.940, 42 %, 1350 MHz, 32.44 W, 80, 59 MiB
2026/09/30 22:43:14.944, 80 %, 1350 MHz, 31.70 W, 77, 59 MiB
2026/09/30 22:43:15.948, 39 %, 1350 MHz, 17.18 W, 81, 55 MiB
2026/09/30 22:43:16.951, 41 %, 1350 MHz, 32.14 W, 80, 59 MiB
2026/09/30 22:43:17.955, 80 %, 1350 MHz, 16.87 W, 78, 0 MiB
2026/09/30 22:43:18.958, 0 %, 1350 MHz, 16.59 W, 76, 0 MiB
2026/09/30 22:43:19.962, 0 %, 360 MHz, 3.11 W, 72, 0 MiB
2026/09/30 22:43:20.969, 0 %, 1350 MHz, 15.99 W, 70, 59 MiB
2026/09/30 22:43:21.976, 28 %, 1350 MHz, 27.88 W, 78, 55 MiB
2026/09/30 22:43:22.982, 54 %, 1350 MHz, 31.06 W, 76, 59 MiB
2026/09/30 22:43:23.988, 65 %, 1350 MHz, 16.72 W, 76, 55 MiB
2026/09/30 22:43:24.993, 32 %, 1350 MHz, 31.44 W, 79, 55 MiB
2026/09/30 22:43:25.998, 63 %, 1350 MHz, 31.78 W, 80, 59 MiB
2026/09/30 22:43:27.003, 63 %, 1350 MHz, 16.80 W, 76, 55 MiB
2026/09/30 22:43:28.008, 35 %, 1350 MHz, 31.84 W, 79, 55 MiB
2026/09/30 22:43:29.013, 62 %, 1350 MHz, 32.08 W, 80, 59 MiB
2026/09/30 22:43:30.017, 66 %, 1350 MHz, 16.74 W, 76, 55 MiB
2026/09/30 22:43:31.022, 34 %, 1350 MHz, 18.60 W, 79, 55 MiB
2026/09/30 22:43:32.027, 60 %, 1350 MHz, 32.15 W, 80, 59 MiB
2026/09/30 22:43:33.031, 68 %, 1350 MHz, 16.74 W, 76, 55 MiB
2026/09/30 22:43:34.036, 33 %, 1350 MHz, 17.59 W, 79, 55 MiB
2026/09/30 22:43:35.041, 59 %, 1350 MHz, 32.10 W, 81, 59 MiB
2026/09/30 22:43:36.046, 68 %, 1350 MHz, 16.77 W, 76, 55 MiB
2026/09/30 22:43:37.053, 34 %, 1350 MHz, 17.27 W, 79, 55 MiB
2026/09/30 22:43:38.059, 58 %, 1350 MHz, 32.02 W, 81, 59 MiB
2026/09/30 22:43:39.064, 69 %, 1350 MHz, 16.77 W, 76, 55 MiB
2026/09/30 22:43:40.070, 32 %, 1350 MHz, 17.94 W, 79, 55 MiB
2026/09/30 22:43:41.076, 58 %, 1350 MHz, 32.24 W, 81, 59 MiB
2026/09/30 22:43:42.081, 66 %, 1350 MHz, 16.79 W, 77, 55 MiB
2026/09/30 22:43:43.086, 34 %, 1350 MHz, 28.46 W, 80, 57 MiB
2026/09/30 22:43:44.093, 60 %, 1350 MHz, 30.89 W, 80, 59 MiB
2026/09/30 22:43:45.099, 46 %, 1350 MHz, 16.99 W, 77, 55 MiB
2026/09/30 22:43:46.109, 34 %, 1350 MHz, 31.56 W, 81, 57 MiB
2026/09/30 22:43:47.118, 80 %, 1350 MHz, 29.55 W, 79, 59 MiB
2026/09/30 22:43:48.124, 32 %, 1350 MHz, 17.09 W, 78, 55 MiB
2026/09/30 22:43:49.129, 48 %, 1350 MHz, 16.55 W, 75, 0 MiB
2026/09/30 22:43:50.135, 0 %, 360 MHz, 6.56 W, 72, 0 MiB
2026/09/30 22:43:51.144, 0 %, 300 MHz, 3.98 W, 70, 9 MiB
2026/09/30 22:43:52.154, 7 %, 1350 MHz, 30.61 W, 79, 57 MiB
2026/09/30 22:43:53.160, 74 %, 1350 MHz, 31.52 W, 78, 59 MiB
2026/09/30 22:43:54.165, 51 %, 1350 MHz, 16.66 W, 75, 55 MiB
2026/09/30 22:43:55.169, 34 %, 1350 MHz, 31.30 W, 80, 57 MiB
2026/09/30 22:43:56.175, 76 %, 1350 MHz, 31.73 W, 79, 59 MiB
2026/09/30 22:43:57.180, 52 %, 1350 MHz, 16.73 W, 76, 55 MiB
2026/09/30 22:43:58.187, 33 %, 1350 MHz, 31.60 W, 81, 57 MiB
2026/09/30 22:43:59.193, 75 %, 1350 MHz, 31.83 W, 80, 59 MiB
2026/09/30 22:44:00.199, 52 %, 1350 MHz, 16.77 W, 76, 55 MiB
2026/09/30 22:44:01.204, 31 %, 1350 MHz, 31.68 W, 81, 57 MiB
2026/09/30 22:44:02.209, 77 %, 1350 MHz, 31.81 W, 79, 59 MiB
2026/09/30 22:44:03.214, 51 %, 1350 MHz, 16.81 W, 76, 55 MiB
2026/09/30 22:44:04.219, 33 %, 1350 MHz, 31.87 W, 80, 55 MiB
2026/09/30 22:44:05.223, 75 %, 1350 MHz, 31.99 W, 80, 59 MiB
2026/09/30 22:44:06.229, 53 %, 1350 MHz, 16.83 W, 76, 55 MiB
2026/09/30 22:44:07.233, 33 %, 1350 MHz, 32.00 W, 80, 55 MiB
2026/09/30 22:44:08.242, 73 %, 1350 MHz, 32.02 W, 80, 59 MiB
2026/09/30 22:44:09.247, 55 %, 1350 MHz, 16.84 W, 76, 55 MiB
2026/09/30 22:44:10.254, 33 %, 1350 MHz, 30.60 W, 80, 55 MiB
2026/09/30 22:44:11.260, 72 %, 1350 MHz, 31.18 W, 80, 59 MiB
2026/09/30 22:44:12.267, 50 %, 1350 MHz, 16.90 W, 77, 55 MiB
2026/09/30 22:44:13.272, 31 %, 1350 MHz, 31.47 W, 81, 57 MiB
2026/09/30 22:44:14.277, 79 %, 1350 MHz, 31.52 W, 80, 59 MiB
2026/09/30 22:44:15.281, 49 %, 1350 MHz, 16.91 W, 77, 55 MiB
2026/09/30 22:44:16.286, 32 %, 1350 MHz, 31.11 W, 81, 57 MiB
2026/09/30 22:44:17.291, 78 %, 1350 MHz, 31.66 W, 80, 59 MiB
2026/09/30 22:44:18.296, 49 %, 1350 MHz, 16.87 W, 77, 55 MiB
2026/09/30 22:44:19.300, 31 %, 1350 MHz, 16.50 W, 75, 0 MiB
2026/09/30 22:44:20.306, 0 %, 1350 MHz, 4.85 W, 72, 11 MiB
2026/09/30 22:44:21.311, 10 %, 1350 MHz, 30.95 W, 78, 55 MiB
2026/09/30 22:44:22.318, 71 %, 1350 MHz, 31.45 W, 79, 59 MiB
2026/09/30 22:44:23.324, 51 %, 1350 MHz, 16.75 W, 76, 55 MiB
2026/09/30 22:44:24.329, 30 %, 1350 MHz, 29.81 W, 81, 57 MiB
2026/09/30 22:44:25.336, 79 %, 1350 MHz, 26.93 W, 79, 59 MiB
2026/09/30 22:44:26.346, 42 %, 1350 MHz, 16.91 W, 77, 55 MiB
2026/09/30 22:44:27.353, 38 %, 1350 MHz, 31.92 W, 81, 57 MiB
2026/09/30 22:44:28.362, 80 %, 1350 MHz, 31.45 W, 79, 59 MiB
2026/09/30 22:44:29.366, 34 %, 1350 MHz, 17.04 W, 77, 55 MiB
2026/09/30 22:44:30.371, 46 %, 1350 MHz, 30.55 W, 81, 57 MiB
2026/09/30 22:44:31.438, 79 %, 1350 MHz, 31.35 W, 79, 59 MiB
2026/09/30 22:44:32.442, 34 %, 1350 MHz, 16.92 W, 77, 55 MiB
2026/09/30 22:44:33.446, 47 %, 1350 MHz, 31.15 W, 81, 57 MiB
2026/09/30 22:44:34.451, 79 %, 1350 MHz, 30.92 W, 79, 59 MiB
2026/09/30 22:44:35.459, 33 %, 1350 MHz, 16.94 W, 77, 55 MiB
2026/09/30 22:44:36.463, 48 %, 1350 MHz, 31.18 W, 81, 57 MiB
2026/09/30 22:44:37.468, 79 %, 1350 MHz, 31.26 W, 80, 59 MiB
2026/09/30 22:44:38.473, 34 %, 1350 MHz, 17.00 W, 77, 55 MiB
2026/09/30 22:44:39.478, 48 %, 1350 MHz, 31.97 W, 81, 57 MiB
2026/09/30 22:44:40.486, 73 %, 1350 MHz, 31.22 W, 79, 59 MiB
2026/09/30 22:44:41.492, 31 %, 1350 MHz, 17.09 W, 77, 55 MiB
2026/09/30 22:44:42.498, 57 %, 1350 MHz, 31.17 W, 81, 59 MiB
2026/09/30 22:44:43.506, 63 %, 1350 MHz, 16.75 W, 78, 59 MiB
2026/09/30 22:44:44.511, 29 %, 1350 MHz, 17.49 W, 78, 55 MiB
2026/09/30 22:44:45.518, 68 %, 1350 MHz, 31.63 W, 81, 59 MiB
2026/09/30 22:44:46.525, 55 %, 1350 MHz, 16.79 W, 76, 55 MiB
2026/09/30 22:44:47.536, 30 %, 1350 MHz, 27.95 W, 79, 55 MiB
2026/09/30 22:44:48.542, 75 %, 1350 MHz, 16.59 W, 75, 0 MiB
2026/09/30 22:44:49.547, 0 %, 360 MHz, 3.91 W, 72, 0 MiB
2026/09/30 22:44:50.554, 0 %, 300 MHz, 3.85 W, 70, 9 MiB
2026/09/30 22:44:51.564, 1 %, 1350 MHz, 28.91 W, 79, 57 MiB
2026/09/30 22:44:52.574, 76 %, 1350 MHz, 30.48 W, 78, 59 MiB
2026/09/30 22:44:53.579, 36 %, 1350 MHz, 16.74 W, 76, 55 MiB
2026/09/30 22:44:54.583, 44 %, 1350 MHz, 30.27 W, 80, 57 MiB
2026/09/30 22:44:55.591, 77 %, 1350 MHz, 31.42 W, 78, 59 MiB
2026/09/30 22:44:56.596, 31 %, 1350 MHz, 16.89 W, 77, 55 MiB
2026/09/30 22:44:57.601, 52 %, 1350 MHz, 29.15 W, 80, 57 MiB
2026/09/30 22:44:58.607, 72 %, 1350 MHz, 30.90 W, 78, 59 MiB
2026/09/30 22:44:59.613, 31 %, 1350 MHz, 16.92 W, 77, 55 MiB
2026/09/30 22:45:00.617, 57 %, 1350 MHz, 31.24 W, 80, 59 MiB
2026/09/30 22:45:01.623, 65 %, 1350 MHz, 30.92 W, 77, 59 MiB
2026/09/30 22:45:02.629, 30 %, 1350 MHz, 17.04 W, 78, 55 MiB
2026/09/30 22:45:03.635, 65 %, 1350 MHz, 31.23 W, 80, 59 MiB
2026/09/30 22:45:04.641, 54 %, 1350 MHz, 16.68 W, 76, 59 MiB
2026/09/30 22:45:05.646, 30 %, 1350 MHz, 17.24 W, 80, 55 MiB
2026/09/30 22:45:06.650, 76 %, 1350 MHz, 31.90 W, 80, 59 MiB
2026/09/30 22:45:07.654, 50 %, 1350 MHz, 16.76 W, 76, 55 MiB
2026/09/30 22:45:08.661, 30 %, 1350 MHz, 24.21 W, 81, 55 MiB
2026/09/30 22:45:09.671, 80 %, 1350 MHz, 30.79 W, 80, 59 MiB
2026/09/30 22:45:10.678, 39 %, 1350 MHz, 16.82 W, 77, 55 MiB
2026/09/30 22:45:11.685, 41 %, 1350 MHz, 30.18 W, 80, 57 MiB
2026/09/30 22:45:12.693, 75 %, 1350 MHz, 29.23 W, 78, 59 MiB
2026/09/30 22:45:13.702, 26 %, 1350 MHz, 16.97 W, 78, 55 MiB
2026/09/30 22:45:14.707, 59 %, 1350 MHz, 31.56 W, 80, 59 MiB
2026/09/30 22:45:15.711, 61 %, 1350 MHz, 27.21 W, 76, 59 MiB
2026/09/30 22:45:16.718, 69 %, 1350 MHz, 17.26 W, 80, 55 MiB
2026/09/30 22:45:17.725, 39 %, 1350 MHz, 30.99 W, 79, 59 MiB
2026/09/30 22:45:18.731, 41 %, 1350 MHz, 16.81 W, 77, 55 MiB
2026/09/30 22:45:19.738, 0 %, 1350 MHz, 16.48 W, 75, 0 MiB
2026/09/30 22:45:20.746, 0 %, 360 MHz, 3.08 W, 71, 0 MiB
2026/09/30 22:45:21.757, 0 %, 360 MHz, 2.98 W, 69, 0 MiB
2026/09/30 22:45:22.769, 0 %, 300 MHz, 2.94 W, 68, 0 MiB
2026/09/30 22:45:23.778, 0 %, 300 MHz, 4.18 W, 68, 9 MiB
2026/09/30 22:45:24.786, 58 %, 1455 MHz, 49.09 W, 79, 57 MiB
2026/09/30 22:45:25.794, 32 %, 1350 MHz, 30.35 W, 74, 59 MiB
2026/09/30 22:45:26.798, 65 %, 1350 MHz, 16.75 W, 78, 55 MiB
2026/09/30 22:45:27.811, 45 %, 1350 MHz, 30.99 W, 78, 59 MiB
2026/09/30 22:45:28.818, 35 %, 1350 MHz, 16.39 W, 75, 55 MiB
2026/09/30 22:45:29.823, 80 %, 1350 MHz, 27.01 W, 79, 55 MiB
2026/09/30 22:45:30.828, 39 %, 1350 MHz, 31.05 W, 78, 59 MiB
2026/09/30 22:45:31.833, 41 %, 1350 MHz, 16.55 W, 76, 55 MiB
2026/09/30 22:45:32.837, 76 %, 1350 MHz, 30.67 W, 79, 55 MiB
2026/09/30 22:45:33.843, 27 %, 1350 MHz, 30.55 W, 76, 59 MiB
2026/09/30 22:45:34.849, 58 %, 1350 MHz, 16.71 W, 78, 55 MiB
2026/09/30 22:45:35.856, 56 %, 1350 MHz, 31.67 W, 79, 59 MiB
2026/09/30 22:45:36.861, 29 %, 1350 MHz, 31.00 W, 76, 59 MiB
2026/09/30 22:45:37.866, 74 %, 1350 MHz, 16.91 W, 80, 55 MiB
2026/09/30 22:45:38.873, 47 %, 1350 MHz, 31.51 W, 79, 59 MiB
2026/09/30 22:45:39.879, 33 %, 1350 MHz, 22.81 W, 76, 59 MiB
2026/09/30 22:45:40.883, 80 %, 1350 MHz, 17.03 W, 80, 55 MiB
2026/09/30 22:45:41.887, 46 %, 1350 MHz, 31.69 W, 79, 59 MiB
2026/09/30 22:45:42.891, 34 %, 1350 MHz, 24.40 W, 77, 59 MiB
2026/09/30 22:45:43.895, 80 %, 1350 MHz, 17.00 W, 81, 55 MiB
2026/09/30 22:45:44.898, 48 %, 1350 MHz, 31.47 W, 79, 59 MiB
2026/09/30 22:45:45.903, 32 %, 1350 MHz, 25.23 W, 77, 59 MiB
2026/09/30 22:45:46.909, 80 %, 1350 MHz, 17.05 W, 80, 55 MiB
2026/09/30 22:45:47.916, 41 %, 1350 MHz, 31.81 W, 78, 59 MiB
2026/09/30 22:45:48.920, 39 %, 1350 MHz, 16.66 W, 77, 55 MiB
2026/09/30 22:45:49.926, 80 %, 1350 MHz, 23.57 W, 80, 55 MiB
2026/09/30 22:45:50.931, 29 %, 1350 MHz, 31.17 W, 77, 59 MiB
2026/09/30 22:45:51.937, 51 %, 1350 MHz, 16.76 W, 78, 55 MiB
2026/09/30 22:45:52.941, 0 %, 1350 MHz, 16.43 W, 75, 0 MiB
2026/09/30 22:45:53.946, 0 %, 360 MHz, 3.18 W, 72, 0 MiB
2026/09/30 22:45:54.951, 15 %, 1515 MHz, 38.03 W, 69, 59 MiB
2026/09/30 22:45:55.955, 63 %, 1350 MHz, 16.56 W, 79, 55 MiB
2026/09/30 22:45:56.959, 68 %, 1350 MHz, 31.79 W, 79, 57 MiB
2026/09/30 22:45:57.962, 36 %, 1350 MHz, 31.94 W, 75, 59 MiB
2026/09/30 22:45:58.965, 56 %, 1350 MHz, 16.66 W, 78, 55 MiB
2026/09/30 22:45:59.968, 73 %, 1350 MHz, 31.69 W, 80, 55 MiB
2026/09/30 22:46:00.972, 35 %, 1350 MHz, 31.86 W, 76, 59 MiB
2026/09/30 22:46:01.975, 52 %, 1350 MHz, 16.69 W, 76, 55 MiB
2026/09/30 22:46:02.980, 78 %, 1350 MHz, 24.95 W, 79, 55 MiB
2026/09/30 22:46:03.984, 35 %, 1350 MHz, 31.89 W, 80, 59 MiB
2026/09/30 22:46:04.988, 46 %, 1350 MHz, 16.73 W, 76, 55 MiB
2026/09/30 22:46:05.992, 80 %, 1350 MHz, 17.25 W, 78, 55 MiB
2026/09/30 22:46:06.998, 38 %, 1350 MHz, 31.97 W, 80, 59 MiB
2026/09/30 22:46:08.003, 42 %, 1350 MHz, 16.68 W, 77, 59 MiB
2026/09/30 22:46:09.007, 80 %, 1350 MHz, 17.26 W, 78, 55 MiB
2026/09/30 22:46:10.013, 33 %, 1350 MHz, 31.15 W, 80, 59 MiB
2026/09/30 22:46:11.019, 47 %, 1350 MHz, 16.75 W, 76, 55 MiB
2026/09/30 22:46:12.025, 75 %, 1350 MHz, 30.12 W, 80, 55 MiB
2026/09/30 22:46:13.033, 31 %, 1350 MHz, 31.35 W, 80, 59 MiB
2026/09/30 22:46:14.040, 54 %, 1350 MHz, 16.83 W, 76, 55 MiB
2026/09/30 22:46:15.046, 66 %, 1350 MHz, 30.99 W, 81, 57 MiB
2026/09/30 22:46:16.053, 21 %, 1350 MHz, 26.80 W, 78, 59 MiB
2026/09/30 22:46:17.061, 72 %, 1350 MHz, 17.06 W, 78, 55 MiB
2026/09/30 22:46:18.070, 39 %, 1350 MHz, 31.71 W, 80, 59 MiB
2026/09/30 22:46:19.078, 41 %, 1350 MHz, 16.74 W, 76, 55 MiB
2026/09/30 22:46:20.087, 76 %, 1350 MHz, 28.06 W, 79, 55 MiB
2026/09/30 22:46:21.094, 30 %, 1350 MHz, 31.61 W, 80, 59 MiB
2026/09/30 22:46:22.098, 54 %, 1350 MHz, 16.83 W, 77, 55 MiB
2026/09/30 22:46:23.102, 0 %, 1350 MHz, 16.47 W, 75, 0 MiB
2026/09/30 22:46:24.108, 0 %, 360 MHz, 3.18 W, 71, 0 MiB
2026/09/30 22:46:25.117, 0 %, 300 MHz, 4.09 W, 69, 0 MiB
2026/09/30 22:46:26.127, 11 %, 1755 MHz, 30.26 W, 77, 59 MiB
2026/09/30 22:46:27.135, 66 %, 1350 MHz, 16.61 W, 75, 55 MiB
2026/09/30 22:46:28.142, 54 %, 1350 MHz, 30.86 W, 79, 57 MiB
2026/09/30 22:46:29.151, 26 %, 1350 MHz, 26.25 W, 77, 59 MiB
2026/09/30 22:46:30.157, 80 %, 1350 MHz, 16.90 W, 76, 55 MiB
2026/09/30 22:46:31.163, 45 %, 1350 MHz, 31.66 W, 80, 59 MiB
2026/09/30 22:46:32.167, 35 %, 1350 MHz, 23.63 W, 78, 59 MiB
2026/09/30 22:46:33.172, 80 %, 1350 MHz, 16.98 W, 77, 55 MiB
2026/09/30 22:46:34.176, 48 %, 1350 MHz, 31.89 W, 80, 57 MiB
2026/09/30 22:46:35.180, 35 %, 1350 MHz, 30.76 W, 79, 59 MiB
2026/09/30 22:46:36.184, 77 %, 1350 MHz, 16.95 W, 77, 55 MiB
2026/09/30 22:46:37.189, 51 %, 1350 MHz, 32.16 W, 81, 57 MiB
2026/09/30 22:46:38.193, 34 %, 1350 MHz, 31.63 W, 79, 59 MiB
2026/09/30 22:46:39.197, 75 %, 1350 MHz, 16.95 W, 77, 55 MiB
2026/09/30 22:46:40.202, 55 %, 1350 MHz, 32.03 W, 81, 57 MiB
2026/09/30 22:46:41.207, 34 %, 1350 MHz, 31.74 W, 79, 59 MiB
2026/09/30 22:46:42.212, 71 %, 1350 MHz, 16.84 W, 77, 55 MiB
2026/09/30 22:46:43.217, 58 %, 1350 MHz, 31.83 W, 81, 57 MiB
2026/09/30 22:46:44.221, 34 %, 1350 MHz, 31.97 W, 80, 59 MiB
2026/09/30 22:46:45.227, 68 %, 1350 MHz, 16.83 W, 77, 55 MiB
2026/09/30 22:46:46.235, 60 %, 1350 MHz, 31.93 W, 81, 57 MiB
2026/09/30 22:46:47.240, 33 %, 1350 MHz, 31.91 W, 80, 59 MiB
2026/09/30 22:46:48.326, 67 %, 1350 MHz, 16.85 W, 77, 55 MiB
2026/09/30 22:46:49.387, 62 %, 1350 MHz, 31.50 W, 81, 57 MiB
2026/09/30 22:46:50.392, 30 %, 1350 MHz, 31.93 W, 80, 59 MiB
2026/09/30 22:46:51.396, 68 %, 1350 MHz, 16.84 W, 77, 55 MiB
2026/09/30 22:46:52.401, 62 %, 1350 MHz, 32.06 W, 81, 57 MiB
2026/09/30 22:46:53.407, 18 %, 1350 MHz, 16.61 W, 76, 0 MiB
2026/09/30 22:46:54.412, 0 %, 405 MHz, 4.47 W, 73, 0 MiB
2026/09/30 22:46:55.420, 0 %, 360 MHz, 3.83 W, 70, 9 MiB
2026/09/30 22:46:56.430, 62 %, 1350 MHz, 31.38 W, 79, 57 MiB
2026/09/30 22:46:57.438, 34 %, 1350 MHz, 31.68 W, 79, 59 MiB
2026/09/30 22:46:58.442, 65 %, 1350 MHz, 16.61 W, 75, 55 MiB
2026/09/30 22:46:59.449, 65 %, 1350 MHz, 29.24 W, 78, 55 MiB
2026/09/30 22:47:00.454, 36 %, 1350 MHz, 31.96 W, 80, 59 MiB
2026/09/30 22:47:01.458, 59 %, 1350 MHz, 19.05 W, 77, 59 MiB
2026/09/30 22:47:02.462, 71 %, 1350 MHz, 17.05 W, 78, 55 MiB
2026/09/30 22:47:03.466, 36 %, 1350 MHz, 32.00 W, 81, 59 MiB
2026/09/30 22:47:04.471, 53 %, 1350 MHz, 29.25 W, 78, 59 MiB
2026/09/30 22:47:05.475, 77 %, 1350 MHz, 17.00 W, 77, 55 MiB
2026/09/30 22:47:06.482, 35 %, 1350 MHz, 32.41 W, 81, 55 MiB
2026/09/30 22:47:07.487, 48 %, 1350 MHz, 31.80 W, 79, 59 MiB
2026/09/30 22:47:08.491, 80 %, 1350 MHz, 16.98 W, 77, 55 MiB
2026/09/30 22:47:09.496, 38 %, 1350 MHz, 31.55 W, 81, 57 MiB
2026/09/30 22:47:10.500, 42 %, 1350 MHz, 31.84 W, 80, 59 MiB
2026/09/30 22:47:11.506, 80 %, 1350 MHz, 16.95 W, 77, 55 MiB
2026/09/30 22:47:12.511, 44 %, 1350 MHz, 32.12 W, 81, 57 MiB
2026/09/30 22:47:13.517, 36 %, 1350 MHz, 31.86 W, 80, 59 MiB
2026/09/30 22:47:14.522, 80 %, 1350 MHz, 16.82 W, 77, 55 MiB
2026/09/30 22:47:15.526, 50 %, 1350 MHz, 23.97 W, 80, 55 MiB
2026/09/30 22:47:16.531, 35 %, 1350 MHz, 32.34 W, 81, 59 MiB
2026/09/30 22:47:17.535, 75 %, 1350 MHz, 16.82 W, 76, 55 MiB
2026/09/30 22:47:18.539, 55 %, 1350 MHz, 17.30 W, 79, 55 MiB
2026/09/30 22:47:19.543, 34 %, 1350 MHz, 32.34 W, 81, 59 MiB
2026/09/30 22:47:20.550, 70 %, 1350 MHz, 17.37 W, 77, 59 MiB
2026/09/30 22:47:21.555, 60 %, 1350 MHz, 17.21 W, 78, 55 MiB
2026/09/30 22:47:22.559, 20 %, 1350 MHz, 16.59 W, 75, 0 MiB
2026/09/30 22:47:23.562, 0 %, 1350 MHz, 31.34 W, 78, 59 MiB
2026/09/30 22:47:24.569, 78 %, 1350 MHz, 16.86 W, 77, 55 MiB
2026/09/30 22:47:25.572, 35 %, 1350 MHz, 31.36 W, 81, 57 MiB
2026/09/30 22:47:26.577, 48 %, 1350 MHz, 31.74 W, 79, 59 MiB
2026/09/30 22:47:27.581, 80 %, 1350 MHz, 16.87 W, 77, 55 MiB
2026/09/30 22:47:28.584, 36 %, 1350 MHz, 32.03 W, 81, 57 MiB
2026/09/30 22:47:29.590, 44 %, 1350 MHz, 31.94 W, 80, 59 MiB
2026/09/30 22:47:30.593, 80 %, 1350 MHz, 16.86 W, 77, 55 MiB
2026/09/30 22:47:31.597, 41 %, 1350 MHz, 32.07 W, 81, 57 MiB
2026/09/30 22:47:32.601, 39 %, 1350 MHz, 32.12 W, 80, 59 MiB
2026/09/30 22:47:33.606, 80 %, 1350 MHz, 16.90 W, 77, 55 MiB
2026/09/30 22:47:34.609, 47 %, 1350 MHz, 28.53 W, 81, 55 MiB
2026/09/30 22:47:35.614, 35 %, 1350 MHz, 32.15 W, 80, 59 MiB
2026/09/30 22:47:36.617, 78 %, 1350 MHz, 16.81 W, 77, 55 MiB
2026/09/30 22:47:37.634, 53 %, 1350 MHz, 17.66 W, 80, 55 MiB
2026/09/30 22:47:38.646, 35 %, 1350 MHz, 32.29 W, 81, 59 MiB
2026/09/30 22:47:39.649, 72 %, 1350 MHz, 16.83 W, 77, 59 MiB
2026/09/30 22:47:40.653, 58 %, 1350 MHz, 17.30 W, 80, 55 MiB
2026/09/30 22:47:41.657, 35 %, 1350 MHz, 32.15 W, 81, 59 MiB
2026/09/30 22:47:42.660, 67 %, 1350 MHz, 23.05 W, 77, 59 MiB
2026/09/30 22:47:43.663, 63 %, 1350 MHz, 17.19 W, 79, 55 MiB
2026/09/30 22:47:44.669, 34 %, 1350 MHz, 32.33 W, 81, 59 MiB
2026/09/30 22:47:45.672, 63 %, 1350 MHz, 31.53 W, 77, 59 MiB
2026/09/30 22:47:46.678, 69 %, 1350 MHz, 17.11 W, 79, 55 MiB
2026/09/30 22:47:47.683, 36 %, 1350 MHz, 32.44 W, 81, 57 MiB
2026/09/30 22:47:48.691, 55 %, 1350 MHz, 31.75 W, 79, 59 MiB
2026/09/30 22:47:49.694, 75 %, 1350 MHz, 17.03 W, 79, 55 MiB
2026/09/30 22:47:50.700, 5 %, 1350 MHz, 16.61 W, 76, 0 MiB
2026/09/30 22:47:51.704, 4 %, 1350 MHz, 31.33 W, 79, 59 MiB
2026/09/30 22:47:52.708, 77 %, 1350 MHz, 16.77 W, 77, 55 MiB
2026/09/30 22:47:53.712, 51 %, 1350 MHz, 22.03 W, 81, 55 MiB
2026/09/30 22:47:54.719, 35 %, 1350 MHz, 32.35 W, 80, 59 MiB
2026/09/30 22:47:55.722, 75 %, 1350 MHz, 16.78 W, 77, 59 MiB
2026/09/30 22:47:56.726, 57 %, 1350 MHz, 17.30 W, 81, 55 MiB
2026/09/30 22:47:57.735, 36 %, 1350 MHz, 32.23 W, 81, 59 MiB
2026/09/30 22:47:58.738, 67 %, 1350 MHz, 25.76 W, 77, 59 MiB
2026/09/30 22:47:59.741, 64 %, 1350 MHz, 17.17 W, 80, 55 MiB
2026/09/30 22:48:00.745, 35 %, 1350 MHz, 32.33 W, 81, 59 MiB
2026/09/30 22:48:01.748, 61 %, 1350 MHz, 31.66 W, 77, 59 MiB
2026/09/30 22:48:02.752, 69 %, 1350 MHz, 17.12 W, 80, 55 MiB
2026/09/30 22:48:03.757, 35 %, 1350 MHz, 32.57 W, 81, 57 MiB
2026/09/30 22:48:04.760, 55 %, 1350 MHz, 31.98 W, 77, 59 MiB
2026/09/30 22:48:05.763, 76 %, 1350 MHz, 17.06 W, 79, 55 MiB
2026/09/30 22:48:06.767, 36 %, 1350 MHz, 31.84 W, 82, 57 MiB
2026/09/30 22:48:07.770, 48 %, 1350 MHz, 32.18 W, 79, 59 MiB
2026/09/30 22:48:08.773, 80 %, 1350 MHz, 17.00 W, 79, 55 MiB
2026/09/30 22:48:09.777, 39 %, 1350 MHz, 32.40 W, 82, 57 MiB
2026/09/30 22:48:10.780, 41 %, 1350 MHz, 32.43 W, 80, 59 MiB
2026/09/30 22:48:11.783, 80 %, 1350 MHz, 16.97 W, 79, 55 MiB
2026/09/30 22:48:12.788, 46 %, 1350 MHz, 27.98 W, 82, 55 MiB
2026/09/30 22:48:13.791, 35 %, 1350 MHz, 32.26 W, 80, 59 MiB
2026/09/30 22:48:14.794, 79 %, 1350 MHz, 16.94 W, 78, 55 MiB
2026/09/30 22:48:15.800, 53 %, 1350 MHz, 17.71 W, 82, 55 MiB
2026/09/30 22:48:16.805, 35 %, 1350 MHz, 32.60 W, 81, 59 MiB
2026/09/30 22:48:17.808, 72 %, 1350 MHz, 16.93 W, 78, 0 MiB
2026/09/30 22:48:18.811, 0 %, 1350 MHz, 16.69 W, 76, 0 MiB
2026/09/30 22:48:19.815, 23 %, 1350 MHz, 32.38 W, 80, 59 MiB
2026/09/30 22:48:20.818, 59 %, 1350 MHz, 31.86 W, 77, 59 MiB
2026/09/30 22:48:21.822, 71 %, 1350 MHz, 17.08 W, 80, 55 MiB
2026/09/30 22:48:22.825, 36 %, 1350 MHz, 31.80 W, 81, 57 MiB
2026/09/30 22:48:23.829, 53 %, 1350 MHz, 32.06 W, 77, 59 MiB
2026/09/30 22:48:24.835, 78 %, 1350 MHz, 17.07 W, 80, 55 MiB
2026/09/30 22:48:25.843, 36 %, 1350 MHz, 32.44 W, 82, 57 MiB
2026/09/30 22:48:26.850, 45 %, 1350 MHz, 32.49 W, 78, 59 MiB
2026/09/30 22:48:27.855, 80 %, 1350 MHz, 17.01 W, 79, 55 MiB
2026/09/30 22:48:28.860, 43 %, 1350 MHz, 32.45 W, 82, 55 MiB
2026/09/30 22:48:29.863, 37 %, 1350 MHz, 32.26 W, 80, 59 MiB
2026/09/30 22:48:30.866, 80 %, 1350 MHz, 16.99 W, 79, 55 MiB
2026/09/30 22:48:31.869, 50 %, 1350 MHz, 20.88 W, 82, 55 MiB
2026/09/30 22:48:32.875, 36 %, 1350 MHz, 32.69 W, 80, 59 MiB
2026/09/30 22:48:33.878, 74 %, 1350 MHz, 16.95 W, 79, 59 MiB
2026/09/30 22:48:34.881, 58 %, 1350 MHz, 17.37 W, 82, 55 MiB
2026/09/30 22:48:35.884, 35 %, 1350 MHz, 32.50 W, 81, 59 MiB
2026/09/30 22:48:36.889, 67 %, 1350 MHz, 26.90 W, 78, 59 MiB
2026/09/30 22:48:37.892, 65 %, 1350 MHz, 17.26 W, 82, 55 MiB
2026/09/30 22:48:38.897, 36 %, 1350 MHz, 32.58 W, 81, 59 MiB
2026/09/30 22:48:39.900, 59 %, 1350 MHz, 32.22 W, 78, 59 MiB
2026/09/30 22:48:40.905, 72 %, 1350 MHz, 17.18 W, 83, 55 MiB
2026/09/30 22:48:41.908, 36 %, 1350 MHz, 32.65 W, 81, 57 MiB
2026/09/30 22:48:42.911, 51 %, 1350 MHz, 32.01 W, 78, 59 MiB
2026/09/30 22:48:43.914, 80 %, 1350 MHz, 17.19 W, 82, 55 MiB
2026/09/30 22:48:44.917, 36 %, 1350 MHz, 32.15 W, 82, 57 MiB
2026/09/30 22:48:45.920, 44 %, 1350 MHz, 16.90 W, 78, 0 MiB
2026/09/30 22:48:46.923, 0 %, 1350 MHz, 26.01 W, 76, 59 MiB
2026/09/30 22:48:47.926, 73 %, 1350 MHz, 17.20 W, 82, 55 MiB
2026/09/30 22:48:48.930, 35 %, 1350 MHz, 32.31 W, 81, 57 MiB
2026/09/30 22:48:49.937, 52 %, 1350 MHz, 32.01 W, 78, 59 MiB
2026/09/30 22:48:50.943, 78 %, 1350 MHz, 17.19 W, 82, 55 MiB
2026/09/30 22:48:51.948, 36 %, 1350 MHz, 32.58 W, 81, 57 MiB
2026/09/30 22:48:52.954, 46 %, 1350 MHz, 31.99 W, 78, 59 MiB
2026/09/30 22:48:53.960, 80 %, 1350 MHz, 17.12 W, 81, 55 MiB
2026/09/30 22:48:54.963, 42 %, 1350 MHz, 31.94 W, 82, 57 MiB
2026/09/30 22:48:55.970, 38 %, 1350 MHz, 32.57 W, 78, 59 MiB
2026/09/30 22:48:56.973, 80 %, 1350 MHz, 17.09 W, 80, 55 MiB
2026/09/30 22:48:57.977, 50 %, 1350 MHz, 32.45 W, 82, 55 MiB
2026/09/30 22:48:58.984, 35 %, 1350 MHz, 32.33 W, 78, 59 MiB
2026/09/30 22:48:59.987, 75 %, 1350 MHz, 17.07 W, 80, 55 MiB
2026/09/30 22:49:00.992, 56 %, 1350 MHz, 25.74 W, 82, 55 MiB
2026/09/30 22:49:01.997, 35 %, 1350 MHz, 32.45 W, 80, 59 MiB
2026/09/30 22:49:03.003, 68 %, 1350 MHz, 17.03 W, 80, 59 MiB
2026/09/30 22:49:04.007, 64 %, 1350 MHz, 17.49 W, 80, 55 MiB
2026/09/30 22:49:05.013, 36 %, 1350 MHz, 32.60 W, 82, 59 MiB
2026/09/30 22:49:06.018, 60 %, 1350 MHz, 22.60 W, 80, 59 MiB
2026/09/30 22:49:07.022, 70 %, 1350 MHz, 17.38 W, 79, 55 MiB
2026/09/30 22:49:08.028, 36 %, 1350 MHz, 32.51 W, 82, 57 MiB
2026/09/30 22:49:09.032, 54 %, 1350 MHz, 32.16 W, 81, 59 MiB
2026/09/30 22:49:10.036, 77 %, 1350 MHz, 17.27 W, 79, 55 MiB
2026/09/30 22:49:11.042, 36 %, 1350 MHz, 32.99 W, 83, 57 MiB
2026/09/30 22:49:12.046, 47 %, 1350 MHz, 32.18 W, 81, 59 MiB
2026/09/30 22:49:13.050, 80 %, 1350 MHz, 17.17 W, 78, 55 MiB
2026/09/30 22:49:14.055, 0 %, 1350 MHz, 16.77 W, 77, 0 MiB
2026/09/30 22:49:15.060, 26 %, 1350 MHz, 32.20 W, 82, 59 MiB
2026/09/30 22:49:16.064, 55 %, 1350 MHz, 27.82 W, 80, 59 MiB
2026/09/30 22:49:17.068, 74 %, 1350 MHz, 17.23 W, 78, 55 MiB
2026/09/30 22:49:18.072, 35 %, 1350 MHz, 32.67 W, 82, 57 MiB
2026/09/30 22:49:19.076, 50 %, 1350 MHz, 32.12 W, 81, 59 MiB
2026/09/30 22:49:20.080, 80 %, 1350 MHz, 17.17 W, 79, 55 MiB
2026/09/30 22:49:21.085, 36 %, 1350 MHz, 32.22 W, 83, 57 MiB
2026/09/30 22:49:22.091, 43 %, 1350 MHz, 31.92 W, 81, 59 MiB
2026/09/30 22:49:23.095, 80 %, 1350 MHz, 17.16 W, 78, 55 MiB
2026/09/30 22:49:24.101, 43 %, 1350 MHz, 31.91 W, 83, 57 MiB
2026/09/30 22:49:25.107, 37 %, 1350 MHz, 32.51 W, 82, 59 MiB
2026/09/30 22:49:26.111, 80 %, 1350 MHz, 17.08 W, 78, 55 MiB
2026/09/30 22:49:27.115, 50 %, 1350 MHz, 32.49 W, 81, 55 MiB
2026/09/30 22:49:28.122, 36 %, 1350 MHz, 32.44 W, 82, 59 MiB
2026/09/30 22:49:29.127, 74 %, 1350 MHz, 17.08 W, 78, 55 MiB
2026/09/30 22:49:30.133, 58 %, 1350 MHz, 22.86 W, 80, 55 MiB
2026/09/30 22:49:31.141, 35 %, 1350 MHz, 32.62 W, 82, 59 MiB
2026/09/30 22:49:32.146, 67 %, 1350 MHz, 17.03 W, 79, 59 MiB
2026/09/30 22:49:33.152, 64 %, 1350 MHz, 17.48 W, 80, 55 MiB
2026/09/30 22:49:34.158, 36 %, 1350 MHz, 32.49 W, 83, 59 MiB
2026/09/30 22:49:35.165, 59 %, 1350 MHz, 25.64 W, 81, 59 MiB
2026/09/30 22:49:36.171, 73 %, 1350 MHz, 17.34 W, 79, 55 MiB
2026/09/30 22:49:37.176, 37 %, 1350 MHz, 32.90 W, 83, 57 MiB
2026/09/30 22:49:38.184, 50 %, 1350 MHz, 32.34 W, 82, 59 MiB
2026/09/30 22:49:39.188, 80 %, 1350 MHz, 17.27 W, 79, 55 MiB
2026/09/30 22:49:40.194, 38 %, 1350 MHz, 32.05 W, 83, 57 MiB
2026/09/30 22:49:41.198, 42 %, 1350 MHz, 16.96 W, 77, 0 MiB
2026/09/30 22:49:42.202, 0 %, 1350 MHz, 31.83 W, 80, 59 MiB
2026/09/30 22:49:43.207, 79 %, 1350 MHz, 17.18 W, 78, 55 MiB
2026/09/30 22:49:44.211, 35 %, 1350 MHz, 32.76 W, 83, 57 MiB
2026/09/30 22:49:45.216, 47 %, 1350 MHz, 32.28 W, 81, 59 MiB
2026/09/30 22:49:46.220, 80 %, 1350 MHz, 17.18 W, 79, 55 MiB
2026/09/30 22:49:47.227, 41 %, 1350 MHz, 32.04 W, 83, 57 MiB
2026/09/30 22:49:48.232, 39 %, 1350 MHz, 32.54 W, 82, 59 MiB
2026/09/30 22:49:49.237, 80 %, 1350 MHz, 17.14 W, 78, 55 MiB
2026/09/30 22:49:50.242, 47 %, 1350 MHz, 32.58 W, 82, 55 MiB
2026/09/30 22:49:51.250, 33 %, 1350 MHz, 32.48 W, 82, 59 MiB
2026/09/30 22:49:52.254, 80 %, 1350 MHz, 17.13 W, 78, 55 MiB
2026/09/30 22:49:53.259, 51 %, 1350 MHz, 32.03 W, 81, 55 MiB
2026/09/30 22:49:54.267, 36 %, 1350 MHz, 32.59 W, 83, 59 MiB
2026/09/30 22:49:55.272, 72 %, 1350 MHz, 17.14 W, 79, 59 MiB
2026/09/30 22:49:56.283, 60 %, 1350 MHz, 18.78 W, 80, 55 MiB
2026/09/30 22:49:57.290, 35 %, 1350 MHz, 32.86 W, 83, 59 MiB
2026/09/30 22:49:58.294, 65 %, 1350 MHz, 17.09 W, 81, 59 MiB
2026/09/30 22:49:59.298, 67 %, 1350 MHz, 17.49 W, 80, 55 MiB
2026/09/30 22:50:00.303, 36 %, 1350 MHz, 32.67 W, 83, 59 MiB
2026/09/30 22:50:01.307, 57 %, 1350 MHz, 29.92 W, 81, 59 MiB
2026/09/30 22:50:02.311, 75 %, 1350 MHz, 17.35 W, 80, 55 MiB
2026/09/30 22:50:03.317, 34 %, 1350 MHz, 33.02 W, 83, 57 MiB
2026/09/30 22:50:04.321, 51 %, 1350 MHz, 32.36 W, 82, 59 MiB
2026/09/30 22:50:05.325, 80 %, 1350 MHz, 17.32 W, 79, 55 MiB
2026/09/30 22:50:06.331, 37 %, 1350 MHz, 32.40 W, 84, 57 MiB
2026/09/30 22:50:07.335, 43 %, 1350 MHz, 32.53 W, 83, 59 MiB
2026/09/30 22:50:08.340, 80 %, 1350 MHz, 17.23 W, 79, 55 MiB
2026/09/30 22:50:09.344, 0 %, 1350 MHz, 16.92 W, 77, 0 MiB
2026/09/30 22:50:10.349, 28 %, 1350 MHz, 32.68 W, 83, 57 MiB
2026/09/30 22:50:11.354, 52 %, 1350 MHz, 32.04 W, 81, 59 MiB
2026/09/30 22:50:12.358, 77 %, 1350 MHz, 17.30 W, 79, 55 MiB
2026/09/30 22:50:13.362, 36 %, 1350 MHz, 32.36 W, 83, 57 MiB
2026/09/30 22:50:14.367, 47 %, 1350 MHz, 32.33 W, 82, 59 MiB
2026/09/30 22:50:15.374, 80 %, 1350 MHz, 17.25 W, 79, 55 MiB
2026/09/30 22:50:16.379, 41 %, 1350 MHz, 32.23 W, 84, 57 MiB
2026/09/30 22:50:17.384, 39 %, 1350 MHz, 32.62 W, 83, 59 MiB
2026/09/30 22:50:18.387, 80 %, 1350 MHz, 17.23 W, 79, 55 MiB
2026/09/30 22:50:19.393, 50 %, 1350 MHz, 32.72 W, 82, 55 MiB
2026/09/30 22:50:20.397, 36 %, 1350 MHz, 32.68 W, 83, 59 MiB
2026/09/30 22:50:21.400, 74 %, 1350 MHz, 17.14 W, 79, 59 MiB
2026/09/30 22:50:22.404, 58 %, 1350 MHz, 21.35 W, 81, 55 MiB
2026/09/30 22:50:23.410, 35 %, 1350 MHz, 32.86 W, 84, 59 MiB
2026/09/30 22:50:24.413, 66 %, 1350 MHz, 31.46 W, 81, 59 MiB
2026/09/30 22:50:25.417, 66 %, 1350 MHz, 17.38 W, 80, 55 MiB
2026/09/30 22:50:26.423, 36 %, 1350 MHz, 33.11 W, 84, 59 MiB
2026/09/30 22:50:27.427, 58 %, 1350 MHz, 32.35 W, 82, 59 MiB
2026/09/30 22:50:28.431, 75 %, 1350 MHz, 17.29 W, 80, 55 MiB
2026/09/30 22:50:29.434, 36 %, 1350 MHz, 32.23 W, 84, 57 MiB
2026/09/30 22:50:30.438, 49 %, 1350 MHz, 32.77 W, 83, 59 MiB
2026/09/30 22:50:31.441, 80 %, 1350 MHz, 17.24 W, 79, 55 MiB
2026/09/30 22:50:32.445, 39 %, 1350 MHz, 32.75 W, 84, 57 MiB
2026/09/30 22:50:33.449, 41 %, 1350 MHz, 32.54 W, 83, 59 MiB
2026/09/30 22:50:34.454, 80 %, 1350 MHz, 17.20 W, 79, 55 MiB
2026/09/30 22:50:35.458, 47 %, 1350 MHz, 22.95 W, 82, 55 MiB
2026/09/30 22:50:36.464, 33 %, 1350 MHz, 17.01 W, 78, 0 MiB
2026/09/30 22:50:37.469, 0 %, 1350 MHz, 32.31 W, 82, 59 MiB
2026/09/30 22:50:38.473, 81 %, 1350 MHz, 17.12 W, 79, 55 MiB
2026/09/30 22:50:39.478, 44 %, 1350 MHz, 27.93 W, 82, 55 MiB
2026/09/30 22:50:40.482, 36 %, 1350 MHz, 32.71 W, 83, 59 MiB
2026/09/30 22:50:41.486, 80 %, 1350 MHz, 17.14 W, 79, 55 MiB
2026/09/30 22:50:42.491, 51 %, 1350 MHz, 17.72 W, 82, 55 MiB
2026/09/30 22:50:43.496, 36 %, 1350 MHz, 32.94 W, 83, 59 MiB
2026/09/30 22:50:44.500, 73 %, 1350 MHz, 20.92 W, 80, 59 MiB
2026/09/30 22:50:45.505, 59 %, 1350 MHz, 17.52 W, 81, 55 MiB
2026/09/30 22:50:46.511, 36 %, 1350 MHz, 32.85 W, 84, 59 MiB
2026/09/30 22:50:47.515, 65 %, 1350 MHz, 32.17 W, 82, 59 MiB
2026/09/30 22:50:48.519, 67 %, 1350 MHz, 17.39 W, 81, 55 MiB
2026/09/30 22:50:49.523, 36 %, 1350 MHz, 32.58 W, 84, 57 MiB
2026/09/30 22:50:50.527, 57 %, 1350 MHz, 32.29 W, 82, 59 MiB
2026/09/30 22:50:51.532, 73 %, 1350 MHz, 17.37 W, 80, 55 MiB
2026/09/30 22:50:52.536, 35 %, 1350 MHz, 32.08 W, 84, 57 MiB
2026/09/30 22:50:53.540, 51 %, 1350 MHz, 32.26 W, 83, 59 MiB
2026/09/30 22:50:54.545, 78 %, 1350 MHz, 17.32 W, 80, 55 MiB
2026/09/30 22:50:55.550, 34 %, 1350 MHz, 31.68 W, 84, 57 MiB
2026/09/30 22:50:56.555, 49 %, 1350 MHz, 32.07 W, 83, 59 MiB
2026/09/30 22:50:57.564, 77 %, 1350 MHz, 17.31 W, 80, 55 MiB
2026/09/30 22:50:58.571, 34 %, 1350 MHz, 31.61 W, 84, 57 MiB
2026/09/30 22:50:59.577, 49 %, 1350 MHz, 31.85 W, 83, 59 MiB
2026/09/30 22:51:00.583, 73 %, 1350 MHz, 17.32 W, 80, 55 MiB
2026/09/30 22:51:01.589, 31 %, 1350 MHz, 31.65 W, 84, 57 MiB
2026/09/30 22:51:02.595, 56 %, 1350 MHz, 31.98 W, 82, 59 MiB
2026/09/30 22:51:03.600, 71 %, 1350 MHz, 17.40 W, 80, 55 MiB
2026/09/30 22:51:04.605, 9 %, 1350 MHz, 17.00 W, 78, 0 MiB
2026/09/30 22:51:05.657, 0 %, 360 MHz, 3.24 W, 74, 0 MiB
2026/09/30 22:51:06.663, 0 %, 360 MHz, 3.94 W, 72, 9 MiB
2026/09/30 22:51:07.669, 30 %, 1350 MHz, 30.70 W, 81, 57 MiB
2026/09/30 22:51:08.678, 52 %, 1350 MHz, 31.60 W, 81, 59 MiB
2026/09/30 22:51:09.682, 75 %, 1350 MHz, 17.08 W, 78, 55 MiB
2026/09/30 22:51:10.685, 34 %, 1350 MHz, 31.38 W, 83, 57 MiB
2026/09/30 22:51:11.689, 51 %, 1350 MHz, 31.90 W, 81, 59 MiB
2026/09/30 22:51:12.692, 75 %, 1350 MHz, 17.18 W, 79, 55 MiB
2026/09/30 22:51:13.696, 34 %, 1350 MHz, 31.59 W, 82, 57 MiB
2026/09/30 22:51:14.702, 50 %, 1350 MHz, 31.95 W, 81, 59 MiB
2026/09/30 22:51:15.705, 66 %, 1350 MHz, 17.28 W, 80, 55 MiB
2026/09/30 22:51:16.709, 33 %, 1350 MHz, 32.57 W, 83, 57 MiB
2026/09/30 22:51:17.714, 60 %, 1350 MHz, 32.10 W, 81, 59 MiB
2026/09/30 22:51:18.718, 68 %, 1350 MHz, 17.30 W, 80, 55 MiB
2026/09/30 22:51:19.722, 34 %, 1350 MHz, 32.78 W, 83, 57 MiB
2026/09/30 22:51:20.726, 58 %, 1350 MHz, 32.09 W, 81, 59 MiB
2026/09/30 22:51:21.731, 70 %, 1350 MHz, 17.30 W, 80, 55 MiB
2026/09/30 22:51:22.736, 34 %, 1350 MHz, 31.79 W, 84, 57 MiB
2026/09/30 22:51:23.740, 55 %, 1350 MHz, 32.06 W, 81, 59 MiB
2026/09/30 22:51:24.743, 72 %, 1350 MHz, 17.31 W, 80, 55 MiB
2026/09/30 22:51:25.746, 35 %, 1350 MHz, 32.04 W, 83, 57 MiB
2026/09/30 22:51:26.749, 52 %, 1350 MHz, 32.28 W, 82, 59 MiB
2026/09/30 22:51:27.753, 77 %, 1350 MHz, 17.29 W, 80, 55 MiB
2026/09/30 22:51:28.756, 35 %, 1350 MHz, 32.31 W, 84, 57 MiB
2026/09/30 22:51:29.763, 47 %, 1350 MHz, 32.63 W, 82, 59 MiB
2026/09/30 22:51:30.770, 80 %, 1350 MHz, 17.26 W, 80, 55 MiB
2026/09/30 22:51:31.775, 35 %, 1350 MHz, 32.17 W, 84, 55 MiB
2026/09/30 22:51:32.779, 44 %, 1350 MHz, 32.46 W, 82, 59 MiB
2026/09/30 22:51:33.782, 80 %, 1350 MHz, 17.26 W, 80, 55 MiB
2026/09/30 22:51:34.786, 0 %, 1350 MHz, 16.96 W, 78, 0 MiB
2026/09/30 22:51:35.791, 0 %, 360 MHz, 3.42 W, 74, 0 MiB
2026/09/30 22:51:36.803, 10 %, 1350 MHz, 31.82 W, 80, 59 MiB
2026/09/30 22:51:37.807, 73 %, 1350 MHz, 16.88 W, 77, 59 MiB
2026/09/30 22:51:38.812, 53 %, 1350 MHz, 17.39 W, 82, 55 MiB
2026/09/30 22:51:39.816, 33 %, 1350 MHz, 32.35 W, 82, 59 MiB
2026/09/30 22:51:40.820, 74 %, 1350 MHz, 17.01 W, 78, 59 MiB
2026/09/30 22:51:41.825, 52 %, 1350 MHz, 17.53 W, 83, 55 MiB
2026/09/30 22:51:42.829, 33 %, 1350 MHz, 32.48 W, 82, 59 MiB
2026/09/30 22:51:43.833, 74 %, 1350 MHz, 17.03 W, 79, 59 MiB
2026/09/30 22:51:44.849, 53 %, 1350 MHz, 17.53 W, 83, 55 MiB
2026/09/30 22:51:45.856, 32 %, 1350 MHz, 32.48 W, 82, 59 MiB
2026/09/30 22:51:46.861, 75 %, 1350 MHz, 17.03 W, 79, 59 MiB
2026/09/30 22:51:47.865, 51 %, 1350 MHz, 17.57 W, 83, 55 MiB
2026/09/30 22:51:48.869, 33 %, 1350 MHz, 32.34 W, 82, 59 MiB
2026/09/30 22:51:49.874, 76 %, 1350 MHz, 17.08 W, 79, 59 MiB
2026/09/30 22:51:50.881, 50 %, 1350 MHz, 18.45 W, 83, 55 MiB
2026/09/30 22:51:51.887, 31 %, 1350 MHz, 32.15 W, 82, 59 MiB
2026/09/30 22:51:52.892, 79 %, 1350 MHz, 17.07 W, 79, 59 MiB
2026/09/30 22:51:53.896, 47 %, 1350 MHz, 20.70 W, 83, 55 MiB
2026/09/30 22:51:54.902, 33 %, 1350 MHz, 32.34 W, 82, 59 MiB
2026/09/30 22:51:55.907, 79 %, 1350 MHz, 17.08 W, 79, 59 MiB
2026/09/30 22:51:56.912, 46 %, 1350 MHz, 26.54 W, 83, 55 MiB
2026/09/30 22:51:57.919, 34 %, 1350 MHz, 31.44 W, 81, 59 MiB
2026/09/30 22:51:58.925, 80 %, 1350 MHz, 17.12 W, 79, 55 MiB
2026/09/30 22:51:59.931, 37 %, 1350 MHz, 31.77 W, 83, 55 MiB
2026/09/30 22:52:00.936, 43 %, 1350 MHz, 31.91 W, 80, 59 MiB
2026/09/30 22:52:01.942, 78 %, 1350 MHz, 17.16 W, 80, 55 MiB
2026/09/30 22:52:02.948, 30 %, 1350 MHz, 30.31 W, 82, 57 MiB
2026/09/30 22:52:03.959, 51 %, 1350 MHz, 16.96 W, 78, 0 MiB
2026/09/30 22:52:04.967, 0 %, 405 MHz, 7.80 W, 77, 0 MiB
2026/09/30 22:52:05.975, 0 %, 360 MHz, 3.17 W, 72, 0 MiB
2026/09/30 22:52:06.982, 0 %, 300 MHz, 3.18 W, 71, 0 MiB
2026/09/30 22:52:07.989, 2 %, 1350 MHz, 30.96 W, 75, 59 MiB
2026/09/30 22:52:08.994, 80 %, 1350 MHz, 16.55 W, 76, 59 MiB
2026/09/30 22:52:10.000, 44 %, 1350 MHz, 17.18 W, 80, 55 MiB
2026/09/30 22:52:11.005, 36 %, 1350 MHz, 32.13 W, 78, 59 MiB
2026/09/30 22:52:12.009, 80 %, 1350 MHz, 16.72 W, 78, 59 MiB
2026/09/30 22:52:13.013, 43 %, 1350 MHz, 17.30 W, 81, 55 MiB
2026/09/30 22:52:14.021, 37 %, 1350 MHz, 32.26 W, 79, 59 MiB
2026/09/30 22:52:15.025, 80 %, 1350 MHz, 16.83 W, 78, 59 MiB
2026/09/30 22:52:16.029, 44 %, 1350 MHz, 17.30 W, 81, 55 MiB
2026/09/30 22:52:17.033, 36 %, 1350 MHz, 31.86 W, 79, 59 MiB
2026/09/30 22:52:18.037, 80 %, 1350 MHz, 16.82 W, 78, 59 MiB
2026/09/30 22:52:19.041, 44 %, 1350 MHz, 17.32 W, 82, 55 MiB
2026/09/30 22:52:20.045, 36 %, 1350 MHz, 32.15 W, 79, 59 MiB
2026/09/30 22:52:21.048, 80 %, 1350 MHz, 20.22 W, 79, 59 MiB
2026/09/30 22:52:22.052, 47 %, 1350 MHz, 17.27 W, 82, 55 MiB
2026/09/30 22:52:23.056, 33 %, 1350 MHz, 32.14 W, 79, 59 MiB
2026/09/30 22:52:24.059, 80 %, 1350 MHz, 25.26 W, 79, 59 MiB
2026/09/30 22:52:25.062, 51 %, 1350 MHz, 17.20 W, 82, 55 MiB
2026/09/30 22:52:26.066, 35 %, 1350 MHz, 32.34 W, 80, 59 MiB
2026/09/30 22:52:27.069, 75 %, 1350 MHz, 31.91 W, 78, 59 MiB
2026/09/30 22:52:28.072, 57 %, 1350 MHz, 17.12 W, 78, 55 MiB
2026/09/30 22:52:29.077, 35 %, 1350 MHz, 32.04 W, 82, 59 MiB
2026/09/30 22:52:30.083, 69 %, 1350 MHz, 31.29 W, 80, 59 MiB
2026/09/30 22:52:31.088, 53 %, 1350 MHz, 17.19 W, 79, 55 MiB
2026/09/30 22:52:32.095, 33 %, 1350 MHz, 32.26 W, 82, 59 MiB
2026/09/30 22:52:33.099, 74 %, 1350 MHz, 31.73 W, 80, 59 MiB
2026/09/30 22:52:34.103, 54 %, 1350 MHz, 17.20 W, 79, 55 MiB
2026/09/30 22:52:35.107, 26 %, 1350 MHz, 16.72 W, 76, 0 MiB
2026/09/30 22:52:36.112, 0 %, 360 MHz, 3.20 W, 72, 0 MiB
2026/09/30 22:52:37.120, 0 %, 1350 MHz, 31.03 W, 76, 59 MiB
2026/09/30 22:52:38.126, 60 %, 1350 MHz, 16.79 W, 76, 55 MiB
2026/09/30 22:52:39.131, 33 %, 1350 MHz, 32.12 W, 80, 57 MiB
2026/09/30 22:52:40.135, 69 %, 1350 MHz, 31.58 W, 79, 59 MiB
2026/09/30 22:52:41.140, 61 %, 1350 MHz, 16.93 W, 77, 55 MiB
2026/09/30 22:52:42.146, 28 %, 1350 MHz, 29.00 W, 79, 59 MiB
2026/09/30 22:52:43.151, 71 %, 1350 MHz, 16.77 W, 76, 55 MiB
2026/09/30 22:52:44.160, 15 %, 1350 MHz, 30.64 W, 81, 57 MiB
2026/09/30 22:52:45.169, 65 %, 1350 MHz, 31.50 W, 79, 59 MiB
2026/09/30 22:52:46.176, 57 %, 1350 MHz, 17.02 W, 78, 55 MiB
2026/09/30 22:52:47.181, 33 %, 1350 MHz, 31.87 W, 81, 57 MiB
2026/09/30 22:52:48.188, 70 %, 1350 MHz, 29.60 W, 79, 59 MiB
2026/09/30 22:52:49.201, 51 %, 1350 MHz, 17.15 W, 78, 55 MiB
2026/09/30 22:52:50.208, 29 %, 1350 MHz, 30.31 W, 81, 59 MiB
2026/09/30 22:52:51.216, 80 %, 1350 MHz, 16.80 W, 77, 59 MiB
2026/09/30 22:52:52.224, 37 %, 1350 MHz, 25.02 W, 79, 55 MiB
2026/09/30 22:52:53.230, 43 %, 1350 MHz, 31.14 W, 81, 59 MiB
2026/09/30 22:52:54.238, 77 %, 1350 MHz, 16.88 W, 79, 55 MiB
2026/09/30 22:52:55.245, 32 %, 1350 MHz, 30.93 W, 80, 55 MiB
2026/09/30 22:52:56.255, 52 %, 1350 MHz, 31.77 W, 81, 59 MiB
2026/09/30 22:52:57.260, 71 %, 1350 MHz, 16.91 W, 77, 55 MiB
2026/09/30 22:52:58.266, 33 %, 1350 MHz, 31.35 W, 81, 55 MiB
2026/09/30 22:52:59.274, 56 %, 1350 MHz, 31.45 W, 80, 59 MiB
2026/09/30 22:53:00.281, 65 %, 1350 MHz, 17.00 W, 77, 55 MiB
2026/09/30 22:53:01.287, 31 %, 1350 MHz, 28.77 W, 81, 57 MiB
2026/09/30 22:53:02.296, 64 %, 1350 MHz, 30.99 W, 80, 59 MiB
2026/09/30 22:53:03.310, 51 %, 1350 MHz, 17.03 W, 78, 55 MiB
2026/09/30 22:53:04.316, 29 %, 1350 MHz, 31.56 W, 81, 59 MiB
2026/09/30 22:53:05.322, 79 %, 1350 MHz, 16.85 W, 76, 0 MiB
2026/09/30 22:53:06.384, 0 %, 405 MHz, 16.50 W, 75, 0 MiB
2026/09/30 22:53:07.391, 0 %, 360 MHz, 3.09 W, 70, 0 MiB
2026/09/30 22:53:08.400, 0 %, 1350 MHz, 30.26 W, 76, 59 MiB
2026/09/30 22:53:09.421, 52 %, 1350 MHz, 16.66 W, 75, 55 MiB
2026/09/30 22:53:10.430, 30 %, 1350 MHz, 30.93 W, 80, 59 MiB
2026/09/30 22:53:11.437, 80 %, 1350 MHz, 16.56 W, 77, 59 MiB
2026/09/30 22:53:12.445, 29 %, 1350 MHz, 23.37 W, 78, 55 MiB
2026/09/30 22:53:13.453, 51 %, 1350 MHz, 29.88 W, 80, 59 MiB
2026/09/30 22:53:14.464, 61 %, 1350 MHz, 16.73 W, 76, 55 MiB
2026/09/30 22:53:15.472, 20 %, 1350 MHz, 29.41 W, 80, 57 MiB
2026/09/30 22:53:16.480, 80 %, 1350 MHz, 31.03 W, 79, 59 MiB
2026/09/30 22:53:17.487, 37 %, 1350 MHz, 17.01 W, 77, 55 MiB
2026/09/30 22:53:18.497, 43 %, 1350 MHz, 26.19 W, 80, 59 MiB
2026/09/30 22:53:19.510, 67 %, 1350 MHz, 16.71 W, 76, 55 MiB
2026/09/30 22:53:20.519, 19 %, 1350 MHz, 29.14 W, 80, 57 MiB
2026/09/30 22:53:21.530, 75 %, 1350 MHz, 30.18 W, 78, 59 MiB
2026/09/30 22:53:22.540, 26 %, 1350 MHz, 17.25 W, 78, 55 MiB
2026/09/30 22:53:23.547, 54 %, 1350 MHz, 30.95 W, 80, 59 MiB
2026/09/30 22:53:24.553, 55 %, 1350 MHz, 16.82 W, 76, 55 MiB
2026/09/30 22:53:25.560, 29 %, 1350 MHz, 28.30 W, 80, 57 MiB
2026/09/30 22:53:26.572, 76 %, 1350 MHz, 30.79 W, 78, 59 MiB
2026/09/30 22:53:27.581, 30 %, 1350 MHz, 17.15 W, 78, 55 MiB
2026/09/30 22:53:28.591, 50 %, 1350 MHz, 30.54 W, 80, 59 MiB
2026/09/30 22:53:29.599, 57 %, 1350 MHz, 16.83 W, 76, 55 MiB
2026/09/30 22:53:30.608, 23 %, 1350 MHz, 30.17 W, 81, 57 MiB
2026/09/30 22:53:31.615, 80 %, 1350 MHz, 30.94 W, 79, 59 MiB
2026/09/30 22:53:32.622, 36 %, 1350 MHz, 16.92 W, 77, 55 MiB
2026/09/30 22:53:33.630, 44 %, 1350 MHz, 31.40 W, 80, 57 MiB
2026/09/30 22:53:34.637, 77 %, 1350 MHz, 30.89 W, 79, 59 MiB
2026/09/30 22:53:35.652, 31 %, 1350 MHz, 17.03 W, 78, 55 MiB
2026/09/30 22:53:36.662, 52 %, 1350 MHz, 30.84 W, 81, 59 MiB
2026/09/30 22:53:37.668, 66 %, 1350 MHz, 16.74 W, 76, 55 MiB
2026/09/30 22:53:38.679, 14 %, 1350 MHz, 16.51 W, 75, 0 MiB
2026/09/30 22:53:39.685, 0 %, 360 MHz, 3.25 W, 71, 0 MiB
2026/09/30 22:53:40.693, 0 %, 300 MHz, 3.02 W, 69, 0 MiB
2026/09/30 22:53:41.701, 0 %, 300 MHz, 3.07 W, 68, 0 MiB
2026/09/30 22:53:42.709, 0 %, 1350 MHz, 28.46 W, 73, 59 MiB
2026/09/30 22:53:43.717, 24 %, 1350 MHz, 20.35 W, 76, 55 MiB
2026/09/30 22:53:44.726, 59 %, 1350 MHz, 26.03 W, 76, 59 MiB
2026/09/30 22:53:45.734, 33 %, 1350 MHz, 16.63 W, 75, 55 MiB
2026/09/30 22:53:46.743, 47 %, 1350 MHz, 30.50 W, 77, 59 MiB
2026/09/30 22:53:47.749, 44 %, 1350 MHz, 16.54 W, 75, 55 MiB
2026/09/30 22:53:48.756, 36 %, 1350 MHz, 29.78 W, 79, 57 MiB
2026/09/30 22:53:49.764, 69 %, 1350 MHz, 16.38 W, 75, 59 MiB
2026/09/30 22:53:50.771, 18 %, 1350 MHz, 30.40 W, 79, 55 MiB
2026/09/30 22:53:51.776, 74 %, 1350 MHz, 31.09 W, 78, 59 MiB
2026/09/30 22:53:52.781, 40 %, 1350 MHz, 16.68 W, 76, 55 MiB
2026/09/30 22:53:53.786, 40 %, 1350 MHz, 30.23 W, 80, 57 MiB
2026/09/30 22:53:54.791, 77 %, 1350 MHz, 31.27 W, 77, 59 MiB
2026/09/30 22:53:55.795, 30 %, 1350 MHz, 16.86 W, 77, 55 MiB
2026/09/30 22:53:56.801, 53 %, 1350 MHz, 29.97 W, 79, 59 MiB
2026/09/30 22:53:57.809, 67 %, 1350 MHz, 21.69 W, 75, 59 MiB
2026/09/30 22:53:58.814, 30 %, 1350 MHz, 17.03 W, 79, 55 MiB
2026/09/30 22:53:59.818, 63 %, 1350 MHz, 31.46 W, 80, 59 MiB
2026/09/30 22:54:00.822, 63 %, 1350 MHz, 16.61 W, 76, 59 MiB
2026/09/30 22:54:01.827, 30 %, 1350 MHz, 19.32 W, 80, 55 MiB
2026/09/30 22:54:02.842, 67 %, 1350 MHz, 30.54 W, 79, 59 MiB
2026/09/30 22:54:03.852, 47 %, 1350 MHz, 16.65 W, 77, 55 MiB
2026/09/30 22:54:04.858, 33 %, 1350 MHz, 31.14 W, 80, 57 MiB
2026/09/30 22:54:05.863, 80 %, 1350 MHz, 31.41 W, 78, 59 MiB
2026/09/30 22:54:06.869, 32 %, 1350 MHz, 16.77 W, 78, 55 MiB
2026/09/30 22:54:07.873, 48 %, 1350 MHz, 30.69 W, 80, 57 MiB
2026/09/30 22:54:08.877, 76 %, 1350 MHz, 31.93 W, 76, 59 MiB
2026/09/30 22:54:09.880, 34 %, 1350 MHz, 16.83 W, 78, 55 MiB
2026/09/30 22:54:10.884, 50 %, 1350 MHz, 31.79 W, 81, 57 MiB
2026/09/30 22:54:11.888, 80 %, 1350 MHz, 16.56 W, 76, 0 MiB
2026/09/30 22:54:12.892, 0 %, 405 MHz, 5.82 W, 75, 0 MiB
2026/09/30 22:54:13.897, 0 %, 1440 MHz, 45.00 W, 74, 59 MiB
2026/09/30 22:54:14.906, 40 %, 1350 MHz, 16.61 W, 76, 55 MiB
2026/09/30 22:54:15.911, 39 %, 1350 MHz, 30.63 W, 80, 55 MiB
2026/09/30 22:54:16.917, 80 %, 1350 MHz, 31.43 W, 77, 59 MiB
2026/09/30 22:54:17.922, 34 %, 1350 MHz, 16.76 W, 78, 55 MiB
2026/09/30 22:54:18.929, 46 %, 1350 MHz, 30.36 W, 80, 57 MiB
2026/09/30 22:54:19.935, 75 %, 1350 MHz, 30.66 W, 76, 59 MiB
2026/09/30 22:54:20.951, 30 %, 1350 MHz, 16.87 W, 79, 55 MiB
2026/09/30 22:54:21.957, 54 %, 1350 MHz, 31.80 W, 80, 57 MiB
2026/09/30 22:54:22.962, 63 %, 1350 MHz, 30.98 W, 76, 59 MiB
2026/09/30 22:54:23.967, 31 %, 1350 MHz, 17.01 W, 81, 55 MiB
2026/09/30 22:54:24.973, 66 %, 1350 MHz, 31.43 W, 79, 59 MiB
2026/09/30 22:54:25.979, 51 %, 1350 MHz, 16.67 W, 77, 55 MiB
2026/09/30 22:54:26.985, 29 %, 1350 MHz, 28.28 W, 81, 55 MiB
2026/09/30 22:54:27.995, 29 %, 1350 MHz, 30.48 W, 77, 59 MiB
2026/09/30 22:54:29.002, 51 %, 1350 MHz, 16.87 W, 79, 55 MiB
2026/09/30 22:54:30.009, 61 %, 1350 MHz, 31.48 W, 80, 59 MiB
2026/09/30 22:54:31.016, 25 %, 1350 MHz, 19.64 W, 77, 59 MiB
2026/09/30 22:54:32.023, 74 %, 1350 MHz, 17.17 W, 81, 55 MiB
2026/09/30 22:54:33.029, 45 %, 1350 MHz, 31.50 W, 78, 59 MiB
2026/09/30 22:54:34.037, 35 %, 1350 MHz, 16.75 W, 78, 55 MiB
2026/09/30 22:54:35.042, 75 %, 1350 MHz, 29.66 W, 80, 57 MiB
2026/09/30 22:54:36.050, 23 %, 1350 MHz, 30.91 W, 76, 59 MiB
2026/09/30 22:54:37.058, 63 %, 1350 MHz, 17.00 W, 80, 55 MiB
2026/09/30 22:54:38.063, 54 %, 1350 MHz, 31.18 W, 79, 59 MiB
2026/09/30 22:54:39.067, 28 %, 1350 MHz, 16.69 W, 77, 59 MiB
2026/09/30 22:54:40.071, 78 %, 1350 MHz, 17.26 W, 81, 55 MiB
2026/09/30 22:54:41.075, 48 %, 1350 MHz, 32.19 W, 81, 59 MiB
2026/09/30 22:54:42.080, 32 %, 1350 MHz, 16.72 W, 76, 0 MiB
2026/09/30 22:54:43.085, 0 %, 1350 MHz, 16.49 W, 75, 0 MiB
2026/09/30 22:54:44.092, 33 %, 1350 MHz, 30.05 W, 78, 59 MiB
2026/09/30 22:54:45.167, 48 %, 1350 MHz, 16.60 W, 75, 55 MiB
2026/09/30 22:54:46.172, 78 %, 1350 MHz, 25.98 W, 78, 55 MiB
2026/09/30 22:54:47.176, 34 %, 1350 MHz, 31.68 W, 80, 59 MiB
2026/09/30 22:54:48.181, 47 %, 1350 MHz, 16.73 W, 76, 55 MiB
2026/09/30 22:54:49.185, 80 %, 1350 MHz, 19.85 W, 78, 55 MiB
2026/09/30 22:54:50.189, 38 %, 1350 MHz, 32.25 W, 80, 59 MiB
2026/09/30 22:54:51.193, 42 %, 1350 MHz, 16.71 W, 78, 59 MiB
2026/09/30 22:54:52.197, 80 %, 1350 MHz, 17.22 W, 78, 55 MiB
2026/09/30 22:54:53.202, 38 %, 1350 MHz, 31.63 W, 80, 59 MiB
2026/09/30 22:54:54.208, 42 %, 1350 MHz, 16.74 W, 76, 55 MiB
2026/09/30 22:54:55.214, 80 %, 1350 MHz, 22.89 W, 79, 55 MiB
2026/09/30 22:54:56.219, 34 %, 1350 MHz, 31.97 W, 81, 59 MiB
2026/09/30 22:54:57.224, 46 %, 1350 MHz, 16.78 W, 77, 59 MiB
2026/09/30 22:54:58.230, 80 %, 1350 MHz, 19.73 W, 79, 55 MiB
2026/09/30 22:54:59.238, 36 %, 1350 MHz, 31.91 W, 81, 59 MiB
2026/09/30 22:55:00.243, 44 %, 1350 MHz, 16.79 W, 77, 59 MiB
2026/09/30 22:55:01.247, 79 %, 1350 MHz, 24.14 W, 79, 55 MiB
2026/09/30 22:55:02.253, 30 %, 1350 MHz, 31.04 W, 80, 59 MiB
2026/09/30 22:55:03.264, 50 %, 1350 MHz, 16.86 W, 76, 55 MiB
2026/09/30 22:55:04.271, 68 %, 1350 MHz, 30.63 W, 80, 55 MiB
2026/09/30 22:55:05.282, 30 %, 1350 MHz, 31.58 W, 80, 59 MiB
2026/09/30 22:55:06.287, 62 %, 1350 MHz, 16.83 W, 77, 55 MiB
2026/09/30 22:55:07.292, 62 %, 1350 MHz, 31.75 W, 81, 57 MiB
2026/09/30 22:55:08.299, 32 %, 1350 MHz, 32.05 W, 80, 59 MiB
2026/09/30 22:55:09.304, 66 %, 1350 MHz, 16.89 W, 77, 55 MiB
2026/09/30 22:55:10.309, 59 %, 1350 MHz, 31.50 W, 81, 57 MiB
2026/09/30 22:55:11.314, 21 %, 1350 MHz, 16.65 W, 76, 0 MiB
2026/09/30 22:55:12.318, 0 %, 405 MHz, 5.54 W, 73, 0 MiB
2026/09/30 22:55:13.324, 0 %, 360 MHz, 3.08 W, 70, 0 MiB
2026/09/30 22:55:14.331, 19 %, 1425 MHz, 41.37 W, 78, 59 MiB
2026/09/30 22:55:15.336, 60 %, 1350 MHz, 16.49 W, 75, 55 MiB
2026/09/30 22:55:16.340, 67 %, 1350 MHz, 28.16 W, 79, 55 MiB
2026/09/30 22:55:17.345, 34 %, 1350 MHz, 31.31 W, 79, 59 MiB
2026/09/30 22:55:18.351, 59 %, 1350 MHz, 16.66 W, 76, 55 MiB
2026/09/30 22:55:19.356, 66 %, 1350 MHz, 29.68 W, 79, 55 MiB
2026/09/30 22:55:20.361, 34 %, 1350 MHz, 31.25 W, 80, 59 MiB
2026/09/30 22:55:21.367, 60 %, 1350 MHz, 16.73 W, 76, 55 MiB
2026/09/30 22:55:22.372, 65 %, 1350 MHz, 30.83 W, 80, 55 MiB
2026/09/30 22:55:23.378, 34 %, 1350 MHz, 31.77 W, 80, 59 MiB
2026/09/30 22:55:24.384, 61 %, 1350 MHz, 16.75 W, 76, 55 MiB
2026/09/30 22:55:25.389, 67 %, 1350 MHz, 27.86 W, 79, 55 MiB
2026/09/30 22:55:26.394, 34 %, 1350 MHz, 31.75 W, 80, 59 MiB
2026/09/30 22:55:27.399, 59 %, 1350 MHz, 16.73 W, 76, 55 MiB
2026/09/30 22:55:28.454, 70 %, 1350 MHz, 24.04 W, 79, 55 MiB
2026/09/30 22:55:29.559, 31 %, 1350 MHz, 31.50 W, 80, 59 MiB
2026/09/30 22:55:30.595, 59 %, 1350 MHz, 16.76 W, 76, 55 MiB
2026/09/30 22:55:31.601, 64 %, 1350 MHz, 31.79 W, 80, 55 MiB
2026/09/30 22:55:32.606, 35 %, 1350 MHz, 31.81 W, 80, 59 MiB
2026/09/30 22:55:33.610, 62 %, 1350 MHz, 16.80 W, 76, 55 MiB
2026/09/30 22:55:34.618, 66 %, 1350 MHz, 29.30 W, 80, 55 MiB
2026/09/30 22:55:35.623, 33 %, 1350 MHz, 31.69 W, 80, 59 MiB
2026/09/30 22:55:36.628, 60 %, 1350 MHz, 16.77 W, 77, 55 MiB
2026/09/30 22:55:37.633, 68 %, 1350 MHz, 26.07 W, 79, 55 MiB
2026/09/30 22:55:38.638, 35 %, 1350 MHz, 31.90 W, 81, 59 MiB
2026/09/30 22:55:39.642, 57 %, 1350 MHz, 16.75 W, 76, 55 MiB
2026/09/30 22:55:40.647, 70 %, 1350 MHz, 23.77 W, 79, 55 MiB
2026/09/30 22:55:41.652, 10 %, 1350 MHz, 16.58 W, 76, 0 MiB
2026/09/30 22:55:42.659, 0 %, 360 MHz, 6.63 W, 72, 0 MiB
2026/09/30 22:55:43.666, 17 %, 1350 MHz, 35.88 W, 78, 59 MiB
2026/09/30 22:55:44.673, 64 %, 1350 MHz, 16.57 W, 75, 55 MiB
2026/09/30 22:55:45.681, 63 %, 1350 MHz, 31.59 W, 79, 55 MiB
2026/09/30 22:55:46.685, 33 %, 1350 MHz, 31.18 W, 79, 59 MiB
2026/09/30 22:55:47.691, 64 %, 1350 MHz, 16.72 W, 76, 55 MiB
2026/09/30 22:55:48.698, 55 %, 1350 MHz, 29.81 W, 81, 57 MiB
2026/09/30 22:55:49.704, 29 %, 1350 MHz, 30.60 W, 79, 59 MiB
2026/09/30 22:55:50.714, 76 %, 1350 MHz, 16.91 W, 77, 55 MiB
2026/09/30 22:55:51.724, 36 %, 1350 MHz, 30.11 W, 80, 59 MiB
2026/09/30 22:55:52.737, 44 %, 1350 MHz, 16.63 W, 76, 55 MiB
2026/09/30 22:55:53.745, 58 %, 1350 MHz, 29.64 W, 80, 57 MiB
2026/09/30 22:55:54.756, 22 %, 1350 MHz, 23.64 W, 77, 59 MiB
2026/09/30 22:55:55.787, 71 %, 1350 MHz, 17.05 W, 78, 55 MiB
2026/09/30 22:55:56.797, 11 %, 1350 MHz, 24.09 W, 77, 59 MiB
2026/09/30 22:55:57.807, 74 %, 1350 MHz, 16.95 W, 77, 55 MiB
2026/09/30 22:55:58.818, 17 %, 1350 MHz, 31.01 W, 80, 59 MiB
2026/09/30 22:55:59.825, 67 %, 1350 MHz, 16.67 W, 76, 55 MiB
2026/09/30 22:56:00.833, 53 %, 1350 MHz, 30.44 W, 80, 55 MiB
2026/09/30 22:56:01.840, 28 %, 1350 MHz, 31.34 W, 80, 59 MiB
2026/09/30 22:56:02.849, 79 %, 1350 MHz, 16.81 W, 76, 55 MiB
2026/09/30 22:56:03.856, 42 %, 1350 MHz, 30.53 W, 80, 57 MiB
2026/09/30 22:56:04.861, 38 %, 1350 MHz, 30.48 W, 79, 59 MiB
2026/09/30 22:56:05.869, 76 %, 1350 MHz, 16.98 W, 77, 55 MiB
2026/09/30 22:56:06.879, 22 %, 1350 MHz, 28.57 W, 80, 59 MiB
2026/09/30 22:56:07.892, 62 %, 1350 MHz, 16.80 W, 76, 55 MiB
2026/09/30 22:56:08.901, 18 %, 1350 MHz, 31.03 W, 79, 59 MiB
2026/09/30 22:56:09.907, 62 %, 1350 MHz, 16.69 W, 76, 55 MiB
2026/09/30 22:56:10.915, 47 %, 1350 MHz, 29.18 W, 80, 57 MiB
2026/09/30 22:56:11.922, 33 %, 1350 MHz, 30.45 W, 79, 59 MiB
2026/09/30 22:56:12.931, 79 %, 1350 MHz, 16.80 W, 77, 55 MiB
2026/09/30 22:56:13.937, 1 %, 1350 MHz, 16.41 W, 75, 0 MiB
2026/09/30 22:56:14.944, 0 %, 360 MHz, 3.37 W, 71, 0 MiB
2026/09/30 22:56:15.954, 0 %, 300 MHz, 4.11 W, 69, 0 MiB
2026/09/30 22:56:16.963, 0 %, 300 MHz, 3.31 W, 68, 0 MiB
2026/09/30 22:56:17.975, 0 %, 300 MHz, 3.38 W, 68, 0 MiB
2026/09/30 22:56:18.983, 9 %, 1350 MHz, 32.70 W, 76, 59 MiB
2026/09/30 22:56:19.989, 69 %, 1455 MHz, 16.09 W, 73, 55 MiB
2026/09/30 22:56:20.999, 46 %, 1350 MHz, 29.83 W, 78, 55 MiB
2026/09/30 22:56:22.011, 33 %, 1350 MHz, 27.95 W, 76, 59 MiB
2026/09/30 22:56:23.019, 71 %, 1350 MHz, 16.56 W, 76, 55 MiB
2026/09/30 22:56:24.026, 22 %, 1350 MHz, 30.59 W, 78, 59 MiB
2026/09/30 22:56:25.032, 66 %, 1350 MHz, 16.34 W, 75, 55 MiB
2026/09/30 22:56:26.040, 49 %, 1350 MHz, 27.00 W, 79, 55 MiB
2026/09/30 22:56:27.044, 32 %, 1350 MHz, 30.53 W, 78, 59 MiB
2026/09/30 22:56:28.051, 80 %, 1350 MHz, 16.52 W, 75, 55 MiB
2026/09/30 22:56:29.060, 36 %, 1350 MHz, 29.63 W, 79, 57 MiB
2026/09/30 22:56:30.068, 44 %, 1350 MHz, 31.00 W, 76, 59 MiB
2026/09/30 22:56:31.072, 77 %, 1350 MHz, 16.66 W, 77, 55 MiB
2026/09/30 22:56:32.076, 34 %, 1350 MHz, 31.11 W, 80, 57 MiB
2026/09/30 22:56:33.082, 49 %, 1350 MHz, 31.26 W, 76, 59 MiB
2026/09/30 22:56:34.085, 80 %, 1350 MHz, 16.66 W, 77, 55 MiB
2026/09/30 22:56:35.089, 34 %, 1350 MHz, 30.56 W, 80, 57 MiB
2026/09/30 22:56:36.096, 47 %, 1350 MHz, 31.23 W, 76, 59 MiB
2026/09/30 22:56:37.100, 79 %, 1350 MHz, 16.70 W, 78, 55 MiB
2026/09/30 22:56:38.104, 34 %, 1350 MHz, 30.77 W, 80, 57 MiB
2026/09/30 22:56:39.108, 47 %, 1350 MHz, 29.75 W, 77, 59 MiB
2026/09/30 22:56:40.116, 74 %, 1350 MHz, 16.81 W, 78, 55 MiB
2026/09/30 22:56:41.121, 28 %, 1350 MHz, 31.43 W, 80, 57 MiB
2026/09/30 22:56:42.125, 58 %, 1350 MHz, 27.88 W, 76, 59 MiB
2026/09/30 22:56:43.132, 65 %, 1350 MHz, 16.87 W, 79, 55 MiB
2026/09/30 22:56:44.136, 32 %, 1350 MHz, 30.68 W, 81, 57 MiB
2026/09/30 22:56:45.141, 63 %, 1350 MHz, 31.26 W, 79, 59 MiB
2026/09/30 22:56:46.148, 65 %, 1350 MHz, 16.79 W, 76, 55 MiB
2026/09/30 22:56:47.155, 15 %, 1350 MHz, 16.41 W, 75, 0 MiB
2026/09/30 22:56:48.163, 0 %, 1350 MHz, 30.15 W, 76, 59 MiB
2026/09/30 22:56:49.172, 49 %, 1350 MHz, 16.80 W, 76, 55 MiB
2026/09/30 22:56:50.178, 32 %, 1350 MHz, 31.59 W, 79, 57 MiB
2026/09/30 22:56:51.261, 80 %, 1350 MHz, 28.49 W, 78, 59 MiB
2026/09/30 22:56:52.267, 37 %, 1350 MHz, 16.90 W, 77, 55 MiB
2026/09/30 22:56:53.272, 43 %, 1350 MHz, 31.61 W, 80, 59 MiB
2026/09/30 22:56:54.277, 80 %, 1350 MHz, 24.32 W, 78, 59 MiB
2026/09/30 22:56:55.283, 35 %, 1350 MHz, 16.99 W, 77, 55 MiB
2026/09/30 22:56:56.290, 45 %, 1350 MHz, 31.66 W, 80, 59 MiB
2026/09/30 22:56:57.295, 80 %, 1350 MHz, 20.61 W, 78, 59 MiB
2026/09/30 22:56:58.301, 32 %, 1350 MHz, 17.10 W, 78, 55 MiB
2026/09/30 22:56:59.308, 49 %, 1350 MHz, 24.22 W, 79, 59 MiB
2026/09/30 22:57:00.320, 61 %, 1350 MHz, 16.70 W, 76, 55 MiB
2026/09/30 22:57:01.329, 20 %, 1350 MHz, 30.64 W, 80, 57 MiB
2026/09/30 22:57:02.337, 79 %, 1350 MHz, 31.26 W, 79, 59 MiB
2026/09/30 22:57:03.345, 42 %, 1350 MHz, 16.93 W, 77, 55 MiB
2026/09/30 22:57:04.350, 38 %, 1350 MHz, 30.90 W, 80, 57 MiB
2026/09/30 22:57:05.359, 80 %, 1350 MHz, 31.22 W, 78, 59 MiB
2026/09/30 22:57:06.367, 33 %, 1350 MHz, 16.97 W, 77, 55 MiB
2026/09/30 22:57:07.375, 46 %, 1350 MHz, 30.60 W, 80, 59 MiB
2026/09/30 22:57:08.387, 67 %, 1350 MHz, 16.67 W, 76, 55 MiB
2026/09/30 22:57:09.395, 27 %, 1350 MHz, 25.11 W, 79, 55 MiB
2026/09/30 22:57:10.401, 67 %, 1350 MHz, 31.19 W, 80, 59 MiB
2026/09/30 22:57:11.409, 54 %, 1350 MHz, 16.78 W, 76, 55 MiB
2026/09/30 22:57:12.418, 26 %, 1350 MHz, 31.73 W, 80, 57 MiB
2026/09/30 22:57:13.428, 80 %, 1350 MHz, 31.01 W, 79, 59 MiB
2026/09/30 22:57:14.436, 29 %, 1350 MHz, 17.03 W, 77, 55 MiB
2026/09/30 22:57:15.444, 51 %, 1350 MHz, 31.70 W, 81, 59 MiB
2026/09/30 22:57:16.449, 70 %, 1350 MHz, 16.70 W, 76, 0 MiB
2026/09/30 22:57:17.453, 10 %, 1350 MHz, 16.37 W, 75, 0 MiB
2026/09/30 22:57:18.459, 0 %, 1350 MHz, 30.08 W, 78, 59 MiB
2026/09/30 22:57:19.464, 57 %, 1350 MHz, 16.58 W, 75, 55 MiB
2026/09/30 22:57:20.469, 32 %, 1350 MHz, 27.21 W, 79, 57 MiB
2026/09/30 22:57:21.484, 76 %, 1350 MHz, 26.34 W, 77, 59 MiB
2026/09/30 22:57:22.499, 18 %, 1350 MHz, 20.17 W, 78, 55 MiB
2026/09/30 22:57:23.506, 61 %, 1350 MHz, 31.26 W, 79, 59 MiB
2026/09/30 22:57:24.513, 47 %, 1350 MHz, 16.73 W, 76, 55 MiB
2026/09/30 22:57:25.519, 33 %, 1350 MHz, 31.78 W, 81, 57 MiB
2026/09/30 22:57:26.523, 80 %, 1350 MHz, 31.97 W, 80, 59 MiB
2026/09/30 22:57:27.527, 48 %, 1350 MHz, 16.78 W, 76, 55 MiB
2026/09/30 22:57:28.531, 34 %, 1350 MHz, 30.51 W, 80, 55 MiB
2026/09/30 22:57:29.541, 78 %, 1350 MHz, 30.09 W, 79, 59 MiB
2026/09/30 22:57:30.550, 42 %, 1350 MHz, 16.86 W, 77, 55 MiB
2026/09/30 22:57:31.555, 38 %, 1350 MHz, 31.40 W, 81, 57 MiB
2026/09/30 22:57:32.560, 80 %, 1350 MHz, 31.33 W, 79, 59 MiB
2026/09/30 22:57:33.569, 39 %, 1350 MHz, 16.88 W, 77, 55 MiB
2026/09/30 22:57:34.574, 41 %, 1350 MHz, 31.46 W, 81, 57 MiB
2026/09/30 22:57:35.581, 80 %, 1350 MHz, 31.55 W, 79, 59 MiB
2026/09/30 22:57:36.591, 36 %, 1350 MHz, 16.89 W, 77, 55 MiB
2026/09/30 22:57:37.597, 44 %, 1350 MHz, 31.36 W, 81, 59 MiB
2026/09/30 22:57:38.605, 70 %, 1350 MHz, 29.02 W, 78, 59 MiB
2026/09/30 22:57:39.612, 28 %, 1350 MHz, 17.10 W, 78, 55 MiB
2026/09/30 22:57:40.623, 62 %, 1350 MHz, 29.15 W, 80, 59 MiB
2026/09/30 22:57:41.633, 48 %, 1350 MHz, 16.74 W, 76, 55 MiB
2026/09/30 22:57:42.641, 32 %, 1350 MHz, 31.23 W, 80, 57 MiB
2026/09/30 22:57:43.649, 69 %, 1350 MHz, 17.63 W, 77, 59 MiB
2026/09/30 22:57:44.661, 21 %, 1350 MHz, 17.22 W, 78, 55 MiB
2026/09/30 22:57:45.670, 69 %, 1350 MHz, 31.39 W, 80, 59 MiB
2026/09/30 22:57:46.676, 50 %, 1350 MHz, 16.72 W, 76, 55 MiB
2026/09/30 22:57:47.690, 30 %, 1350 MHz, 16.45 W, 75, 0 MiB
2026/09/30 22:57:48.702, 0 %, 360 MHz, 4.39 W, 71, 0 MiB
2026/09/30 22:57:49.711, 0 %, 360 MHz, 3.02 W, 69, 0 MiB
2026/09/30 22:57:50.723, 0 %, 300 MHz, 2.99 W, 68, 8 MiB
2026/09/30 22:57:51.739, 0 %, 1350 MHz, 15.73 W, 70, 17 MiB
2026/09/30 22:57:52.749, 3 %, 1350 MHz, 29.09 W, 77, 57 MiB
2026/09/30 22:57:53.758, 75 %, 1350 MHz, 30.33 W, 76, 59 MiB
2026/09/30 22:57:54.767, 55 %, 1350 MHz, 16.47 W, 75, 55 MiB
2026/09/30 22:57:55.773, 62 %, 1350 MHz, 31.28 W, 78, 59 MiB
2026/09/30 22:57:56.778, 26 %, 1350 MHz, 26.54 W, 76, 59 MiB
2026/09/30 22:57:57.784, 72 %, 1350 MHz, 16.95 W, 77, 55 MiB
2026/09/30 22:57:58.792, 36 %, 1350 MHz, 31.08 W, 78, 59 MiB
2026/09/30 22:57:59.797, 44 %, 1350 MHz, 16.52 W, 75, 55 MiB
2026/09/30 22:58:00.802, 68 %, 1350 MHz, 28.25 W, 79, 57 MiB
2026/09/30 22:58:01.809, 29 %, 1350 MHz, 30.87 W, 77, 59 MiB
2026/09/30 22:58:02.814, 63 %, 1350 MHz, 16.79 W, 77, 55 MiB
2026/09/30 22:58:03.820, 60 %, 1350 MHz, 31.08 W, 80, 59 MiB
2026/09/30 22:58:04.829, 29 %, 1350 MHz, 28.97 W, 75, 59 MiB
2026/09/30 22:58:05.835, 71 %, 1350 MHz, 22.91 W, 79, 55 MiB
2026/09/30 22:58:06.843, 18 %, 1350 MHz, 26.55 W, 77, 59 MiB
2026/09/30 22:58:07.851, 62 %, 1350 MHz, 16.80 W, 77, 55 MiB
2026/09/30 22:58:08.857, 48 %, 1350 MHz, 31.18 W, 79, 59 MiB
2026/09/30 22:58:09.864, 32 %, 1350 MHz, 16.54 W, 75, 59 MiB
2026/09/30 22:58:10.869, 80 %, 1350 MHz, 21.35 W, 80, 55 MiB
2026/09/30 22:58:11.875, 36 %, 1350 MHz, 30.48 W, 78, 59 MiB
2026/09/30 22:58:12.880, 44 %, 1350 MHz, 16.64 W, 76, 55 MiB
2026/09/30 22:58:13.885, 77 %, 1350 MHz, 31.19 W, 80, 55 MiB
2026/09/30 22:58:14.891, 30 %, 1350 MHz, 31.31 W, 78, 59 MiB
2026/09/30 22:58:15.896, 53 %, 1350 MHz, 16.70 W, 77, 55 MiB
2026/09/30 22:58:16.901, 70 %, 1350 MHz, 30.91 W, 80, 57 MiB
2026/09/30 22:58:17.905, 32 %, 1350 MHz, 31.22 W, 78, 59 MiB
2026/09/30 22:58:18.910, 57 %, 1350 MHz, 16.77 W, 77, 55 MiB
2026/09/30 22:58:19.916, 65 %, 1350 MHz, 30.08 W, 80, 57 MiB
2026/09/30 22:58:20.922, 15 %, 1350 MHz, 16.52 W, 76, 0 MiB
2026/09/30 22:58:21.928, 0 %, 405 MHz, 16.28 W, 74, 0 MiB
2026/09/30 22:58:22.936, 0 %, 360 MHz, 2.97 W, 70, 0 MiB
2026/09/30 22:58:23.943, 0 %, 300 MHz, 2.93 W, 69, 0 MiB
2026/09/30 22:58:24.949, 0 %, 300 MHz, 3.03 W, 68, 0 MiB
2026/09/30 22:58:25.956, 50 %, 1425 MHz, 35.38 W, 78, 59 MiB
2026/09/30 22:58:26.964, 35 %, 1350 MHz, 28.30 W, 74, 59 MiB
2026/09/30 22:58:27.968, 72 %, 1350 MHz, 16.64 W, 78, 55 MiB
2026/09/30 22:58:28.975, 56 %, 1350 MHz, 31.51 W, 78, 57 MiB
2026/09/30 22:58:29.979, 33 %, 1350 MHz, 29.30 W, 75, 59 MiB
2026/09/30 22:58:30.982, 71 %, 1350 MHz, 16.77 W, 78, 55 MiB
2026/09/30 22:58:31.986, 57 %, 1350 MHz, 31.67 W, 79, 57 MiB
2026/09/30 22:58:32.989, 35 %, 1350 MHz, 31.60 W, 75, 59 MiB
2026/09/30 22:58:33.992, 69 %, 1350 MHz, 16.84 W, 79, 55 MiB
2026/09/30 22:58:34.995, 62 %, 1350 MHz, 32.12 W, 80, 57 MiB
2026/09/30 22:58:35.999, 34 %, 1350 MHz, 31.64 W, 76, 59 MiB
2026/09/30 22:58:37.002, 64 %, 1350 MHz, 16.81 W, 78, 55 MiB
2026/09/30 22:58:38.005, 66 %, 1350 MHz, 31.51 W, 80, 57 MiB
2026/09/30 22:58:39.009, 35 %, 1350 MHz, 31.38 W, 76, 59 MiB
2026/09/30 22:58:40.012, 59 %, 1350 MHz, 16.78 W, 78, 55 MiB
2026/09/30 22:58:41.017, 70 %, 1350 MHz, 31.28 W, 80, 57 MiB
2026/09/30 22:58:42.021, 35 %, 1350 MHz, 32.03 W, 77, 59 MiB
2026/09/30 22:58:43.024, 54 %, 1350 MHz, 16.79 W, 78, 55 MiB
2026/09/30 22:58:44.027, 75 %, 1350 MHz, 31.86 W, 81, 55 MiB
2026/09/30 22:58:45.032, 35 %, 1350 MHz, 32.12 W, 78, 59 MiB
2026/09/30 22:58:46.036, 50 %, 1350 MHz, 16.80 W, 78, 55 MiB
2026/09/30 22:58:47.040, 80 %, 1350 MHz, 30.78 W, 81, 55 MiB
2026/09/30 22:58:48.043, 36 %, 1350 MHz, 31.92 W, 79, 59 MiB
2026/09/30 22:58:49.047, 43 %, 1350 MHz, 16.76 W, 78, 57 MiB
2026/09/30 22:58:50.077, 80 %, 1350 MHz, 17.23 W, 81, 55 MiB
2026/09/30 22:58:51.081, 40 %, 1350 MHz, 32.14 W, 79, 59 MiB
2026/09/30 22:58:52.083, 40 %, 1350 MHz, 16.81 W, 78, 0 MiB
2026/09/30 22:58:53.088, 0 %, 1350 MHz, 16.52 W, 75, 0 MiB
2026/09/30 22:58:54.092, 32 %, 1350 MHz, 31.33 W, 75, 59 MiB
2026/09/30 22:58:55.127, 50 %, 1350 MHz, 16.65 W, 77, 55 MiB
2026/09/30 22:58:56.132, 77 %, 1350 MHz, 21.29 W, 80, 55 MiB
2026/09/30 22:58:57.136, 35 %, 1350 MHz, 32.20 W, 77, 59 MiB
2026/09/30 22:58:58.139, 48 %, 1350 MHz, 16.75 W, 78, 59 MiB
2026/09/30 22:58:59.142, 80 %, 1350 MHz, 17.25 W, 81, 55 MiB
2026/09/30 22:59:00.146, 37 %, 1350 MHz, 32.24 W, 78, 59 MiB
2026/09/30 22:59:01.149, 43 %, 1350 MHz, 16.96 W, 78, 59 MiB
2026/09/30 22:59:02.152, 80 %, 1350 MHz, 17.23 W, 78, 55 MiB
2026/09/30 22:59:03.157, 41 %, 1350 MHz, 32.29 W, 82, 59 MiB
2026/09/30 22:59:04.161, 39 %, 1350 MHz, 26.34 W, 79, 59 MiB
2026/09/30 22:59:05.165, 80 %, 1350 MHz, 17.15 W, 78, 55 MiB
2026/09/30 22:59:06.170, 46 %, 1350 MHz, 32.29 W, 82, 59 MiB
2026/09/30 22:59:07.174, 35 %, 1350 MHz, 31.96 W, 80, 59 MiB
2026/09/30 22:59:08.177, 79 %, 1350 MHz, 17.11 W, 78, 55 MiB
2026/09/30 22:59:09.181, 51 %, 1350 MHz, 32.41 W, 82, 57 MiB
2026/09/30 22:59:10.186, 34 %, 1350 MHz, 31.85 W, 80, 59 MiB
2026/09/30 22:59:11.190, 74 %, 1350 MHz, 17.09 W, 78, 55 MiB
2026/09/30 22:59:12.194, 56 %, 1350 MHz, 31.85 W, 82, 57 MiB
2026/09/30 22:59:13.198, 35 %, 1350 MHz, 31.90 W, 81, 59 MiB
2026/09/30 22:59:14.203, 68 %, 1350 MHz, 17.08 W, 78, 55 MiB
2026/09/30 22:59:15.207, 62 %, 1350 MHz, 31.70 W, 82, 57 MiB
2026/09/30 22:59:16.211, 35 %, 1350 MHz, 32.36 W, 81, 59 MiB
2026/09/30 22:59:17.215, 63 %, 1350 MHz, 17.04 W, 78, 55 MiB
2026/09/30 22:59:18.221, 68 %, 1350 MHz, 32.14 W, 82, 55 MiB
2026/09/30 22:59:19.226, 35 %, 1350 MHz, 32.20 W, 82, 59 MiB
2026/09/30 22:59:20.230, 58 %, 1350 MHz, 17.00 W, 78, 55 MiB
2026/09/30 22:59:21.235, 0 %, 1350 MHz, 16.66 W, 76, 0 MiB
2026/09/30 22:59:22.240, 31 %, 1350 MHz, 31.69 W, 80, 59 MiB
2026/09/30 22:59:23.244, 50 %, 1350 MHz, 16.82 W, 77, 55 MiB
2026/09/30 22:59:24.250, 76 %, 1350 MHz, 21.85 W, 79, 55 MiB
2026/09/30 22:59:25.259, 35 %, 1350 MHz, 32.56 W, 81, 59 MiB
2026/09/30 22:59:26.263, 49 %, 1350 MHz, 16.91 W, 79, 59 MiB
2026/09/30 22:59:27.275, 80 %, 1350 MHz, 17.37 W, 79, 55 MiB
2026/09/30 22:59:28.281, 38 %, 1350 MHz, 32.44 W, 82, 59 MiB
2026/09/30 22:59:29.285, 42 %, 1350 MHz, 23.70 W, 80, 59 MiB
2026/09/30 22:59:30.289, 80 %, 1350 MHz, 17.27 W, 79, 55 MiB
2026/09/30 22:59:31.296, 44 %, 1350 MHz, 32.42 W, 83, 59 MiB
2026/09/30 22:59:32.301, 36 %, 1350 MHz, 31.92 W, 81, 59 MiB
2026/09/30 22:59:33.308, 80 %, 1350 MHz, 17.23 W, 79, 55 MiB
2026/09/30 22:59:34.314, 50 %, 1350 MHz, 32.60 W, 83, 57 MiB
2026/09/30 22:59:35.318, 34 %, 1350 MHz, 32.14 W, 81, 59 MiB
2026/09/30 22:59:36.322, 75 %, 1350 MHz, 17.16 W, 79, 55 MiB
2026/09/30 22:59:37.327, 55 %, 1350 MHz, 32.03 W, 83, 57 MiB
2026/09/30 22:59:38.333, 35 %, 1350 MHz, 31.96 W, 81, 59 MiB
2026/09/30 22:59:39.339, 69 %, 1350 MHz, 17.13 W, 78, 55 MiB
2026/09/30 22:59:40.343, 60 %, 1350 MHz, 31.82 W, 83, 57 MiB
2026/09/30 22:59:41.350, 35 %, 1350 MHz, 32.33 W, 82, 59 MiB
2026/09/30 22:59:42.354, 65 %, 1350 MHz, 17.08 W, 78, 55 MiB
2026/09/30 22:59:43.360, 65 %, 1350 MHz, 32.08 W, 83, 55 MiB
2026/09/30 22:59:44.365, 35 %, 1350 MHz, 32.50 W, 82, 59 MiB
2026/09/30 22:59:45.369, 60 %, 1350 MHz, 17.06 W, 78, 55 MiB
2026/09/30 22:59:46.375, 71 %, 1350 MHz, 29.70 W, 81, 55 MiB
2026/09/30 22:59:47.380, 36 %, 1350 MHz, 32.34 W, 82, 59 MiB
2026/09/30 22:59:48.384, 53 %, 1350 MHz, 17.02 W, 78, 55 MiB
2026/09/30 22:59:49.389, 0 %, 1350 MHz, 16.80 W, 77, 0 MiB
2026/09/30 22:59:50.394, 37 %, 1350 MHz, 31.98 W, 82, 59 MiB
2026/09/30 22:59:51.399, 45 %, 1350 MHz, 16.91 W, 78, 59 MiB
2026/09/30 22:59:52.405, 78 %, 1350 MHz, 17.68 W, 80, 55 MiB
2026/09/30 22:59:53.410, 34 %, 1350 MHz, 32.52 W, 82, 59 MiB
2026/09/30 22:59:54.415, 47 %, 1350 MHz, 17.01 W, 79, 59 MiB
2026/09/30 22:59:55.419, 80 %, 1350 MHz, 17.44 W, 80, 55 MiB
2026/09/30 22:59:56.424, 37 %, 1350 MHz, 32.37 W, 83, 59 MiB
2026/09/30 22:59:57.428, 43 %, 1350 MHz, 20.83 W, 80, 59 MiB
2026/09/30 22:59:58.433, 80 %, 1350 MHz, 17.39 W, 80, 55 MiB
2026/09/30 22:59:59.438, 43 %, 1350 MHz, 32.42 W, 83, 59 MiB
2026/09/30 23:00:00.442, 37 %, 1350 MHz, 28.19 W, 81, 59 MiB
2026/09/30 23:00:01.446, 80 %, 1350 MHz, 17.34 W, 80, 55 MiB
2026/09/30 23:00:02.451, 47 %, 1350 MHz, 32.81 W, 83, 57 MiB
2026/09/30 23:00:03.455, 35 %, 1350 MHz, 32.13 W, 81, 59 MiB
2026/09/30 23:00:04.460, 78 %, 1350 MHz, 17.26 W, 79, 55 MiB
2026/09/30 23:00:05.465, 52 %, 1350 MHz, 32.09 W, 83, 57 MiB
2026/09/30 23:00:06.469, 35 %, 1350 MHz, 32.20 W, 82, 59 MiB
2026/09/30 23:00:07.473, 72 %, 1350 MHz, 17.25 W, 79, 55 MiB
2026/09/30 23:00:08.477, 59 %, 1350 MHz, 31.77 W, 84, 57 MiB
2026/09/30 23:00:09.481, 34 %, 1350 MHz, 32.35 W, 82, 59 MiB
2026/09/30 23:00:10.486, 66 %, 1350 MHz, 17.22 W, 79, 55 MiB
2026/09/30 23:00:11.493, 64 %, 1350 MHz, 32.39 W, 83, 55 MiB
2026/09/30 23:00:12.500, 36 %, 1350 MHz, 32.49 W, 83, 59 MiB
2026/09/30 23:00:13.504, 59 %, 1350 MHz, 17.17 W, 79, 55 MiB
2026/09/30 23:00:14.508, 70 %, 1350 MHz, 30.90 W, 82, 55 MiB
2026/09/30 23:00:15.514, 35 %, 1350 MHz, 32.49 W, 83, 59 MiB
2026/09/30 23:00:16.518, 55 %, 1350 MHz, 17.16 W, 79, 55 MiB
2026/09/30 23:00:17.525, 0 %, 1350 MHz, 16.87 W, 77, 0 MiB
2026/09/30 23:00:18.530, 48 %, 1350 MHz, 32.40 W, 82, 57 MiB
2026/09/30 23:00:19.536, 33 %, 1350 MHz, 31.80 W, 81, 59 MiB
2026/09/30 23:00:20.541, 80 %, 1350 MHz, 17.30 W, 79, 55 MiB
2026/09/30 23:00:21.546, 49 %, 1350 MHz, 32.75 W, 83, 57 MiB
2026/09/30 23:00:22.553, 34 %, 1350 MHz, 32.06 W, 82, 59 MiB
2026/09/30 23:00:23.558, 77 %, 1350 MHz, 17.34 W, 80, 55 MiB
2026/09/30 23:00:24.566, 50 %, 1350 MHz, 32.88 W, 83, 57 MiB
2026/09/30 23:00:25.570, 35 %, 1350 MHz, 32.23 W, 82, 59 MiB
2026/09/30 23:00:26.574, 74 %, 1350 MHz, 17.30 W, 79, 55 MiB
2026/09/30 23:00:27.579, 57 %, 1350 MHz, 32.03 W, 84, 57 MiB
2026/09/30 23:00:28.584, 35 %, 1350 MHz, 32.32 W, 82, 59 MiB
2026/09/30 23:00:29.588, 68 %, 1350 MHz, 17.27 W, 79, 55 MiB
2026/09/30 23:00:30.594, 62 %, 1350 MHz, 32.60 W, 84, 57 MiB
2026/09/30 23:00:31.599, 35 %, 1350 MHz, 32.69 W, 83, 59 MiB
2026/09/30 23:00:32.603, 63 %, 1350 MHz, 17.26 W, 79, 55 MiB
2026/09/30 23:00:33.607, 65 %, 1350 MHz, 32.25 W, 83, 55 MiB
2026/09/30 23:00:34.616, 35 %, 1350 MHz, 32.63 W, 83, 59 MiB
2026/09/30 23:00:35.621, 60 %, 1350 MHz, 17.24 W, 79, 55 MiB
2026/09/30 23:00:36.625, 65 %, 1350 MHz, 32.51 W, 83, 55 MiB
2026/09/30 23:00:37.631, 35 %, 1350 MHz, 32.46 W, 83, 59 MiB
2026/09/30 23:00:38.635, 59 %, 1350 MHz, 17.22 W, 79, 55 MiB
2026/09/30 23:00:39.639, 70 %, 1350 MHz, 29.49 W, 82, 55 MiB
2026/09/30 23:00:40.645, 35 %, 1350 MHz, 32.68 W, 83, 59 MiB
2026/09/30 23:00:41.649, 54 %, 1350 MHz, 17.20 W, 79, 55 MiB
2026/09/30 23:00:42.654, 76 %, 1350 MHz, 21.13 W, 82, 55 MiB
2026/09/30 23:00:43.660, 35 %, 1350 MHz, 32.73 W, 84, 59 MiB
2026/09/30 23:00:44.666, 49 %, 1350 MHz, 17.23 W, 79, 0 MiB
2026/09/30 23:00:45.671, 0 %, 1350 MHz, 16.95 W, 78, 0 MiB
2026/09/30 23:00:46.676, 47 %, 1350 MHz, 32.19 W, 83, 59 MiB
2026/09/30 23:00:47.682, 40 %, 1350 MHz, 25.35 W, 81, 59 MiB
2026/09/30 23:00:48.686, 80 %, 1350 MHz, 17.44 W, 80, 55 MiB
2026/09/30 23:00:49.691, 42 %, 1350 MHz, 32.65 W, 84, 59 MiB
2026/09/30 23:00:50.695, 38 %, 1350 MHz, 30.34 W, 82, 59 MiB
2026/09/30 23:00:51.701, 80 %, 1350 MHz, 17.42 W, 80, 55 MiB
2026/09/30 23:00:52.705, 47 %, 1350 MHz, 32.57 W, 83, 57 MiB
2026/09/30 23:00:53.710, 33 %, 1350 MHz, 32.10 W, 82, 59 MiB
2026/09/30 23:00:54.714, 80 %, 1350 MHz, 17.43 W, 80, 55 MiB
2026/09/30 23:00:55.718, 49 %, 1350 MHz, 33.03 W, 84, 57 MiB
2026/09/30 23:00:56.722, 35 %, 1350 MHz, 32.48 W, 82, 59 MiB
2026/09/30 23:00:57.725, 76 %, 1350 MHz, 17.39 W, 80, 55 MiB
2026/09/30 23:00:58.728, 55 %, 1350 MHz, 32.15 W, 84, 57 MiB
2026/09/30 23:00:59.731, 35 %, 1350 MHz, 32.27 W, 83, 59 MiB
2026/09/30 23:01:00.734, 70 %, 1350 MHz, 17.35 W, 80, 55 MiB
2026/09/30 23:01:01.738, 60 %, 1350 MHz, 32.13 W, 84, 57 MiB
2026/09/30 23:01:02.744, 35 %, 1350 MHz, 32.71 W, 83, 59 MiB
2026/09/30 23:01:03.751, 65 %, 1350 MHz, 17.33 W, 80, 55 MiB
2026/09/30 23:01:04.756, 64 %, 1350 MHz, 32.28 W, 84, 55 MiB
2026/09/30 23:01:05.759, 35 %, 1350 MHz, 32.70 W, 83, 59 MiB
2026/09/30 23:01:06.762, 61 %, 1350 MHz, 17.31 W, 80, 55 MiB
2026/09/30 23:01:07.765, 70 %, 1350 MHz, 30.11 W, 83, 55 MiB
2026/09/30 23:01:08.768, 35 %, 1350 MHz, 32.50 W, 84, 59 MiB
2026/09/30 23:01:09.772, 54 %, 1350 MHz, 17.27 W, 80, 55 MiB
2026/09/30 23:01:10.776, 75 %, 1350 MHz, 22.27 W, 83, 55 MiB
2026/09/30 23:01:11.782, 36 %, 1350 MHz, 33.00 W, 84, 59 MiB
2026/09/30 23:01:12.788, 49 %, 1350 MHz, 17.26 W, 80, 0 MiB
2026/09/30 23:01:13.793, 0 %, 1350 MHz, 16.99 W, 78, 0 MiB
2026/09/30 23:01:14.799, 25 %, 1350 MHz, 31.98 W, 81, 59 MiB
2026/09/30 23:01:15.808, 56 %, 1350 MHz, 17.09 W, 79, 55 MiB
2026/09/30 23:01:16.813, 72 %, 1350 MHz, 25.72 W, 84, 55 MiB
2026/09/30 23:01:17.820, 36 %, 1350 MHz, 32.60 W, 83, 59 MiB
2026/09/30 23:01:18.823, 52 %, 1350 MHz, 17.18 W, 79, 55 MiB
2026/09/30 23:01:19.828, 78 %, 1350 MHz, 17.83 W, 83, 55 MiB
2026/09/30 23:01:20.835, 36 %, 1350 MHz, 32.91 W, 83, 59 MiB
2026/09/30 23:01:21.838, 46 %, 1350 MHz, 18.48 W, 79, 59 MiB
2026/09/30 23:01:22.842, 80 %, 1350 MHz, 17.63 W, 82, 55 MiB
2026/09/30 23:01:23.847, 38 %, 1350 MHz, 32.73 W, 84, 59 MiB
2026/09/30 23:01:24.851, 42 %, 1350 MHz, 26.00 W, 79, 59 MiB
2026/09/30 23:01:25.856, 80 %, 1350 MHz, 17.54 W, 82, 55 MiB
2026/09/30 23:01:26.861, 45 %, 1350 MHz, 33.02 W, 84, 59 MiB
2026/09/30 23:01:27.866, 35 %, 1350 MHz, 32.46 W, 80, 59 MiB
2026/09/30 23:01:28.872, 80 %, 1350 MHz, 17.47 W, 82, 55 MiB
2026/09/30 23:01:29.876, 51 %, 1350 MHz, 32.37 W, 84, 57 MiB
2026/09/30 23:01:30.883, 34 %, 1350 MHz, 32.38 W, 81, 59 MiB
2026/09/30 23:01:31.886, 75 %, 1350 MHz, 17.42 W, 81, 55 MiB
2026/09/30 23:01:32.891, 56 %, 1350 MHz, 32.33 W, 84, 57 MiB
2026/09/30 23:01:33.898, 35 %, 1350 MHz, 32.44 W, 82, 59 MiB
2026/09/30 23:01:34.903, 69 %, 1350 MHz, 17.38 W, 81, 55 MiB
2026/09/30 23:01:35.907, 61 %, 1350 MHz, 32.75 W, 84, 57 MiB
2026/09/30 23:01:36.911, 35 %, 1350 MHz, 32.88 W, 82, 59 MiB
2026/09/30 23:01:37.918, 64 %, 1350 MHz, 17.34 W, 81, 55 MiB
2026/09/30 23:01:38.921, 66 %, 1350 MHz, 32.53 W, 84, 55 MiB
2026/09/30 23:01:39.929, 35 %, 1350 MHz, 32.72 W, 83, 59 MiB
2026/09/30 23:01:40.932, 59 %, 1350 MHz, 17.31 W, 81, 55 MiB
2026/09/30 23:01:41.936, 0 %, 1350 MHz, 17.03 W, 78, 0 MiB
2026/09/30 23:01:42.941, 15 %, 1350 MHz, 32.18 W, 79, 59 MiB
2026/09/30 23:01:43.948, 66 %, 1350 MHz, 17.19 W, 80, 55 MiB
2026/09/30 23:01:44.955, 58 %, 1350 MHz, 32.00 W, 84, 57 MiB
2026/09/30 23:01:45.960, 34 %, 1350 MHz, 32.50 W, 81, 59 MiB
2026/09/30 23:01:46.966, 68 %, 1350 MHz, 17.29 W, 81, 55 MiB
2026/09/30 23:01:47.969, 63 %, 1350 MHz, 32.65 W, 84, 55 MiB
2026/09/30 23:01:48.977, 35 %, 1350 MHz, 32.68 W, 82, 59 MiB
2026/09/30 23:01:49.981, 62 %, 1350 MHz, 17.31 W, 81, 55 MiB
2026/09/30 23:01:50.984, 67 %, 1350 MHz, 32.41 W, 84, 55 MiB
2026/09/30 23:01:51.988, 35 %, 1350 MHz, 32.84 W, 82, 59 MiB
2026/09/30 23:01:52.991, 60 %, 1350 MHz, 15.96 W, 80, 55 MiB
2026/09/30 23:01:53.994, 68 %, 1230 MHz, 28.27 W, 83, 57 MiB
2026/09/30 23:01:54.997, 30 %, 1230 MHz, 28.40 W, 80, 59 MiB
2026/09/30 23:01:56.000, 76 %, 1350 MHz, 15.97 W, 81, 55 MiB
2026/09/30 23:01:57.003, 48 %, 1230 MHz, 28.41 W, 82, 59 MiB
2026/09/30 23:01:58.006, 39 %, 1245 MHz, 22.73 W, 79, 59 MiB
2026/09/30 23:01:59.010, 81 %, 1350 MHz, 17.51 W, 84, 55 MiB
2026/09/30 23:02:00.014, 38 %, 1350 MHz, 32.74 W, 83, 59 MiB
2026/09/30 23:02:01.019, 42 %, 1350 MHz, 25.55 W, 80, 59 MiB
2026/09/30 23:02:02.024, 80 %, 1350 MHz, 17.57 W, 84, 55 MiB
2026/09/30 23:02:03.028, 43 %, 1350 MHz, 32.81 W, 83, 59 MiB
2026/09/30 23:02:04.032, 37 %, 1350 MHz, 32.37 W, 80, 59 MiB
2026/09/30 23:02:05.036, 80 %, 1350 MHz, 17.52 W, 85, 55 MiB
2026/09/30 23:02:06.041, 47 %, 1350 MHz, 33.12 W, 84, 57 MiB
2026/09/30 23:02:07.046, 35 %, 1350 MHz, 32.62 W, 80, 59 MiB
2026/09/30 23:02:08.049, 78 %, 1350 MHz, 17.45 W, 84, 55 MiB
2026/09/30 23:02:09.052, 53 %, 1350 MHz, 32.13 W, 84, 57 MiB
2026/09/30 23:02:10.057, 27 %, 1350 MHz, 17.13 W, 80, 0 MiB
2026/09/30 23:02:11.060, 0 %, 405 MHz, 13.06 W, 78, 0 MiB
2026/09/30 23:02:12.064, 21 %, 1350 MHz, 31.90 W, 77, 59 MiB
2026/09/30 23:02:13.070, 60 %, 1350 MHz, 17.11 W, 80, 55 MiB
2026/09/30 23:02:14.076, 66 %, 1350 MHz, 32.38 W, 83, 55 MiB
2026/09/30 23:02:15.081, 34 %, 1350 MHz, 32.52 W, 80, 59 MiB
2026/09/30 23:02:16.085, 60 %, 1350 MHz, 17.20 W, 81, 55 MiB
2026/09/30 23:02:17.088, 70 %, 1350 MHz, 27.80 W, 84, 55 MiB
2026/09/30 23:02:18.093, 35 %, 1350 MHz, 32.56 W, 81, 59 MiB
2026/09/30 23:02:19.097, 54 %, 1350 MHz, 17.24 W, 81, 55 MiB
2026/09/30 23:02:20.100, 75 %, 1350 MHz, 20.10 W, 84, 55 MiB
2026/09/30 23:02:21.104, 36 %, 1350 MHz, 33.03 W, 82, 59 MiB
2026/09/30 23:02:22.107, 49 %, 1350 MHz, 17.22 W, 81, 59 MiB
2026/09/30 23:02:23.113, 80 %, 1350 MHz, 17.77 W, 84, 55 MiB
2026/09/30 23:02:24.116, 35 %, 1350 MHz, 32.84 W, 82, 59 MiB
2026/09/30 23:02:25.119, 45 %, 1230 MHz, 18.46 W, 80, 59 MiB
2026/09/30 23:02:26.126, 84 %, 1350 MHz, 16.31 W, 83, 55 MiB
2026/09/30 23:02:27.131, 31 %, 1230 MHz, 28.43 W, 80, 59 MiB
2026/09/30 23:02:28.136, 60 %, 1350 MHz, 15.89 W, 81, 55 MiB
2026/09/30 23:02:29.141, 63 %, 1230 MHz, 27.93 W, 82, 57 MiB
2026/09/30 23:02:30.146, 29 %, 1245 MHz, 28.12 W, 79, 59 MiB
2026/09/30 23:02:31.150, 77 %, 1350 MHz, 17.36 W, 84, 55 MiB
2026/09/30 23:02:32.154, 49 %, 1350 MHz, 32.96 W, 83, 57 MiB
2026/09/30 23:02:33.157, 35 %, 1350 MHz, 32.35 W, 80, 59 MiB
2026/09/30 23:02:34.160, 77 %, 1350 MHz, 17.37 W, 84, 55 MiB
2026/09/30 23:02:35.164, 54 %, 1350 MHz, 32.00 W, 83, 57 MiB
2026/09/30 23:02:36.167, 34 %, 1350 MHz, 32.43 W, 80, 59 MiB
2026/09/30 23:02:37.170, 71 %, 1350 MHz, 17.36 W, 85, 55 MiB
2026/09/30 23:02:38.174, 59 %, 1350 MHz, 32.33 W, 83, 57 MiB
2026/09/30 23:02:39.177, 21 %, 1350 MHz, 17.14 W, 80, 0 MiB
2026/09/30 23:02:40.181, 0 %, 405 MHz, 8.68 W, 78, 0 MiB
2026/09/30 23:02:41.185, 61 %, 1350 MHz, 31.35 W, 83, 57 MiB
2026/09/30 23:02:42.191, 34 %, 1350 MHz, 32.34 W, 82, 59 MiB
2026/09/30 23:02:43.195, 70 %, 1350 MHz, 17.29 W, 80, 55 MiB
2026/09/30 23:02:44.200, 61 %, 1350 MHz, 32.46 W, 84, 57 MiB
2026/09/30 23:02:45.206, 34 %, 1350 MHz, 32.76 W, 83, 59 MiB
2026/09/30 23:02:46.211, 65 %, 1350 MHz, 17.28 W, 80, 55 MiB
2026/09/30 23:02:47.215, 65 %, 1350 MHz, 32.83 W, 83, 55 MiB
2026/09/30 23:02:48.223, 36 %, 1350 MHz, 32.51 W, 84, 59 MiB
2026/09/30 23:02:49.228, 59 %, 1350 MHz, 17.27 W, 80, 55 MiB
2026/09/30 23:02:50.233, 71 %, 1350 MHz, 24.74 W, 82, 55 MiB
2026/09/30 23:02:51.239, 36 %, 1350 MHz, 32.92 W, 84, 59 MiB
2026/09/30 23:02:52.243, 53 %, 1350 MHz, 17.24 W, 80, 59 MiB
2026/09/30 23:02:53.247, 78 %, 1350 MHz, 17.86 W, 82, 55 MiB
2026/09/30 23:02:54.254, 35 %, 1350 MHz, 32.90 W, 84, 59 MiB
2026/09/30 23:02:55.260, 47 %, 1350 MHz, 19.95 W, 82, 59 MiB
2026/09/30 23:02:56.266, 80 %, 1350 MHz, 17.64 W, 81, 55 MiB
2026/09/30 23:02:57.272, 39 %, 1350 MHz, 32.89 W, 85, 59 MiB
2026/09/30 23:02:58.275, 41 %, 1350 MHz, 30.67 W, 82, 59 MiB
2026/09/30 23:02:59.281, 80 %, 1350 MHz, 17.54 W, 81, 55 MiB
2026/09/30 23:03:00.286, 44 %, 1350 MHz, 32.87 W, 85, 59 MiB
2026/09/30 23:03:01.291, 36 %, 1350 MHz, 32.42 W, 83, 59 MiB
2026/09/30 23:03:02.298, 80 %, 1350 MHz, 17.52 W, 81, 55 MiB
2026/09/30 23:03:03.303, 49 %, 1350 MHz, 32.50 W, 85, 57 MiB
2026/09/30 23:03:04.310, 35 %, 1350 MHz, 31.37 W, 83, 59 MiB
2026/09/30 23:03:05.315, 76 %, 1350 MHz, 17.45 W, 81, 55 MiB
2026/09/30 23:03:06.321, 51 %, 1350 MHz, 32.21 W, 85, 57 MiB
2026/09/30 23:03:07.325, 29 %, 1350 MHz, 17.20 W, 79, 0 MiB
2026/09/30 23:03:08.330, 0 %, 405 MHz, 7.99 W, 77, 0 MiB
2026/09/30 23:03:09.337, 38 %, 1350 MHz, 31.92 W, 83, 59 MiB
2026/09/30 23:03:10.343, 43 %, 1350 MHz, 20.10 W, 81, 59 MiB
2026/09/30 23:03:11.349, 80 %, 1350 MHz, 17.61 W, 81, 55 MiB
2026/09/30 23:03:12.353, 35 %, 1350 MHz, 32.61 W, 84, 59 MiB
2026/09/30 23:03:13.358, 45 %, 1350 MHz, 23.53 W, 82, 59 MiB
2026/09/30 23:03:14.362, 80 %, 1350 MHz, 17.58 W, 81, 55 MiB
2026/09/30 23:03:15.368, 40 %, 1350 MHz, 32.71 W, 85, 59 MiB
2026/09/30 23:03:16.372, 40 %, 1350 MHz, 30.60 W, 82, 59 MiB
2026/09/30 23:03:17.379, 80 %, 1350 MHz, 17.56 W, 81, 55 MiB
2026/09/30 23:03:18.384, 45 %, 1350 MHz, 33.04 W, 85, 57 MiB
2026/09/30 23:03:19.392, 35 %, 1350 MHz, 32.54 W, 83, 59 MiB
2026/09/30 23:03:20.399, 80 %, 1350 MHz, 17.50 W, 81, 55 MiB
2026/09/30 23:03:21.403, 51 %, 1350 MHz, 32.36 W, 85, 57 MiB
2026/09/30 23:03:22.409, 35 %, 1350 MHz, 32.53 W, 83, 59 MiB
2026/09/30 23:03:23.414, 74 %, 1350 MHz, 16.15 W, 80, 55 MiB
2026/09/30 23:03:24.418, 54 %, 1275 MHz, 27.35 W, 83, 57 MiB
2026/09/30 23:03:25.429, 33 %, 1245 MHz, 28.99 W, 81, 59 MiB
2026/09/30 23:03:26.433, 87 %, 1350 MHz, 16.22 W, 80, 55 MiB
2026/09/30 23:03:27.440, 30 %, 1230 MHz, 28.52 W, 82, 59 MiB
2026/09/30 23:03:28.444, 56 %, 1350 MHz, 15.86 W, 79, 55 MiB
2026/09/30 23:03:29.448, 67 %, 1350 MHz, 32.46 W, 83, 55 MiB
2026/09/30 23:03:30.456, 32 %, 1350 MHz, 32.80 W, 83, 59 MiB
2026/09/30 23:03:31.464, 63 %, 1350 MHz, 17.35 W, 80, 55 MiB
2026/09/30 23:03:32.470, 66 %, 1350 MHz, 32.20 W, 83, 55 MiB
2026/09/30 23:03:33.477, 34 %, 1350 MHz, 32.58 W, 84, 59 MiB
2026/09/30 23:03:34.483, 60 %, 1350 MHz, 17.30 W, 80, 55 MiB
2026/09/30 23:03:35.489, 68 %, 1350 MHz, 28.00 W, 83, 55 MiB
2026/09/30 23:03:36.498, 11 %, 1350 MHz, 17.12 W, 79, 0 MiB
2026/09/30 23:03:37.507, 0 %, 1350 MHz, 6.92 W, 76, 13 MiB
2026/09/30 23:03:38.517, 71 %, 1350 MHz, 25.93 W, 81, 55 MiB
2026/09/30 23:03:39.522, 33 %, 1350 MHz, 32.22 W, 83, 59 MiB
2026/09/30 23:03:40.527, 57 %, 1350 MHz, 17.22 W, 79, 55 MiB
2026/09/30 23:03:41.534, 71 %, 1350 MHz, 24.43 W, 82, 55 MiB
2026/09/30 23:03:42.539, 35 %, 1350 MHz, 32.61 W, 84, 59 MiB
2026/09/30 23:03:43.543, 54 %, 1350 MHz, 17.25 W, 80, 59 MiB
2026/09/30 23:03:44.547, 75 %, 1350 MHz, 17.93 W, 82, 55 MiB
2026/09/30 23:03:45.552, 35 %, 1350 MHz, 32.92 W, 84, 59 MiB
2026/09/30 23:03:46.556, 50 %, 1350 MHz, 17.26 W, 82, 59 MiB
2026/09/30 23:03:47.560, 80 %, 1350 MHz, 17.78 W, 82, 55 MiB
2026/09/30 23:03:48.565, 35 %, 1350 MHz, 32.55 W, 85, 59 MiB
2026/09/30 23:03:49.569, 45 %, 1350 MHz, 22.39 W, 82, 59 MiB
2026/09/30 23:03:50.573, 80 %, 1350 MHz, 17.68 W, 82, 55 MiB
2026/09/30 23:03:51.582, 39 %, 1350 MHz, 32.81 W, 85, 59 MiB
2026/09/30 23:03:52.586, 41 %, 1350 MHz, 29.55 W, 83, 59 MiB
2026/09/30 23:03:53.592, 80 %, 1350 MHz, 17.61 W, 81, 55 MiB
2026/09/30 23:03:54.597, 42 %, 1350 MHz, 33.07 W, 85, 57 MiB
2026/09/30 23:03:55.601, 38 %, 1350 MHz, 32.50 W, 83, 59 MiB
2026/09/30 23:03:56.606, 80 %, 1350 MHz, 17.57 W, 81, 55 MiB
2026/09/30 23:03:57.612, 47 %, 1350 MHz, 33.18 W, 85, 57 MiB
2026/09/30 23:03:58.616, 35 %, 1350 MHz, 32.36 W, 84, 59 MiB
2026/09/30 23:03:59.621, 78 %, 1350 MHz, 17.51 W, 81, 55 MiB
2026/09/30 23:04:00.625, 51 %, 1350 MHz, 32.41 W, 85, 57 MiB
2026/09/30 23:04:01.630, 34 %, 1350 MHz, 32.61 W, 84, 59 MiB
2026/09/30 23:04:02.634, 75 %, 1350 MHz, 17.46 W, 81, 55 MiB
2026/09/30 23:04:03.640, 55 %, 1350 MHz, 32.12 W, 85, 57 MiB
2026/09/30 23:04:04.644, 25 %, 1350 MHz, 17.19 W, 79, 0 MiB
2026/09/30 23:04:05.649, 0 %, 405 MHz, 7.05 W, 77, 0 MiB
2026/09/30 23:04:06.655, 41 %, 1350 MHz, 32.20 W, 83, 59 MiB
2026/09/30 23:04:07.660, 40 %, 1350 MHz, 28.60 W, 82, 59 MiB
2026/09/30 23:04:08.664, 80 %, 1350 MHz, 17.49 W, 81, 55 MiB
2026/09/30 23:04:09.669, 40 %, 1350 MHz, 32.57 W, 84, 57 MiB
2026/09/30 23:04:10.674, 40 %, 1350 MHz, 30.61 W, 83, 59 MiB
2026/09/30 23:04:11.678, 80 %, 1350 MHz, 17.55 W, 81, 55 MiB
2026/09/30 23:04:12.683, 43 %, 1350 MHz, 33.10 W, 85, 57 MiB
2026/09/30 23:04:13.687, 37 %, 1260 MHz, 28.72 W, 82, 59 MiB
2026/09/30 23:04:14.692, 87 %, 1350 MHz, 16.16 W, 80, 55 MiB
2026/09/30 23:04:15.697, 34 %, 1230 MHz, 28.27 W, 83, 59 MiB
2026/09/30 23:04:16.701, 53 %, 1350 MHz, 15.89 W, 79, 55 MiB
2026/09/30 23:04:17.705, 68 %, 1350 MHz, 28.24 W, 82, 55 MiB
2026/09/30 23:04:18.710, 30 %, 1350 MHz, 28.63 W, 82, 59 MiB
2026/09/30 23:04:19.723, 71 %, 1350 MHz, 17.29 W, 80, 55 MiB
2026/09/30 23:04:20.727, 55 %, 1350 MHz, 32.24 W, 85, 57 MiB
2026/09/30 23:04:21.735, 35 %, 1350 MHz, 32.71 W, 84, 59 MiB
2026/09/30 23:04:22.739, 70 %, 1350 MHz, 17.35 W, 80, 55 MiB
2026/09/30 23:04:23.745, 60 %, 1350 MHz, 32.77 W, 84, 55 MiB
2026/09/30 23:04:24.752, 34 %, 1350 MHz, 32.64 W, 84, 59 MiB
2026/09/30 23:04:25.757, 65 %, 1350 MHz, 17.37 W, 80, 55 MiB
2026/09/30 23:04:26.762, 65 %, 1350 MHz, 32.68 W, 84, 55 MiB
2026/09/30 23:04:27.765, 35 %, 1350 MHz, 32.72 W, 84, 59 MiB
2026/09/30 23:04:28.768, 60 %, 1350 MHz, 17.35 W, 80, 55 MiB
2026/09/30 23:04:29.772, 69 %, 1350 MHz, 26.06 W, 83, 55 MiB
2026/09/30 23:04:30.776, 34 %, 1350 MHz, 32.71 W, 84, 59 MiB
2026/09/30 23:04:31.780, 57 %, 1350 MHz, 17.37 W, 80, 55 MiB
2026/09/30 23:04:32.783, 73 %, 1350 MHz, 18.04 W, 83, 55 MiB
2026/09/30 23:04:33.787, 7 %, 1350 MHz, 17.20 W, 79, 0 MiB
2026/09/30 23:04:34.792, 0 %, 1350 MHz, 6.95 W, 76, 17 MiB
2026/09/30 23:04:35.797, 72 %, 1350 MHz, 22.95 W, 82, 55 MiB
2026/09/30 23:04:36.801, 34 %, 1350 MHz, 32.51 W, 84, 59 MiB
2026/09/30 23:04:37.805, 55 %, 1350 MHz, 17.23 W, 80, 55 MiB
2026/09/30 23:04:38.808, 73 %, 1350 MHz, 18.35 W, 83, 55 MiB
2026/09/30 23:04:39.812, 35 %, 1350 MHz, 32.88 W, 84, 59 MiB
2026/09/30 23:04:40.815, 52 %, 1350 MHz, 17.28 W, 80, 59 MiB
2026/09/30 23:04:41.818, 78 %, 1350 MHz, 17.86 W, 83, 55 MiB
2026/09/30 23:04:42.823, 36 %, 1350 MHz, 32.87 W, 85, 59 MiB
2026/09/30 23:04:43.827, 46 %, 1350 MHz, 23.54 W, 80, 59 MiB
2026/09/30 23:04:44.830, 80 %, 1350 MHz, 17.75 W, 83, 55 MiB
2026/09/30 23:04:45.834, 38 %, 1350 MHz, 32.82 W, 85, 59 MiB
2026/09/30 23:04:46.837, 43 %, 1350 MHz, 29.12 W, 81, 59 MiB
2026/09/30 23:04:47.841, 80 %, 1350 MHz, 17.66 W, 82, 55 MiB
2026/09/30 23:04:48.845, 42 %, 1350 MHz, 33.04 W, 85, 59 MiB
2026/09/30 23:04:49.848, 38 %, 1350 MHz, 32.44 W, 82, 59 MiB
2026/09/30 23:04:50.852, 80 %, 1350 MHz, 17.63 W, 82, 55 MiB
2026/09/30 23:04:51.855, 46 %, 1350 MHz, 33.10 W, 85, 57 MiB
2026/09/30 23:04:52.859, 35 %, 1350 MHz, 32.50 W, 82, 59 MiB
2026/09/30 23:04:53.862, 80 %, 1350 MHz, 17.59 W, 82, 55 MiB
2026/09/30 23:04:54.866, 50 %, 1350 MHz, 32.40 W, 85, 57 MiB
2026/09/30 23:04:55.869, 34 %, 1350 MHz, 32.64 W, 83, 59 MiB
2026/09/30 23:04:56.873, 76 %, 1350 MHz, 17.55 W, 82, 55 MiB
2026/09/30 23:04:57.879, 55 %, 1350 MHz, 32.20 W, 85, 57 MiB
2026/09/30 23:04:58.882, 35 %, 1350 MHz, 32.57 W, 83, 59 MiB
2026/09/30 23:04:59.886, 71 %, 1350 MHz, 17.50 W, 82, 55 MiB
2026/09/30 23:05:00.890, 58 %, 1350 MHz, 32.80 W, 85, 57 MiB
2026/09/30 23:05:01.893, 22 %, 1350 MHz, 17.26 W, 80, 0 MiB
2026/09/30 23:05:02.896, 0 %, 1350 MHz, 7.40 W, 79, 17 MiB
2026/09/30 23:05:03.903, 71 %, 1350 MHz, 24.65 W, 84, 55 MiB
2026/09/30 23:05:04.910, 33 %, 1350 MHz, 32.40 W, 83, 59 MiB
2026/09/30 23:05:05.914, 58 %, 1350 MHz, 17.32 W, 81, 55 MiB
2026/09/30 23:05:06.917, 70 %, 1350 MHz, 22.61 W, 85, 55 MiB
2026/09/30 23:05:07.921, 35 %, 1350 MHz, 33.08 W, 84, 59 MiB
2026/09/30 23:05:08.924, 54 %, 1350 MHz, 17.32 W, 81, 59 MiB
2026/09/30 23:05:09.927, 76 %, 1350 MHz, 17.92 W, 85, 55 MiB
2026/09/30 23:05:10.931, 35 %, 1350 MHz, 32.74 W, 84, 59 MiB
2026/09/30 23:05:11.934, 49 %, 1350 MHz, 19.26 W, 81, 59 MiB
2026/09/30 23:05:12.938, 79 %, 1350 MHz, 17.78 W, 85, 55 MiB
2026/09/30 23:05:13.941, 34 %, 1350 MHz, 32.62 W, 84, 59 MiB
2026/09/30 23:05:14.945, 48 %, 1350 MHz, 18.86 W, 81, 59 MiB
2026/09/30 23:05:15.952, 79 %, 1350 MHz, 17.85 W, 86, 55 MiB
2026/09/30 23:05:16.955, 35 %, 1350 MHz, 32.94 W, 84, 59 MiB
2026/09/30 23:05:17.962, 46 %, 1215 MHz, 22.92 W, 80, 59 MiB
2026/09/30 23:05:18.966, 83 %, 1350 MHz, 16.48 W, 84, 55 MiB
2026/09/30 23:05:19.969, 29 %, 1230 MHz, 28.16 W, 82, 59 MiB
2026/09/30 23:05:20.975, 62 %, 1350 MHz, 15.96 W, 80, 55 MiB
2026/09/30 23:05:21.978, 59 %, 1215 MHz, 27.87 W, 83, 57 MiB
2026/09/30 23:05:22.986, 30 %, 1245 MHz, 28.17 W, 79, 59 MiB
2026/09/30 23:05:23.993, 81 %, 1350 MHz, 17.46 W, 82, 55 MiB
2026/09/30 23:05:24.998, 45 %, 1350 MHz, 33.10 W, 84, 57 MiB
2026/09/30 23:05:26.004, 35 %, 1350 MHz, 32.51 W, 80, 59 MiB
2026/09/30 23:05:27.007, 80 %, 1350 MHz, 17.52 W, 83, 55 MiB
2026/09/30 23:05:28.011, 51 %, 1350 MHz, 32.44 W, 85, 57 MiB
2026/09/30 23:05:29.014, 35 %, 1350 MHz, 32.57 W, 80, 59 MiB
2026/09/30 23:05:30.019, 73 %, 1350 MHz, 17.48 W, 83, 55 MiB
2026/09/30 23:05:31.024, 0 %, 1350 MHz, 17.13 W, 79, 0 MiB
2026/09/30 23:05:32.028, 7 %, 1350 MHz, 31.73 W, 77, 59 MiB
2026/09/30 23:05:33.032, 80 %, 1350 MHz, 17.39 W, 84, 55 MiB
2026/09/30 23:05:34.036, 45 %, 1350 MHz, 32.79 W, 83, 59 MiB
2026/09/30 23:05:35.040, 35 %, 1350 MHz, 32.47 W, 80, 59 MiB
2026/09/30 23:05:36.043, 80 %, 1350 MHz, 17.55 W, 83, 55 MiB
2026/09/30 23:05:37.046, 47 %, 1350 MHz, 32.32 W, 84, 57 MiB
2026/09/30 23:05:38.053, 34 %, 1350 MHz, 32.53 W, 80, 59 MiB
2026/09/30 23:05:39.056, 78 %, 1350 MHz, 17.51 W, 84, 55 MiB
2026/09/30 23:05:40.060, 52 %, 1350 MHz, 32.10 W, 84, 57 MiB
2026/09/30 23:05:41.067, 35 %, 1350 MHz, 32.65 W, 80, 59 MiB
2026/09/30 23:05:42.072, 73 %, 1350 MHz, 17.49 W, 83, 55 MiB
2026/09/30 23:05:43.077, 57 %, 1350 MHz, 32.74 W, 85, 57 MiB
2026/09/30 23:05:44.080, 35 %, 1350 MHz, 32.85 W, 80, 59 MiB
2026/09/30 23:05:45.084, 68 %, 1350 MHz, 17.47 W, 83, 55 MiB
2026/09/30 23:05:46.088, 62 %, 1350 MHz, 32.51 W, 85, 57 MiB
2026/09/30 23:05:47.091, 35 %, 1350 MHz, 32.67 W, 80, 59 MiB
2026/09/30 23:05:48.095, 63 %, 1350 MHz, 17.48 W, 83, 55 MiB
2026/09/30 23:05:49.098, 67 %, 1350 MHz, 32.81 W, 85, 55 MiB
2026/09/30 23:05:50.105, 34 %, 1350 MHz, 33.04 W, 82, 59 MiB
2026/09/30 23:05:51.109, 58 %, 1350 MHz, 17.49 W, 83, 55 MiB
2026/09/30 23:05:52.115, 71 %, 1350 MHz, 32.77 W, 85, 55 MiB
2026/09/30 23:05:53.119, 35 %, 1350 MHz, 32.78 W, 82, 59 MiB
2026/09/30 23:05:54.123, 56 %, 1350 MHz, 17.44 W, 82, 55 MiB
2026/09/30 23:05:55.128, 70 %, 1350 MHz, 32.79 W, 85, 55 MiB
2026/09/30 23:05:56.132, 35 %, 1350 MHz, 32.81 W, 82, 59 MiB
2026/09/30 23:05:57.135, 56 %, 1350 MHz, 17.47 W, 82, 55 MiB
2026/09/30 23:05:58.139, 73 %, 1350 MHz, 23.20 W, 85, 55 MiB
2026/09/30 23:05:59.143, 11 %, 1350 MHz, 17.26 W, 80, 0 MiB
2026/09/30 23:06:00.147, 0 %, 360 MHz, 4.80 W, 79, 8 MiB
2026/09/30 23:06:01.152, 65 %, 1350 MHz, 31.40 W, 83, 57 MiB
2026/09/30 23:06:02.156, 34 %, 1350 MHz, 32.68 W, 80, 59 MiB
2026/09/30 23:06:03.160, 61 %, 1350 MHz, 17.39 W, 83, 55 MiB
2026/09/30 23:06:04.165, 63 %, 1185 MHz, 28.77 W, 84, 57 MiB
2026/09/30 23:06:05.174, 26 %, 1245 MHz, 28.24 W, 80, 59 MiB
2026/09/30 23:06:06.185, 78 %, 1350 MHz, 16.22 W, 84, 55 MiB
2026/09/30 23:06:07.189, 41 %, 1320 MHz, 25.25 W, 82, 59 MiB
2026/09/30 23:06:08.194, 45 %, 1350 MHz, 15.92 W, 81, 55 MiB
2026/09/30 23:06:09.199, 67 %, 1230 MHz, 27.16 W, 83, 57 MiB
2026/09/30 23:06:10.204, 26 %, 1350 MHz, 31.22 W, 82, 59 MiB
2026/09/30 23:06:11.212, 73 %, 1350 MHz, 17.48 W, 84, 55 MiB
2026/09/30 23:06:12.218, 48 %, 1350 MHz, 32.16 W, 84, 57 MiB
2026/09/30 23:06:13.228, 32 %, 1350 MHz, 25.86 W, 83, 59 MiB
2026/09/30 23:06:14.234, 80 %, 1350 MHz, 17.70 W, 81, 55 MiB
2026/09/30 23:06:15.242, 40 %, 1350 MHz, 32.06 W, 85, 59 MiB
2026/09/30 23:06:16.249, 40 %, 1350 MHz, 17.31 W, 82, 59 MiB
2026/09/30 23:06:17.255, 80 %, 1350 MHz, 17.97 W, 82, 55 MiB
2026/09/30 23:06:18.263, 36 %, 1350 MHz, 32.70 W, 85, 59 MiB
2026/09/30 23:06:19.269, 43 %, 1350 MHz, 27.78 W, 82, 59 MiB
2026/09/30 23:06:20.274, 80 %, 1350 MHz, 17.75 W, 82, 55 MiB
2026/09/30 23:06:21.280, 36 %, 1350 MHz, 32.68 W, 85, 59 MiB
2026/09/30 23:06:22.285, 44 %, 1350 MHz, 26.11 W, 82, 59 MiB
2026/09/30 23:06:23.290, 80 %, 1350 MHz, 17.76 W, 82, 55 MiB
2026/09/30 23:06:24.295, 38 %, 1350 MHz, 32.92 W, 85, 59 MiB
2026/09/30 23:06:25.299, 42 %, 1350 MHz, 32.49 W, 83, 59 MiB
2026/09/30 23:06:26.308, 80 %, 1350 MHz, 17.71 W, 82, 55 MiB
2026/09/30 23:06:27.313, 42 %, 1350 MHz, 33.12 W, 85, 59 MiB
2026/09/30 23:06:28.318, 38 %, 1350 MHz, 16.02 W, 80, 0 MiB
2026/09/30 23:06:29.323, 0 %, 1350 MHz, 15.80 W, 78, 0 MiB
2026/09/30 23:06:30.329, 0 %, 360 MHz, 4.17 W, 74, 9 MiB
2026/09/30 23:06:31.336, 64 %, 1245 MHz, 27.11 W, 82, 57 MiB
2026/09/30 23:06:32.342, 29 %, 1260 MHz, 28.23 W, 80, 59 MiB
2026/09/30 23:06:33.348, 86 %, 1350 MHz, 16.01 W, 80, 55 MiB
2026/09/30 23:06:34.353, 37 %, 1350 MHz, 32.53 W, 84, 59 MiB
2026/09/30 23:06:35.360, 43 %, 1350 MHz, 29.26 W, 81, 59 MiB
2026/09/30 23:06:36.366, 80 %, 1350 MHz, 17.57 W, 81, 55 MiB
2026/09/30 23:06:37.373, 33 %, 1350 MHz, 32.47 W, 84, 59 MiB
2026/09/30 23:06:38.378, 47 %, 1350 MHz, 21.75 W, 81, 59 MiB
2026/09/30 23:06:39.383, 79 %, 1350 MHz, 17.72 W, 82, 55 MiB
2026/09/30 23:06:40.388, 33 %, 1350 MHz, 32.57 W, 85, 59 MiB
2026/09/30 23:06:41.394, 48 %, 1350 MHz, 22.07 W, 81, 59 MiB
2026/09/30 23:06:42.399, 79 %, 1350 MHz, 16.54 W, 82, 55 MiB
2026/09/30 23:06:43.405, 33 %, 1230 MHz, 28.19 W, 83, 59 MiB
2026/09/30 23:06:44.410, 56 %, 1350 MHz, 15.95 W, 79, 55 MiB
2026/09/30 23:06:45.415, 63 %, 1245 MHz, 28.01 W, 83, 57 MiB
2026/09/30 23:06:46.422, 26 %, 1245 MHz, 28.07 W, 82, 59 MiB
2026/09/30 23:06:47.428, 84 %, 1350 MHz, 16.06 W, 80, 55 MiB
2026/09/30 23:06:48.433, 39 %, 1350 MHz, 32.61 W, 84, 59 MiB
2026/09/30 23:06:49.441, 43 %, 1350 MHz, 28.24 W, 81, 59 MiB
2026/09/30 23:06:50.448, 79 %, 1350 MHz, 17.60 W, 81, 55 MiB
2026/09/30 23:06:51.457, 36 %, 1350 MHz, 32.39 W, 84, 59 MiB
2026/09/30 23:06:52.463, 44 %, 1350 MHz, 26.40 W, 82, 59 MiB
2026/09/30 23:06:53.470, 80 %, 1350 MHz, 17.69 W, 82, 55 MiB
2026/09/30 23:06:54.475, 37 %, 1350 MHz, 32.70 W, 85, 59 MiB
2026/09/30 23:06:55.481, 43 %, 1350 MHz, 29.85 W, 82, 59 MiB
2026/09/30 23:06:56.486, 80 %, 1350 MHz, 17.68 W, 82, 55 MiB
2026/09/30 23:06:57.491, 37 %, 1350 MHz, 32.92 W, 85, 59 MiB
2026/09/30 23:06:58.497, 43 %, 1350 MHz, 17.36 W, 80, 0 MiB
2026/09/30 23:06:59.504, 0 %, 1350 MHz, 17.11 W, 79, 0 MiB
2026/09/30 23:07:00.511, 0 %, 360 MHz, 3.30 W, 74, 0 MiB
2026/09/30 23:07:01.520, 41 %, 1350 MHz, 32.33 W, 82, 59 MiB
2026/09/30 23:07:02.528, 41 %, 1350 MHz, 30.05 W, 81, 59 MiB
2026/09/30 23:07:03.533, 80 %, 1350 MHz, 17.43 W, 80, 55 MiB
2026/09/30 23:07:04.540, 32 %, 1350 MHz, 32.19 W, 84, 59 MiB
2026/09/30 23:07:05.547, 48 %, 1350 MHz, 17.18 W, 80, 59 MiB
2026/09/30 23:07:06.553, 75 %, 1350 MHz, 17.77 W, 81, 55 MiB
2026/09/30 23:07:07.558, 34 %, 1350 MHz, 32.99 W, 84, 59 MiB
2026/09/30 23:07:08.563, 51 %, 1350 MHz, 17.42 W, 81, 59 MiB
2026/09/30 23:07:09.570, 76 %, 1350 MHz, 17.77 W, 82, 55 MiB
2026/09/30 23:07:10.577, 34 %, 1350 MHz, 32.46 W, 85, 59 MiB
2026/09/30 23:07:11.583, 49 %, 1350 MHz, 18.90 W, 82, 59 MiB
2026/09/30 23:07:12.589, 76 %, 1350 MHz, 17.79 W, 82, 55 MiB
2026/09/30 23:07:13.596, 33 %, 1350 MHz, 32.81 W, 85, 59 MiB
2026/09/30 23:07:14.604, 51 %, 1350 MHz, 17.31 W, 82, 59 MiB
2026/09/30 23:07:15.610, 74 %, 1350 MHz, 17.89 W, 82, 55 MiB
2026/09/30 23:07:16.616, 33 %, 1350 MHz, 32.78 W, 85, 59 MiB
2026/09/30 23:07:17.623, 52 %, 1350 MHz, 17.33 W, 81, 59 MiB
2026/09/30 23:07:18.628, 72 %, 1350 MHz, 17.99 W, 82, 55 MiB
2026/09/30 23:07:19.636, 33 %, 1350 MHz, 32.69 W, 83, 59 MiB
2026/09/30 23:07:20.676, 55 %, 1350 MHz, 17.33 W, 80, 55 MiB
2026/09/30 23:07:21.682, 40 %, 1350 MHz, 31.20 W, 85, 57 MiB
2026/09/30 23:07:22.767, 39 %, 1350 MHz, 32.12 W, 83, 59 MiB
2026/09/30 23:07:23.772, 81 %, 1350 MHz, 16.20 W, 80, 55 MiB
2026/09/30 23:07:24.778, 35 %, 1230 MHz, 28.53 W, 83, 57 MiB
2026/09/30 23:07:25.782, 51 %, 1260 MHz, 21.87 W, 81, 59 MiB
2026/09/30 23:07:26.786, 69 %, 1350 MHz, 16.32 W, 81, 55 MiB
2026/09/30 23:07:27.790, 27 %, 1230 MHz, 28.26 W, 83, 59 MiB
2026/09/30 23:07:28.797, 76 %, 1350 MHz, 15.95 W, 79, 55 MiB
2026/09/30 23:07:29.803, 0 %, 1350 MHz, 17.07 W, 78, 0 MiB
2026/09/30 23:07:30.807, 0 %, 360 MHz, 4.06 W, 74, 0 MiB
2026/09/30 23:07:31.812, 13 %, 1350 MHz, 31.76 W, 81, 59 MiB
2026/09/30 23:07:32.816, 69 %, 1350 MHz, 17.10 W, 78, 55 MiB
2026/09/30 23:07:33.821, 54 %, 1350 MHz, 31.86 W, 83, 55 MiB
2026/09/30 23:07:34.826, 31 %, 1350 MHz, 31.88 W, 83, 59 MiB
2026/09/30 23:07:35.830, 75 %, 1350 MHz, 17.26 W, 80, 55 MiB
2026/09/30 23:07:36.834, 51 %, 1350 MHz, 32.28 W, 84, 55 MiB
2026/09/30 23:07:37.838, 32 %, 1350 MHz, 32.36 W, 83, 59 MiB
2026/09/30 23:07:38.842, 76 %, 1350 MHz, 17.31 W, 80, 55 MiB
2026/09/30 23:07:39.846, 50 %, 1350 MHz, 32.12 W, 84, 55 MiB
2026/09/30 23:07:40.851, 31 %, 1350 MHz, 32.25 W, 83, 59 MiB
2026/09/30 23:07:41.856, 79 %, 1350 MHz, 17.38 W, 80, 55 MiB
2026/09/30 23:07:42.860, 43 %, 1350 MHz, 30.75 W, 84, 57 MiB
2026/09/30 23:07:43.865, 37 %, 1350 MHz, 31.94 W, 83, 59 MiB
2026/09/30 23:07:44.869, 80 %, 1350 MHz, 17.44 W, 81, 55 MiB
2026/09/30 23:07:45.874, 36 %, 1350 MHz, 31.25 W, 85, 57 MiB
2026/09/30 23:07:46.879, 44 %, 1350 MHz, 32.13 W, 82, 59 MiB
2026/09/30 23:07:47.883, 79 %, 1350 MHz, 17.56 W, 82, 55 MiB
2026/09/30 23:07:48.887, 33 %, 1350 MHz, 32.97 W, 85, 57 MiB
2026/09/30 23:07:49.891, 49 %, 1350 MHz, 32.26 W, 82, 59 MiB
2026/09/30 23:07:50.895, 76 %, 1350 MHz, 17.57 W, 82, 55 MiB
2026/09/30 23:07:51.900, 33 %, 1350 MHz, 32.81 W, 85, 57 MiB
2026/09/30 23:07:52.904, 51 %, 1350 MHz, 31.89 W, 81, 59 MiB
2026/09/30 23:07:53.908, 75 %, 1350 MHz, 17.65 W, 82, 55 MiB
2026/09/30 23:07:54.912, 34 %, 1350 MHz, 32.84 W, 85, 55 MiB
2026/09/30 23:07:55.917, 51 %, 1350 MHz, 28.80 W, 80, 59 MiB
2026/09/30 23:07:56.921, 72 %, 1350 MHz, 17.72 W, 83, 55 MiB
2026/09/30 23:07:57.925, 34 %, 1350 MHz, 32.61 W, 85, 59 MiB
2026/09/30 23:07:58.928, 54 %, 1350 MHz, 17.37 W, 80, 0 MiB
2026/09/30 23:07:59.933, 0 %, 1350 MHz, 17.15 W, 79, 0 MiB
2026/09/30 23:08:00.939, 0 %, 360 MHz, 3.61 W, 74, 0 MiB
2026/09/30 23:08:01.945, 0 %, 300 MHz, 3.49 W, 73, 0 MiB
2026/09/30 23:08:02.951, 0 %, 1350 MHz, 16.19 W, 73, 59 MiB
2026/09/30 23:08:03.955, 61 %, 1350 MHz, 29.35 W, 81, 55 MiB
2026/09/30 23:08:04.962, 21 %, 1350 MHz, 21.81 W, 80, 59 MiB
2026/09/30 23:08:05.968, 80 %, 1350 MHz, 17.22 W, 79, 55 MiB
2026/09/30 23:08:06.973, 26 %, 1350 MHz, 30.72 W, 82, 59 MiB
2026/09/30 23:08:07.978, 54 %, 1350 MHz, 17.11 W, 79, 59 MiB
2026/09/30 23:08:08.983, 60 %, 1350 MHz, 20.90 W, 83, 55 MiB
2026/09/30 23:08:09.988, 29 %, 1350 MHz, 31.90 W, 82, 59 MiB
2026/09/30 23:08:10.994, 71 %, 1350 MHz, 17.26 W, 80, 55 MiB
2026/09/30 23:08:12.000, 53 %, 1350 MHz, 31.95 W, 84, 55 MiB
2026/09/30 23:08:13.004, 33 %, 1350 MHz, 32.33 W, 82, 59 MiB
2026/09/30 23:08:14.008, 75 %, 1350 MHz, 17.30 W, 80, 55 MiB
2026/09/30 23:08:15.012, 53 %, 1350 MHz, 31.91 W, 84, 55 MiB
2026/09/30 23:08:16.021, 32 %, 1350 MHz, 32.33 W, 82, 59 MiB
2026/09/30 23:08:17.028, 75 %, 1350 MHz, 17.33 W, 81, 55 MiB
2026/09/30 23:08:18.034, 50 %, 1350 MHz, 32.06 W, 84, 55 MiB
2026/09/30 23:08:19.041, 31 %, 1350 MHz, 32.37 W, 82, 59 MiB
2026/09/30 23:08:20.046, 79 %, 1350 MHz, 17.30 W, 81, 55 MiB
2026/09/30 23:08:21.049, 46 %, 1350 MHz, 28.25 W, 84, 55 MiB
2026/09/30 23:08:22.053, 34 %, 1350 MHz, 32.16 W, 82, 59 MiB
2026/09/30 23:08:23.058, 80 %, 1350 MHz, 17.33 W, 82, 55 MiB
2026/09/30 23:08:24.062, 43 %, 1350 MHz, 31.93 W, 84, 55 MiB
2026/09/30 23:08:25.067, 37 %, 1350 MHz, 32.47 W, 82, 59 MiB
2026/09/30 23:08:26.071, 80 %, 1350 MHz, 17.43 W, 81, 55 MiB
2026/09/30 23:08:27.075, 45 %, 1350 MHz, 32.44 W, 85, 55 MiB
2026/09/30 23:08:28.080, 35 %, 1350 MHz, 32.69 W, 82, 59 MiB
2026/09/30 23:08:29.084, 80 %, 1350 MHz, 17.43 W, 82, 55 MiB
2026/09/30 23:08:30.090, 42 %, 1350 MHz, 32.26 W, 85, 57 MiB
2026/09/30 23:08:31.100, 38 %, 1350 MHz, 17.21 W, 80, 0 MiB
2026/09/30 23:08:32.106, 0 %, 405 MHz, 5.03 W, 79, 0 MiB
2026/09/30 23:08:33.112, 0 %, 360 MHz, 3.21 W, 74, 0 MiB
2026/09/30 23:08:34.120, 0 %, 300 MHz, 3.27 W, 72, 0 MiB
2026/09/30 23:08:35.128, 15 %, 1350 MHz, 30.77 W, 79, 59 MiB
2026/09/30 23:08:36.136, 68 %, 1350 MHz, 16.93 W, 78, 55 MiB
2026/09/30 23:08:37.141, 51 %, 1350 MHz, 20.11 W, 82, 55 MiB
2026/09/30 23:08:38.146, 31 %, 1350 MHz, 31.83 W, 80, 59 MiB
2026/09/30 23:08:39.151, 78 %, 1350 MHz, 17.17 W, 80, 55 MiB
2026/09/30 23:08:40.155, 46 %, 1350 MHz, 27.64 W, 83, 55 MiB
2026/09/30 23:08:41.160, 34 %, 1350 MHz, 32.11 W, 79, 59 MiB
2026/09/30 23:08:42.164, 80 %, 1350 MHz, 17.26 W, 81, 55 MiB
2026/09/30 23:08:43.169, 42 %, 1350 MHz, 32.49 W, 83, 55 MiB
2026/09/30 23:08:44.173, 38 %, 1350 MHz, 32.52 W, 79, 59 MiB
2026/09/30 23:08:45.177, 80 %, 1350 MHz, 17.30 W, 82, 55 MiB
2026/09/30 23:08:46.182, 40 %, 1350 MHz, 32.01 W, 83, 57 MiB
2026/09/30 23:08:47.187, 40 %, 1350 MHz, 32.54 W, 79, 59 MiB
2026/09/30 23:08:48.191, 80 %, 1350 MHz, 17.33 W, 83, 55 MiB
2026/09/30 23:08:49.195, 39 %, 1350 MHz, 32.31 W, 84, 57 MiB
2026/09/30 23:08:50.200, 41 %, 1350 MHz, 32.69 W, 80, 59 MiB
2026/09/30 23:08:51.204, 80 %, 1350 MHz, 17.35 W, 83, 55 MiB
2026/09/30 23:08:52.213, 37 %, 1350 MHz, 32.45 W, 84, 57 MiB
2026/09/30 23:08:53.218, 42 %, 1350 MHz, 32.59 W, 84, 59 MiB
2026/09/30 23:08:54.223, 80 %, 1350 MHz, 17.37 W, 80, 55 MiB
2026/09/30 23:08:55.228, 37 %, 1350 MHz, 32.30 W, 85, 57 MiB
2026/09/30 23:08:56.235, 43 %, 1350 MHz, 32.84 W, 84, 59 MiB
2026/09/30 23:08:57.241, 80 %, 1350 MHz, 17.39 W, 80, 55 MiB
2026/09/30 23:08:58.246, 37 %, 1350 MHz, 32.58 W, 85, 57 MiB
2026/09/30 23:08:59.252, 43 %, 1350 MHz, 32.49 W, 84, 59 MiB
2026/09/30 23:09:00.258, 80 %, 1350 MHz, 17.40 W, 80, 55 MiB
2026/09/30 23:09:01.265, 35 %, 1350 MHz, 31.91 W, 85, 57 MiB
2026/09/30 23:09:02.271, 45 %, 1350 MHz, 17.24 W, 79, 0 MiB
2026/09/30 23:09:03.277, 0 %, 405 MHz, 5.00 W, 77, 0 MiB
2026/09/30 23:09:04.285, 0 %, 360 MHz, 3.35 W, 73, 2 MiB
2026/09/30 23:09:05.293, 22 %, 1350 MHz, 31.78 W, 82, 59 MiB
2026/09/30 23:09:06.300, 61 %, 1350 MHz, 27.46 W, 80, 59 MiB
2026/09/30 23:09:07.307, 62 %, 1350 MHz, 17.44 W, 80, 55 MiB
2026/09/30 23:09:08.313, 31 %, 1350 MHz, 32.39 W, 84, 59 MiB
2026/09/30 23:09:09.320, 68 %, 1350 MHz, 22.87 W, 81, 59 MiB
2026/09/30 23:09:10.326, 59 %, 1350 MHz, 17.59 W, 81, 55 MiB
2026/09/30 23:09:11.332, 32 %, 1350 MHz, 32.29 W, 84, 59 MiB
2026/09/30 23:09:12.339, 69 %, 1350 MHz, 20.97 W, 81, 59 MiB
2026/09/30 23:09:13.344, 57 %, 1350 MHz, 17.69 W, 81, 55 MiB
2026/09/30 23:09:14.349, 33 %, 1350 MHz, 32.51 W, 84, 59 MiB
2026/09/30 23:09:15.355, 70 %, 1350 MHz, 15.93 W, 79, 55 MiB
2026/09/30 23:09:16.362, 45 %, 1245 MHz, 28.06 W, 82, 55 MiB
2026/09/30 23:09:17.380, 41 %, 1245 MHz, 28.15 W, 82, 59 MiB
2026/09/30 23:09:18.387, 78 %, 1350 MHz, 16.02 W, 79, 55 MiB
2026/09/30 23:09:19.392, 28 %, 1230 MHz, 28.17 W, 83, 59 MiB
2026/09/30 23:09:20.399, 66 %, 1245 MHz, 20.02 W, 80, 59 MiB
2026/09/30 23:09:21.405, 57 %, 1350 MHz, 17.70 W, 81, 55 MiB
2026/09/30 23:09:22.411, 31 %, 1350 MHz, 32.22 W, 84, 59 MiB
2026/09/30 23:09:23.472, 74 %, 1350 MHz, 26.95 W, 81, 59 MiB
2026/09/30 23:09:24.478, 51 %, 1350 MHz, 17.63 W, 81, 55 MiB
2026/09/30 23:09:25.485, 32 %, 1350 MHz, 32.21 W, 84, 59 MiB
2026/09/30 23:09:26.493, 77 %, 1350 MHz, 22.38 W, 82, 59 MiB
2026/09/30 23:09:27.498, 48 %, 1350 MHz, 17.77 W, 82, 55 MiB
2026/09/30 23:09:28.504, 32 %, 1350 MHz, 32.58 W, 84, 59 MiB
2026/09/30 23:09:29.509, 80 %, 1350 MHz, 17.29 W, 81, 59 MiB
2026/09/30 23:09:30.515, 43 %, 1350 MHz, 17.97 W, 82, 55 MiB
2026/09/30 23:09:31.520, 37 %, 1350 MHz, 32.79 W, 84, 59 MiB
2026/09/30 23:09:32.526, 80 %, 1350 MHz, 17.32 W, 80, 55 MiB
2026/09/30 23:09:33.531, 0 %, 1350 MHz, 17.10 W, 79, 0 MiB
2026/09/30 23:09:34.538, 0 %, 360 MHz, 3.44 W, 74, 0 MiB
2026/09/30 23:09:35.546, 10 %, 1350 MHz, 31.71 W, 82, 59 MiB
2026/09/30 23:09:36.556, 72 %, 1350 MHz, 20.80 W, 80, 59 MiB
2026/09/30 23:09:37.562, 47 %, 1350 MHz, 17.57 W, 81, 55 MiB
2026/09/30 23:09:38.567, 33 %, 1350 MHz, 32.31 W, 84, 59 MiB
2026/09/30 23:09:39.573, 80 %, 1350 MHz, 17.36 W, 81, 59 MiB
2026/09/30 23:09:40.580, 45 %, 1350 MHz, 17.71 W, 81, 55 MiB
2026/09/30 23:09:41.587, 35 %, 1350 MHz, 32.61 W, 84, 59 MiB
2026/09/30 23:09:42.592, 80 %, 1350 MHz, 17.26 W, 81, 59 MiB
2026/09/30 23:09:43.597, 43 %, 1350 MHz, 17.85 W, 82, 55 MiB
2026/09/30 23:09:44.604, 37 %, 1350 MHz, 32.72 W, 84, 59 MiB
2026/09/30 23:09:45.610, 80 %, 1350 MHz, 17.27 W, 81, 59 MiB
2026/09/30 23:09:46.621, 41 %, 1350 MHz, 20.92 W, 82, 55 MiB
2026/09/30 23:09:47.627, 39 %, 1350 MHz, 32.02 W, 84, 59 MiB
2026/09/30 23:09:48.633, 80 %, 1350 MHz, 17.33 W, 80, 55 MiB
2026/09/30 23:09:49.638, 35 %, 1350 MHz, 27.07 W, 83, 55 MiB
2026/09/30 23:09:50.644, 45 %, 1350 MHz, 32.12 W, 84, 59 MiB
2026/09/30 23:09:51.651, 77 %, 1350 MHz, 17.38 W, 80, 55 MiB
2026/09/30 23:09:52.657, 31 %, 1350 MHz, 31.82 W, 84, 55 MiB
2026/09/30 23:09:53.667, 52 %, 1350 MHz, 32.84 W, 84, 59 MiB
2026/09/30 23:09:54.674, 71 %, 1350 MHz, 17.38 W, 81, 55 MiB
2026/09/30 23:09:55.679, 34 %, 1275 MHz, 27.23 W, 84, 55 MiB
2026/09/30 23:09:56.691, 57 %, 1245 MHz, 28.12 W, 83, 59 MiB
2026/09/30 23:09:57.698, 65 %, 1350 MHz, 16.06 W, 80, 55 MiB
2026/09/30 23:09:58.704, 26 %, 1215 MHz, 28.70 W, 83, 59 MiB
2026/09/30 23:09:59.709, 81 %, 1350 MHz, 19.67 W, 80, 59 MiB
2026/09/30 23:10:00.715, 38 %, 1350 MHz, 17.09 W, 82, 55 MiB
2026/09/30 23:10:01.720, 48 %, 1350 MHz, 32.22 W, 83, 59 MiB
2026/09/30 23:10:02.728, 71 %, 1350 MHz, 17.32 W, 80, 55 MiB
2026/09/30 23:10:03.734, 10 %, 1350 MHz, 17.08 W, 79, 0 MiB
2026/09/30 23:10:04.739, 0 %, 360 MHz, 3.27 W, 74, 0 MiB
2026/09/30 23:10:05.749, 0 %, 1350 MHz, 30.91 W, 79, 59 MiB
2026/09/30 23:10:06.755, 52 %, 1350 MHz, 17.18 W, 79, 55 MiB
2026/09/30 23:10:07.761, 30 %, 1350 MHz, 32.38 W, 83, 59 MiB
2026/09/30 23:10:08.768, 80 %, 1350 MHz, 31.49 W, 81, 59 MiB
2026/09/30 23:10:09.775, 45 %, 1350 MHz, 17.43 W, 80, 55 MiB
2026/09/30 23:10:10.781, 35 %, 1350 MHz, 32.32 W, 84, 59 MiB
2026/09/30 23:10:11.789, 80 %, 1350 MHz, 25.04 W, 81, 59 MiB
2026/09/30 23:10:12.797, 41 %, 1350 MHz, 17.56 W, 81, 55 MiB
2026/09/30 23:10:13.804, 39 %, 1350 MHz, 32.18 W, 84, 59 MiB
2026/09/30 23:10:14.809, 80 %, 1350 MHz, 20.09 W, 81, 59 MiB
2026/09/30 23:10:15.814, 37 %, 1350 MHz, 17.71 W, 82, 55 MiB
2026/09/30 23:10:16.819, 43 %, 1350 MHz, 32.60 W, 84, 59 MiB
2026/09/30 23:10:17.824, 80 %, 1350 MHz, 17.27 W, 80, 59 MiB
2026/09/30 23:10:18.828, 33 %, 1350 MHz, 17.86 W, 83, 55 MiB
2026/09/30 23:10:19.833, 47 %, 1350 MHz, 32.76 W, 84, 59 MiB
2026/09/30 23:10:20.838, 79 %, 1350 MHz, 17.30 W, 80, 59 MiB
2026/09/30 23:10:21.844, 33 %, 1350 MHz, 18.83 W, 83, 55 MiB
2026/09/30 23:10:22.853, 48 %, 1350 MHz, 32.45 W, 84, 59 MiB
2026/09/30 23:10:23.858, 76 %, 1350 MHz, 17.32 W, 80, 55 MiB
2026/09/30 23:10:24.862, 33 %, 1350 MHz, 22.05 W, 84, 55 MiB
2026/09/30 23:10:25.867, 51 %, 1350 MHz, 32.52 W, 84, 59 MiB
2026/09/30 23:10:26.871, 75 %, 1350 MHz, 17.35 W, 80, 55 MiB
2026/09/30 23:10:27.875, 33 %, 1350 MHz, 24.84 W, 85, 55 MiB
2026/09/30 23:10:28.881, 53 %, 1350 MHz, 32.43 W, 84, 59 MiB
2026/09/30 23:10:29.886, 71 %, 1350 MHz, 17.38 W, 81, 55 MiB
2026/09/30 23:10:30.892, 31 %, 1350 MHz, 26.83 W, 85, 55 MiB
2026/09/30 23:10:31.897, 58 %, 1245 MHz, 28.35 W, 83, 59 MiB
2026/09/30 23:10:32.901, 63 %, 1350 MHz, 16.10 W, 81, 55 MiB
2026/09/30 23:10:33.905, 23 %, 1350 MHz, 15.75 W, 78, 0 MiB
2026/09/30 23:10:34.957, 0 %, 360 MHz, 3.30 W, 75, 0 MiB
2026/09/30 23:10:35.963, 0 %, 1350 MHz, 29.14 W, 79, 59 MiB
2026/09/30 23:10:36.998, 66 %, 1350 MHz, 17.06 W, 79, 55 MiB
2026/09/30 23:10:38.002, 26 %, 1350 MHz, 31.45 W, 83, 57 MiB
2026/09/30 23:10:39.027, 72 %, 1350 MHz, 32.18 W, 81, 59 MiB
2026/09/30 23:10:40.033, 52 %, 1350 MHz, 17.27 W, 81, 55 MiB
2026/09/30 23:10:41.037, 33 %, 1350 MHz, 31.96 W, 84, 57 MiB
2026/09/30 23:10:42.042, 75 %, 1350 MHz, 32.10 W, 81, 59 MiB
2026/09/30 23:10:43.047, 50 %, 1350 MHz, 17.37 W, 82, 55 MiB
2026/09/30 23:10:44.051, 32 %, 1350 MHz, 30.82 W, 84, 57 MiB
2026/09/30 23:10:45.058, 79 %, 1350 MHz, 32.00 W, 80, 59 MiB
2026/09/30 23:10:46.063, 45 %, 1350 MHz, 17.43 W, 82, 55 MiB
2026/09/30 23:10:47.067, 35 %, 1350 MHz, 31.55 W, 84, 57 MiB
2026/09/30 23:10:48.072, 80 %, 1350 MHz, 31.91 W, 80, 59 MiB
2026/09/30 23:10:49.076, 43 %, 1350 MHz, 17.46 W, 83, 55 MiB
2026/09/30 23:10:50.081, 37 %, 1350 MHz, 31.76 W, 84, 57 MiB
2026/09/30 23:10:51.085, 80 %, 1350 MHz, 32.27 W, 80, 59 MiB
2026/09/30 23:10:52.090, 41 %, 1350 MHz, 17.51 W, 83, 55 MiB
2026/09/30 23:10:53.095, 39 %, 1350 MHz, 32.73 W, 84, 57 MiB
2026/09/30 23:10:54.100, 80 %, 1350 MHz, 31.96 W, 80, 59 MiB
2026/09/30 23:10:55.108, 35 %, 1350 MHz, 17.61 W, 85, 55 MiB
2026/09/30 23:10:56.113, 45 %, 1350 MHz, 31.90 W, 84, 59 MiB
2026/09/30 23:10:57.120, 73 %, 1350 MHz, 17.31 W, 81, 59 MiB
2026/09/30 23:10:58.126, 29 %, 1350 MHz, 18.02 W, 85, 55 MiB
2026/09/30 23:10:59.130, 58 %, 1350 MHz, 32.58 W, 83, 59 MiB
2026/09/30 23:11:00.135, 66 %, 1350 MHz, 17.36 W, 82, 59 MiB
2026/09/30 23:11:01.140, 31 %, 1350 MHz, 24.74 W, 85, 55 MiB
2026/09/30 23:11:02.144, 63 %, 1350 MHz, 32.48 W, 83, 59 MiB
2026/09/30 23:11:03.148, 63 %, 1350 MHz, 17.39 W, 82, 55 MiB
2026/09/30 23:11:04.152, 17 %, 1350 MHz, 17.19 W, 79, 0 MiB
2026/09/30 23:11:05.158, 0 %, 360 MHz, 3.36 W, 76, 0 MiB
2026/09/30 23:11:06.164, 0 %, 1350 MHz, 32.04 W, 80, 59 MiB
2026/09/30 23:11:07.170, 70 %, 1350 MHz, 17.13 W, 80, 59 MiB
2026/09/30 23:11:08.175, 31 %, 1350 MHz, 22.31 W, 84, 55 MiB
2026/09/30 23:11:09.180, 60 %, 1350 MHz, 32.35 W, 82, 59 MiB
2026/09/30 23:11:10.184, 63 %, 1350 MHz, 17.29 W, 81, 59 MiB
2026/09/30 23:11:11.189, 33 %, 1350 MHz, 26.04 W, 84, 55 MiB
2026/09/30 23:11:12.193, 63 %, 1350 MHz, 32.46 W, 82, 59 MiB
2026/09/30 23:11:13.199, 62 %, 1350 MHz, 17.34 W, 82, 55 MiB
2026/09/30 23:11:14.203, 33 %, 1350 MHz, 28.36 W, 85, 55 MiB
2026/09/30 23:11:15.207, 65 %, 1350 MHz, 32.46 W, 82, 59 MiB
2026/09/30 23:11:16.212, 61 %, 1350 MHz, 17.36 W, 82, 55 MiB
2026/09/30 23:11:17.217, 32 %, 1350 MHz, 31.72 W, 84, 55 MiB
2026/09/30 23:11:18.222, 67 %, 1350 MHz, 32.53 W, 80, 59 MiB
2026/09/30 23:11:19.227, 58 %, 1350 MHz, 17.37 W, 83, 55 MiB
2026/09/30 23:11:20.232, 32 %, 1350 MHz, 32.37 W, 84, 55 MiB
2026/09/30 23:11:21.240, 69 %, 1350 MHz, 32.23 W, 84, 59 MiB
2026/09/30 23:11:22.246, 56 %, 1350 MHz, 17.42 W, 81, 55 MiB
2026/09/30 23:11:23.253, 32 %, 1350 MHz, 31.78 W, 84, 55 MiB
2026/09/30 23:11:24.259, 72 %, 1350 MHz, 32.70 W, 84, 59 MiB
2026/09/30 23:11:25.264, 52 %, 1350 MHz, 17.45 W, 81, 55 MiB
2026/09/30 23:11:26.269, 33 %, 1245 MHz, 32.32 W, 85, 55 MiB
2026/09/30 23:11:27.278, 75 %, 1350 MHz, 32.83 W, 85, 59 MiB
2026/09/30 23:11:28.284, 52 %, 1350 MHz, 17.48 W, 81, 55 MiB
2026/09/30 23:11:29.289, 33 %, 1350 MHz, 32.44 W, 85, 55 MiB
2026/09/30 23:11:30.295, 75 %, 1350 MHz, 32.77 W, 84, 59 MiB
2026/09/30 23:11:31.301, 49 %, 1350 MHz, 17.51 W, 81, 55 MiB
2026/09/30 23:11:32.307, 32 %, 1110 MHz, 29.43 W, 85, 57 MiB
2026/09/30 23:11:33.312, 80 %, 1350 MHz, 15.96 W, 80, 0 MiB
2026/09/30 23:11:34.318, 0 %, 405 MHz, 7.71 W, 77, 0 MiB
2026/09/30 23:11:35.325, 0 %, 1350 MHz, 3.96 W, 74, 15 MiB
2026/09/30 23:11:36.333, 4 %, 1290 MHz, 27.08 W, 82, 57 MiB
2026/09/30 23:11:37.339, 82 %, 1275 MHz, 28.44 W, 81, 59 MiB
2026/09/30 23:11:38.347, 37 %, 1350 MHz, 17.31 W, 80, 55 MiB
2026/09/30 23:11:39.353, 49 %, 1350 MHz, 32.16 W, 84, 59 MiB
2026/09/30 23:11:40.358, 72 %, 1350 MHz, 18.24 W, 82, 59 MiB
2026/09/30 23:11:41.364, 33 %, 1350 MHz, 17.74 W, 81, 55 MiB
2026/09/30 23:11:42.370, 55 %, 1350 MHz, 32.46 W, 84, 59 MiB
2026/09/30 23:11:43.376, 70 %, 1350 MHz, 30.87 W, 82, 59 MiB
2026/09/30 23:11:44.382, 34 %, 1350 MHz, 16.32 W, 81, 55 MiB
2026/09/30 23:11:45.391, 58 %, 1260 MHz, 27.98 W, 83, 59 MiB
2026/09/30 23:11:46.404, 66 %, 1350 MHz, 15.91 W, 79, 55 MiB
2026/09/30 23:11:47.411, 27 %, 1230 MHz, 28.28 W, 83, 57 MiB
2026/09/30 23:11:48.417, 80 %, 1245 MHz, 28.12 W, 82, 59 MiB
2026/09/30 23:11:49.422, 37 %, 1350 MHz, 16.05 W, 80, 55 MiB
2026/09/30 23:11:50.427, 50 %, 1350 MHz, 32.46 W, 84, 59 MiB
2026/09/30 23:11:51.432, 71 %, 1350 MHz, 29.61 W, 82, 59 MiB
2026/09/30 23:11:52.438, 32 %, 1350 MHz, 17.59 W, 82, 55 MiB
2026/09/30 23:11:53.444, 57 %, 1350 MHz, 32.58 W, 85, 59 MiB
2026/09/30 23:11:54.449, 69 %, 1350 MHz, 28.69 W, 82, 59 MiB
2026/09/30 23:11:55.454, 34 %, 1350 MHz, 17.64 W, 82, 55 MiB
2026/09/30 23:11:56.459, 58 %, 1350 MHz, 32.66 W, 85, 59 MiB
2026/09/30 23:11:57.464, 69 %, 1350 MHz, 29.98 W, 82, 59 MiB
2026/09/30 23:11:58.469, 34 %, 1350 MHz, 17.69 W, 82, 55 MiB
2026/09/30 23:11:59.475, 57 %, 1350 MHz, 32.56 W, 85, 59 MiB
2026/09/30 23:12:00.481, 70 %, 1350 MHz, 29.51 W, 83, 59 MiB
2026/09/30 23:12:01.490, 33 %, 1350 MHz, 17.70 W, 82, 55 MiB
2026/09/30 23:12:02.496, 57 %, 1350 MHz, 32.78 W, 85, 59 MiB
2026/09/30 23:12:03.501, 69 %, 1350 MHz, 17.38 W, 80, 0 MiB
2026/09/30 23:12:04.506, 11 %, 405 MHz, 17.14 W, 79, 0 MiB
2026/09/30 23:12:05.520, 0 %, 1350 MHz, 27.21 W, 79, 59 MiB
2026/09/30 23:12:06.526, 24 %, 1350 MHz, 17.42 W, 80, 55 MiB
2026/09/30 23:12:07.531, 58 %, 1350 MHz, 32.44 W, 84, 59 MiB
2026/09/30 23:12:08.537, 66 %, 1350 MHz, 25.24 W, 82, 59 MiB
2026/09/30 23:12:09.542, 34 %, 1350 MHz, 17.61 W, 81, 55 MiB
2026/09/30 23:12:10.547, 60 %, 1350 MHz, 32.95 W, 85, 59 MiB
2026/09/30 23:12:11.621, 66 %, 1350 MHz, 32.35 W, 83, 59 MiB
2026/09/30 23:12:12.626, 33 %, 1350 MHz, 17.55 W, 81, 55 MiB
2026/09/30 23:12:13.631, 60 %, 1350 MHz, 33.01 W, 85, 55 MiB
2026/09/30 23:12:14.638, 66 %, 1350 MHz, 32.28 W, 83, 59 MiB
2026/09/30 23:12:15.646, 33 %, 1350 MHz, 17.56 W, 81, 55 MiB
2026/09/30 23:12:16.651, 61 %, 1350 MHz, 32.86 W, 85, 59 MiB
2026/09/30 23:12:17.657, 65 %, 1350 MHz, 32.50 W, 83, 59 MiB
2026/09/30 23:12:18.662, 34 %, 1350 MHz, 17.62 W, 82, 55 MiB
2026/09/30 23:12:19.667, 62 %, 1350 MHz, 32.90 W, 85, 59 MiB
2026/09/30 23:12:20.672, 64 %, 1350 MHz, 32.41 W, 83, 59 MiB
2026/09/30 23:12:21.677, 33 %, 1350 MHz, 17.69 W, 82, 55 MiB
2026/09/30 23:12:22.682, 63 %, 1350 MHz, 33.04 W, 85, 59 MiB
2026/09/30 23:12:23.688, 63 %, 1350 MHz, 24.39 W, 82, 59 MiB
2026/09/30 23:12:24.692, 31 %, 1350 MHz, 17.81 W, 82, 55 MiB
2026/09/30 23:12:25.697, 70 %, 1350 MHz, 33.12 W, 85, 59 MiB
2026/09/30 23:12:26.701, 57 %, 1350 MHz, 27.29 W, 83, 59 MiB
2026/09/30 23:12:27.705, 34 %, 1350 MHz, 17.82 W, 82, 55 MiB
2026/09/30 23:12:28.710, 68 %, 1350 MHz, 32.86 W, 86, 59 MiB
2026/09/30 23:12:29.716, 60 %, 1350 MHz, 28.07 W, 83, 59 MiB
2026/09/30 23:12:30.722, 32 %, 1350 MHz, 17.69 W, 82, 55 MiB
2026/09/30 23:12:31.728, 73 %, 1350 MHz, 32.89 W, 85, 59 MiB
2026/09/30 23:12:32.734, 47 %, 1350 MHz, 17.40 W, 81, 55 MiB
2026/09/30 23:12:33.740, 33 %, 1350 MHz, 17.21 W, 79, 0 MiB
2026/09/30 23:12:34.748, 0 %, 360 MHz, 3.38 W, 74, 0 MiB
2026/09/30 23:12:35.757, 0 %, 1350 MHz, 31.06 W, 80, 59 MiB
2026/09/30 23:12:36.765, 31 %, 1350 MHz, 17.22 W, 79, 55 MiB
2026/09/30 23:12:37.771, 51 %, 1350 MHz, 30.86 W, 84, 57 MiB
2026/09/30 23:12:38.778, 68 %, 1350 MHz, 31.91 W, 82, 59 MiB
2026/09/30 23:12:39.784, 30 %, 1350 MHz, 17.47 W, 81, 55 MiB
2026/09/30 23:12:40.791, 65 %, 1350 MHz, 33.15 W, 85, 57 MiB
2026/09/30 23:12:41.796, 34 %, 1350 MHz, 32.38 W, 83, 59 MiB
2026/09/30 23:12:42.802, 62 %, 1350 MHz, 17.55 W, 81, 55 MiB
2026/09/30 23:12:43.805, 66 %, 1350 MHz, 33.07 W, 85, 57 MiB
2026/09/30 23:12:44.809, 34 %, 1350 MHz, 32.60 W, 83, 59 MiB
2026/09/30 23:12:45.813, 60 %, 1350 MHz, 17.58 W, 81, 55 MiB
2026/09/30 23:12:46.817, 65 %, 1350 MHz, 32.94 W, 85, 57 MiB
2026/09/30 23:12:47.885, 36 %, 1350 MHz, 32.31 W, 83, 59 MiB
2026/09/30 23:12:48.988, 60 %, 1350 MHz, 16.33 W, 81, 55 MiB
2026/09/30 23:12:50.093, 67 %, 1215 MHz, 28.38 W, 83, 59 MiB
2026/09/30 23:12:51.201, 26 %, 1260 MHz, 16.23 W, 79, 59 MiB
2026/09/30 23:12:52.259, 83 %, 1350 MHz, 19.65 W, 82, 55 MiB
2026/09/30 23:12:53.263, 36 %, 1245 MHz, 28.43 W, 82, 59 MiB
2026/09/30 23:12:54.266, 36 %, 1350 MHz, 16.09 W, 80, 55 MiB
2026/09/30 23:12:55.269, 51 %, 1350 MHz, 32.14 W, 85, 57 MiB
2026/09/30 23:12:56.272, 72 %, 1350 MHz, 32.43 W, 83, 59 MiB
2026/09/30 23:12:57.275, 32 %, 1350 MHz, 17.55 W, 82, 55 MiB
2026/09/30 23:12:58.278, 59 %, 1350 MHz, 32.32 W, 85, 57 MiB
2026/09/30 23:12:59.282, 70 %, 1350 MHz, 32.63 W, 83, 59 MiB
2026/09/30 23:13:00.285, 35 %, 1350 MHz, 17.55 W, 82, 55 MiB
2026/09/30 23:13:01.289, 55 %, 1350 MHz, 32.01 W, 85, 57 MiB
2026/09/30 23:13:02.293, 74 %, 1350 MHz, 32.57 W, 84, 59 MiB
2026/09/30 23:13:03.297, 34 %, 1350 MHz, 17.57 W, 82, 55 MiB
2026/09/30 23:13:04.300, 52 %, 1350 MHz, 17.22 W, 80, 0 MiB
2026/09/30 23:13:05.315, 0 %, 360 MHz, 5.92 W, 75, 0 MiB
2026/09/30 23:13:06.320, 67 %, 1350 MHz, 32.83 W, 83, 57 MiB
2026/09/30 23:13:07.326, 32 %, 1350 MHz, 32.11 W, 81, 59 MiB
2026/09/30 23:13:08.329, 63 %, 1350 MHz, 17.49 W, 81, 55 MiB
2026/09/30 23:13:09.333, 65 %, 1350 MHz, 32.99 W, 85, 57 MiB
2026/09/30 23:13:10.336, 32 %, 1245 MHz, 28.94 W, 81, 59 MiB
2026/09/30 23:13:11.339, 72 %, 1350 MHz, 16.28 W, 82, 55 MiB
2026/09/30 23:13:12.343, 52 %, 1215 MHz, 16.59 W, 83, 59 MiB
2026/09/30 23:13:13.346, 52 %, 1350 MHz, 15.93 W, 80, 55 MiB
2026/09/30 23:13:14.350, 36 %, 1245 MHz, 28.01 W, 83, 57 MiB
2026/09/30 23:13:15.355, 86 %, 1350 MHz, 31.24 W, 81, 59 MiB
2026/09/30 23:13:16.358, 29 %, 1350 MHz, 17.41 W, 81, 55 MiB
2026/09/30 23:13:17.363, 54 %, 1350 MHz, 32.09 W, 85, 57 MiB
2026/09/30 23:13:18.367, 73 %, 1350 MHz, 32.61 W, 83, 59 MiB
2026/09/30 23:13:19.370, 35 %, 1350 MHz, 17.46 W, 82, 55 MiB
2026/09/30 23:13:20.374, 52 %, 1350 MHz, 32.39 W, 85, 57 MiB
2026/09/30 23:13:21.378, 76 %, 1350 MHz, 32.89 W, 83, 59 MiB
2026/09/30 23:13:22.381, 34 %, 1350 MHz, 17.49 W, 82, 55 MiB
2026/09/30 23:13:23.385, 49 %, 1350 MHz, 32.53 W, 85, 57 MiB
2026/09/30 23:13:24.388, 80 %, 1350 MHz, 32.86 W, 83, 59 MiB
2026/09/30 23:13:25.392, 34 %, 1350 MHz, 17.46 W, 82, 55 MiB
2026/09/30 23:13:26.396, 47 %, 1020 MHz, 25.99 W, 85, 57 MiB
2026/09/30 23:13:27.403, 80 %, 1350 MHz, 32.86 W, 82, 59 MiB
2026/09/30 23:13:28.407, 33 %, 1350 MHz, 17.52 W, 82, 55 MiB
2026/09/30 23:13:29.411, 52 %, 870 MHz, 30.69 W, 85, 57 MiB
2026/09/30 23:13:30.415, 76 %, 1350 MHz, 32.52 W, 81, 59 MiB
2026/09/30 23:13:31.419, 31 %, 1350 MHz, 17.56 W, 83, 55 MiB
2026/09/30 23:13:32.423, 59 %, 1350 MHz, 32.56 W, 85, 57 MiB
2026/09/30 23:13:33.430, 66 %, 1350 MHz, 17.35 W, 81, 0 MiB
2026/09/30 23:13:34.434, 14 %, 405 MHz, 8.84 W, 79, 0 MiB
2026/09/30 23:13:35.450, 0 %, 360 MHz, 3.31 W, 75, 0 MiB
2026/09/30 23:13:36.456, 0 %, 1350 MHz, 31.78 W, 77, 59 MiB
2026/09/30 23:13:37.461, 36 %, 1350 MHz, 17.17 W, 80, 55 MiB
2026/09/30 23:13:38.466, 46 %, 1350 MHz, 32.22 W, 84, 57 MiB
2026/09/30 23:13:39.470, 77 %, 1350 MHz, 32.49 W, 81, 59 MiB
2026/09/30 23:13:40.475, 50 %, 1350 MHz, 17.38 W, 82, 55 MiB
2026/09/30 23:13:41.478, 73 %, 1350 MHz, 32.70 W, 84, 55 MiB
2026/09/30 23:13:42.481, 35 %, 1350 MHz, 32.99 W, 85, 59 MiB
2026/09/30 23:13:43.485, 52 %, 1350 MHz, 28.52 W, 83, 59 MiB
2026/09/30 23:13:44.491, 77 %, 1350 MHz, 16.26 W, 81, 55 MiB
2026/09/30 23:13:45.498, 36 %, 1260 MHz, 27.96 W, 84, 57 MiB
2026/09/30 23:13:46.502, 54 %, 1230 MHz, 28.94 W, 82, 59 MiB
2026/09/30 23:13:47.506, 70 %, 1350 MHz, 16.30 W, 81, 55 MiB
2026/09/30 23:13:48.511, 29 %, 1215 MHz, 28.26 W, 83, 59 MiB
2026/09/30 23:13:49.515, 77 %, 1350 MHz, 15.98 W, 79, 55 MiB
2026/09/30 23:13:50.520, 47 %, 1350 MHz, 32.74 W, 84, 55 MiB
2026/09/30 23:13:51.530, 35 %, 1350 MHz, 32.95 W, 84, 59 MiB
2026/09/30 23:13:52.534, 80 %, 1350 MHz, 17.40 W, 80, 55 MiB
2026/09/30 23:13:53.538, 47 %, 1350 MHz, 31.78 W, 84, 55 MiB
2026/09/30 23:13:54.543, 34 %, 1350 MHz, 32.76 W, 85, 59 MiB
2026/09/30 23:13:55.548, 79 %, 1350 MHz, 17.43 W, 81, 55 MiB
2026/09/30 23:13:56.552, 51 %, 1350 MHz, 21.78 W, 83, 55 MiB
2026/09/30 23:13:57.557, 33 %, 1350 MHz, 32.93 W, 85, 59 MiB
2026/09/30 23:13:58.561, 78 %, 1350 MHz, 17.44 W, 81, 55 MiB
2026/09/30 23:13:59.567, 53 %, 1350 MHz, 22.06 W, 83, 55 MiB
2026/09/30 23:14:00.573, 32 %, 1350 MHz, 32.63 W, 85, 59 MiB
2026/09/30 23:14:01.578, 75 %, 1350 MHz, 17.47 W, 81, 55 MiB
2026/09/30 23:14:02.583, 52 %, 1050 MHz, 21.49 W, 83, 57 MiB
2026/09/30 23:14:03.588, 41 %, 1350 MHz, 17.25 W, 80, 0 MiB
2026/09/30 23:14:04.592, 0 %, 405 MHz, 8.45 W, 77, 0 MiB
2026/09/30 23:14:05.599, 32 %, 1350 MHz, 31.67 W, 84, 57 MiB
2026/09/30 23:14:06.604, 49 %, 1350 MHz, 32.51 W, 83, 59 MiB
2026/09/30 23:14:07.609, 78 %, 1350 MHz, 17.51 W, 81, 55 MiB
2026/09/30 23:14:08.613, 35 %, 1350 MHz, 32.36 W, 85, 57 MiB
2026/09/30 23:14:09.618, 47 %, 1350 MHz, 32.51 W, 84, 59 MiB
2026/09/30 23:14:10.623, 81 %, 1350 MHz, 17.52 W, 81, 55 MiB
2026/09/30 23:14:11.627, 33 %, 1350 MHz, 32.50 W, 86, 57 MiB
2026/09/30 23:14:12.632, 50 %, 1350 MHz, 32.69 W, 84, 59 MiB
2026/09/30 23:14:13.635, 80 %, 1350 MHz, 17.51 W, 82, 55 MiB
2026/09/30 23:14:14.640, 34 %, 945 MHz, 32.31 W, 85, 57 MiB
2026/09/30 23:14:15.645, 51 %, 1350 MHz, 32.78 W, 84, 59 MiB
2026/09/30 23:14:16.649, 75 %, 1350 MHz, 17.60 W, 82, 55 MiB
2026/09/30 23:14:17.656, 34 %, 1350 MHz, 33.08 W, 86, 57 MiB
2026/09/30 23:14:18.661, 56 %, 1350 MHz, 32.49 W, 83, 59 MiB
2026/09/30 23:14:19.665, 71 %, 1350 MHz, 16.43 W, 81, 55 MiB
2026/09/30 23:14:20.671, 30 %, 1230 MHz, 27.92 W, 84, 59 MiB
2026/09/30 23:14:21.677, 70 %, 1350 MHz, 16.03 W, 80, 55 MiB
2026/09/30 23:14:22.683, 54 %, 1350 MHz, 26.93 W, 83, 55 MiB
2026/09/30 23:14:23.688, 34 %, 1215 MHz, 28.31 W, 83, 59 MiB
2026/09/30 23:14:24.692, 87 %, 1350 MHz, 16.15 W, 80, 55 MiB
2026/09/30 23:14:25.697, 31 %, 1350 MHz, 32.45 W, 85, 57 MiB
2026/09/30 23:14:26.701, 50 %, 1350 MHz, 32.59 W, 84, 59 MiB
2026/09/30 23:14:27.705, 77 %, 1350 MHz, 17.60 W, 81, 55 MiB
2026/09/30 23:14:28.711, 35 %, 1350 MHz, 32.52 W, 86, 57 MiB
2026/09/30 23:14:29.717, 50 %, 1350 MHz, 32.42 W, 84, 59 MiB
2026/09/30 23:14:30.722, 77 %, 1350 MHz, 17.66 W, 82, 55 MiB
2026/09/30 23:14:31.728, 35 %, 1350 MHz, 32.64 W, 86, 57 MiB
2026/09/30 23:14:32.733, 48 %, 1350 MHz, 17.34 W, 80, 0 MiB
2026/09/30 23:14:33.739, 0 %, 405 MHz, 7.86 W, 78, 0 MiB
2026/09/30 23:14:34.746, 0 %, 1350 MHz, 32.10 W, 82, 59 MiB
2026/09/30 23:14:35.754, 81 %, 1350 MHz, 17.33 W, 80, 55 MiB
2026/09/30 23:14:36.760, 38 %, 1350 MHz, 32.72 W, 85, 57 MiB
2026/09/30 23:14:37.764, 42 %, 1350 MHz, 32.88 W, 84, 59 MiB
2026/09/30 23:14:38.769, 80 %, 1350 MHz, 17.48 W, 81, 55 MiB
2026/09/30 23:14:39.773, 41 %, 1350 MHz, 30.41 W, 85, 55 MiB
2026/09/30 23:14:40.787, 39 %, 1230 MHz, 28.15 W, 83, 59 MiB
2026/09/30 23:14:41.796, 88 %, 1350 MHz, 16.11 W, 80, 55 MiB
2026/09/30 23:14:42.803, 32 %, 1230 MHz, 27.54 W, 84, 57 MiB
2026/09/30 23:14:43.809, 56 %, 1245 MHz, 24.84 W, 82, 59 MiB
2026/09/30 23:14:44.812, 66 %, 1350 MHz, 16.40 W, 81, 55 MiB
2026/09/30 23:14:45.815, 29 %, 1350 MHz, 32.19 W, 84, 59 MiB
2026/09/30 23:14:46.819, 75 %, 1350 MHz, 17.35 W, 80, 55 MiB
2026/09/30 23:14:47.822, 50 %, 1350 MHz, 25.45 W, 83, 55 MiB
2026/09/30 23:14:48.825, 35 %, 1350 MHz, 32.74 W, 85, 59 MiB
2026/09/30 23:14:49.828, 75 %, 1350 MHz, 17.44 W, 81, 55 MiB
2026/09/30 23:14:50.832, 53 %, 1350 MHz, 18.86 W, 83, 55 MiB
2026/09/30 23:14:51.839, 34 %, 1350 MHz, 33.27 W, 85, 59 MiB
2026/09/30 23:14:52.845, 74 %, 1350 MHz, 17.44 W, 81, 59 MiB
2026/09/30 23:14:53.851, 56 %, 1350 MHz, 18.13 W, 83, 55 MiB
2026/09/30 23:14:54.854, 34 %, 1350 MHz, 33.23 W, 85, 59 MiB
2026/09/30 23:14:55.857, 75 %, 1350 MHz, 17.43 W, 81, 55 MiB
2026/09/30 23:14:56.861, 52 %, 1350 MHz, 22.92 W, 84, 55 MiB
2026/09/30 23:14:57.864, 35 %, 1350 MHz, 32.43 W, 84, 59 MiB
2026/09/30 23:14:58.867, 82 %, 1350 MHz, 17.54 W, 81, 55 MiB
2026/09/30 23:14:59.870, 41 %, 1350 MHz, 32.61 W, 86, 55 MiB
2026/09/30 23:15:00.879, 39 %, 1350 MHz, 33.00 W, 84, 59 MiB
2026/09/30 23:15:01.883, 82 %, 1350 MHz, 17.52 W, 81, 55 MiB
2026/09/30 23:15:02.887, 0 %, 1350 MHz, 17.21 W, 80, 0 MiB
2026/09/30 23:15:03.893, 0 %, 1350 MHz, 31.74 W, 80, 59 MiB
2026/09/30 23:15:04.901, 72 %, 1350 MHz, 17.51 W, 81, 55 MiB
2026/09/30 23:15:05.905, 32 %, 1350 MHz, 32.97 W, 84, 59 MiB
2026/09/30 23:15:06.910, 57 %, 1350 MHz, 32.58 W, 82, 59 MiB
2026/09/30 23:15:07.913, 72 %, 1350 MHz, 17.66 W, 82, 55 MiB
2026/09/30 23:15:08.917, 35 %, 1350 MHz, 32.43 W, 85, 57 MiB
2026/09/30 23:15:09.920, 53 %, 1245 MHz, 28.28 W, 82, 59 MiB
2026/09/30 23:15:10.923, 75 %, 1350 MHz, 16.33 W, 82, 55 MiB
2026/09/30 23:15:11.926, 30 %, 1245 MHz, 27.89 W, 83, 59 MiB
2026/09/30 23:15:12.930, 71 %, 1350 MHz, 15.99 W, 80, 55 MiB
2026/09/30 23:15:13.933, 54 %, 1350 MHz, 24.65 W, 84, 55 MiB
2026/09/30 23:15:14.940, 33 %, 1215 MHz, 21.34 W, 82, 59 MiB
2026/09/30 23:15:15.943, 88 %, 1350 MHz, 16.12 W, 81, 55 MiB
2026/09/30 23:15:16.947, 32 %, 1215 MHz, 28.09 W, 83, 57 MiB
2026/09/30 23:15:17.950, 56 %, 1350 MHz, 30.67 W, 79, 59 MiB
2026/09/30 23:15:18.953, 67 %, 1350 MHz, 17.66 W, 83, 55 MiB
2026/09/30 23:15:19.957, 33 %, 1350 MHz, 32.95 W, 85, 59 MiB
2026/09/30 23:15:20.960, 60 %, 1350 MHz, 32.68 W, 81, 59 MiB
2026/09/30 23:15:21.964, 69 %, 1350 MHz, 17.68 W, 83, 55 MiB
2026/09/30 23:15:22.967, 35 %, 1350 MHz, 33.27 W, 85, 59 MiB
2026/09/30 23:15:23.974, 55 %, 1350 MHz, 32.85 W, 81, 59 MiB
2026/09/30 23:15:24.978, 74 %, 1350 MHz, 17.62 W, 83, 55 MiB
2026/09/30 23:15:25.984, 31 %, 1350 MHz, 33.04 W, 85, 59 MiB
2026/09/30 23:15:26.988, 60 %, 1350 MHz, 32.74 W, 81, 59 MiB
2026/09/30 23:15:27.993, 70 %, 1350 MHz, 17.68 W, 84, 55 MiB
2026/09/30 23:15:28.997, 32 %, 1350 MHz, 33.09 W, 85, 59 MiB
2026/09/30 23:15:30.001, 62 %, 1350 MHz, 17.45 W, 81, 59 MiB
2026/09/30 23:15:31.004, 66 %, 1350 MHz, 18.60 W, 84, 55 MiB
2026/09/30 23:15:32.008, 18 %, 1350 MHz, 17.25 W, 80, 0 MiB
2026/09/30 23:15:33.012, 0 %, 360 MHz, 4.51 W, 78, 9 MiB
2026/09/30 23:15:34.018, 47 %, 1350 MHz, 31.00 W, 84, 57 MiB
2026/09/30 23:15:35.022, 34 %, 1350 MHz, 32.33 W, 82, 59 MiB
2026/09/30 23:15:36.026, 81 %, 1350 MHz, 16.23 W, 81, 55 MiB
2026/09/30 23:15:37.029, 43 %, 1215 MHz, 27.52 W, 83, 57 MiB
2026/09/30 23:15:38.033, 44 %, 1245 MHz, 28.35 W, 79, 59 MiB
2026/09/30 23:15:39.039, 79 %, 1350 MHz, 16.31 W, 82, 55 MiB
2026/09/30 23:15:40.043, 28 %, 1230 MHz, 28.47 W, 83, 59 MiB
2026/09/30 23:15:41.047, 67 %, 1350 MHz, 15.97 W, 80, 55 MiB
2026/09/30 23:15:42.050, 56 %, 1350 MHz, 32.04 W, 84, 55 MiB
2026/09/30 23:15:43.054, 32 %, 1350 MHz, 32.78 W, 83, 59 MiB
2026/09/30 23:15:44.057, 74 %, 1350 MHz, 17.44 W, 82, 55 MiB
2026/09/30 23:15:45.061, 56 %, 1350 MHz, 27.73 W, 85, 55 MiB
2026/09/30 23:15:46.065, 33 %, 1350 MHz, 32.90 W, 83, 59 MiB
2026/09/30 23:15:47.068, 76 %, 1350 MHz, 17.43 W, 81, 55 MiB
2026/09/30 23:15:48.072, 51 %, 1350 MHz, 33.08 W, 86, 55 MiB
2026/09/30 23:15:49.076, 35 %, 1350 MHz, 32.76 W, 83, 59 MiB
2026/09/30 23:15:50.079, 77 %, 1350 MHz, 17.51 W, 82, 55 MiB
2026/09/30 23:15:51.083, 50 %, 1350 MHz, 32.70 W, 86, 55 MiB
2026/09/30 23:15:52.087, 34 %, 1350 MHz, 32.79 W, 83, 59 MiB
2026/09/30 23:15:53.090, 81 %, 1350 MHz, 17.47 W, 82, 55 MiB
2026/09/30 23:15:54.094, 45 %, 1020 MHz, 25.45 W, 85, 57 MiB
2026/09/30 23:15:55.097, 40 %, 1350 MHz, 32.59 W, 81, 59 MiB
2026/09/30 23:15:56.101, 84 %, 1350 MHz, 17.60 W, 83, 55 MiB
2026/09/30 23:15:57.104, 33 %, 1350 MHz, 33.41 W, 85, 57 MiB
2026/09/30 23:15:58.108, 48 %, 1350 MHz, 32.76 W, 81, 59 MiB
2026/09/30 23:15:59.112, 80 %, 1350 MHz, 17.71 W, 84, 55 MiB
2026/09/30 23:16:00.117, 36 %, 1350 MHz, 32.66 W, 85, 57 MiB
2026/09/30 23:16:01.159, 47 %, 1350 MHz, 17.34 W, 81, 0 MiB
2026/09/30 23:16:02.162, 0 %, 405 MHz, 6.44 W, 80, 0 MiB
2026/09/30 23:16:03.168, 33 %, 1350 MHz, 32.87 W, 83, 57 MiB
2026/09/30 23:16:04.171, 48 %, 1350 MHz, 32.23 W, 80, 59 MiB
2026/09/30 23:16:05.175, 76 %, 1350 MHz, 16.37 W, 85, 55 MiB
2026/09/30 23:16:06.179, 32 %, 1215 MHz, 28.02 W, 83, 59 MiB
2026/09/30 23:16:07.185, 60 %, 1215 MHz, 16.00 W, 80, 59 MiB
2026/09/30 23:16:08.194, 64 %, 1350 MHz, 24.48 W, 83, 55 MiB
2026/09/30 23:16:09.200, 28 %, 1230 MHz, 28.46 W, 80, 59 MiB
2026/09/30 23:16:10.203, 83 %, 1350 MHz, 16.09 W, 82, 55 MiB
2026/09/30 23:16:11.206, 40 %, 1350 MHz, 32.53 W, 84, 57 MiB
2026/09/30 23:16:12.209, 42 %, 1350 MHz, 32.58 W, 80, 59 MiB
2026/09/30 23:16:13.212, 80 %, 1350 MHz, 17.58 W, 86, 55 MiB
2026/09/30 23:16:14.215, 40 %, 1350 MHz, 32.45 W, 85, 57 MiB
2026/09/30 23:16:15.218, 40 %, 1350 MHz, 32.72 W, 81, 59 MiB
2026/09/30 23:16:16.221, 84 %, 1350 MHz, 17.56 W, 84, 55 MiB
2026/09/30 23:16:17.225, 39 %, 1350 MHz, 32.75 W, 84, 57 MiB
2026/09/30 23:16:18.240, 41 %, 1350 MHz, 32.56 W, 85, 59 MiB
2026/09/30 23:16:19.245, 82 %, 1350 MHz, 17.58 W, 81, 55 MiB
2026/09/30 23:16:20.250, 39 %, 1350 MHz, 32.70 W, 86, 57 MiB
2026/09/30 23:16:21.258, 41 %, 1350 MHz, 32.82 W, 85, 59 MiB
2026/09/30 23:16:22.263, 83 %, 1350 MHz, 17.58 W, 81, 55 MiB
2026/09/30 23:16:23.268, 39 %, 1350 MHz, 32.86 W, 86, 57 MiB
2026/09/30 23:16:24.305, 42 %, 1350 MHz, 33.02 W, 85, 59 MiB
2026/09/30 23:16:25.309, 84 %, 1350 MHz, 17.53 W, 81, 55 MiB
2026/09/30 23:16:26.316, 33 %, 960 MHz, 31.50 W, 85, 57 MiB
2026/09/30 23:16:27.320, 50 %, 1350 MHz, 32.67 W, 84, 59 MiB
2026/09/30 23:16:28.325, 77 %, 1350 MHz, 17.74 W, 82, 55 MiB
2026/09/30 23:16:29.330, 35 %, 1350 MHz, 32.19 W, 86, 57 MiB
