scan,slice,method,lines_kept,samples,rel_rms_pct,psnr_db,gpu_ms,wall_ms,gpairs_per_s,gflops,ref_max,img_max
2022061203_FLAIR01,0,full,256,65536,0.000265,124.538,597.1,1553.6,28.771,374.0,85.65,85.65
2022061203_FLAIR01,0,zero-filled,70,17920,26.473872,24.539,179.3,185.2,26.200,340.6,85.65,65.98
2022061203_FLAIR01,1,full,256,65536,0.000260,123.717,668.2,679.9,25.711,334.2,87.50,87.50
2022061203_FLAIR01,1,zero-filled,70,17920,23.200487,24.690,180.7,188.4,26.000,338.0,87.50,66.92
2022061203_FLAIR01,2,full,256,65536,0.000249,123.725,646.6,655.0,26.569,345.4,86.14,86.14
2022061203_FLAIR01,2,zero-filled,70,17920,22.764619,24.516,189.9,201.0,24.732,321.5,86.14,67.20
2022061203_FLAIR01,3,full,256,65536,0.000244,123.652,685.3,701.3,25.071,325.9,89.87,89.87
2022061203_FLAIR01,3,zero-filled,70,17920,21.714813,24.663,186.3,198.8,25.211,327.7,89.87,74.70
2022061203_FLAIR01,4,full,256,65536,0.000237,123.749,659.1,668.2,26.065,338.8,90.43,90.43
2022061203_FLAIR01,4,zero-filled,70,17920,22.088022,24.362,179.3,253.9,26.197,340.6,90.43,79.76
2022061203_FLAIR01,5,full,256,65536,0.000235,123.768,665.2,677.0,25.828,335.8,92.55,92.55
2022061203_FLAIR01,5,zero-filled,70,17920,22.814311,24.030,181.7,188.2,25.851,336.1,92.55,79.96
2022061203_FLAIR01,6,full,256,65536,0.000236,124.094,652.4,663.7,26.332,342.3,97.16,97.16
2022061203_FLAIR01,6,zero-filled,70,17920,24.261656,23.837,180.2,186.8,26.067,338.9,97.16,81.14
2022061203_FLAIR01,7,full,256,65536,0.000231,125.429,662.5,671.4,25.933,337.1,114.58,114.58
2022061203_FLAIR01,7,zero-filled,70,17920,24.491848,24.932,179.5,187.4,26.166,340.2,114.58,83.62
2022061203_FLAIR01,8,full,256,65536,0.000225,125.006,675.9,692.2,25.419,330.4,104.91,104.91
2022061203_FLAIR01,8,zero-filled,70,17920,24.838525,24.130,191.2,210.3,24.563,319.3,104.91,84.90
2022061203_FLAIR01,9,full,256,65536,0.000219,124.630,679.6,698.0,25.281,328.7,97.67,97.67
2022061203_FLAIR01,9,zero-filled,70,17920,23.494528,24.004,198.5,213.9,23.666,307.7,97.67,80.79
2022061203_FLAIR01,10,full,256,65536,0.000216,124.705,697.0,714.7,24.650,320.4,95.17,95.17
2022061203_FLAIR01,10,zero-filled,70,17920,23.265131,24.074,192.0,209.5,24.461,318.0,95.17,79.39
2022061203_FLAIR01,11,full,256,65536,0.000211,124.953,687.2,707.0,24.998,325.0,95.15,95.15
2022061203_FLAIR01,11,zero-filled,70,17920,22.917040,24.247,183.5,195.2,25.600,332.8,95.15,80.08
2022061203_FLAIR01,12,full,256,65536,0.000212,124.969,657.4,668.0,26.132,339.7,94.19,94.19
2022061203_FLAIR01,12,zero-filled,70,17920,22.992730,24.250,181.1,188.4,25.944,337.3,94.19,81.23
2022061203_FLAIR01,13,full,256,65536,0.000212,125.215,660.3,675.6,26.017,338.2,92.84,92.84
2022061203_FLAIR01,13,zero-filled,70,17920,24.116385,24.097,182.6,189.7,25.726,334.4,92.84,83.00
2022061203_FLAIR01,14,full,256,65536,0.000214,125.226,658.5,670.9,26.091,339.2,91.82,91.82
2022061203_FLAIR01,14,zero-filled,70,17920,24.802459,23.954,182.5,193.1,25.737,334.6,91.82,86.97
2022061203_FLAIR01,15,full,256,65536,0.000218,125.644,663.7,675.6,25.883,336.5,94.29,94.29
2022061203_FLAIR01,15,zero-filled,70,17920,25.322924,24.352,179.9,188.0,26.110,339.4,94.29,87.49
2022061203_FLAIR01,16,full,256,65536,0.000223,125.614,666.3,678.5,25.784,335.2,93.58,93.58
2022061203_FLAIR01,16,zero-filled,70,17920,25.951493,24.279,180.3,190.4,26.048,338.6,93.58,88.62
2022061203_FLAIR01,17,full,256,65536,0.000227,125.793,659.5,674.0,26.050,338.7,93.90,93.90
2022061203_FLAIR01,17,zero-filled,70,17920,27.508979,24.113,181.5,189.9,25.878,336.4,93.90,87.59
2022061203_FLAIR02,0,full,256,65536,0.000265,124.654,663.2,1005.3,25.906,336.8,86.21,86.21
2022061203_FLAIR02,0,zero-filled,70,17920,26.596988,24.610,185.2,194.0,25.359,329.7,86.21,69.08
2022061203_FLAIR02,1,full,256,65536,0.000259,124.055,662.5,672.4,25.933,337.1,90.32,90.32
2022061203_FLAIR02,1,zero-filled,70,17920,23.423118,24.931,185.2,192.6,25.364,329.7,90.32,67.19
2022061203_FLAIR02,2,full,256,65536,0.000253,123.712,663.9,677.4,25.877,336.4,86.81,86.81
2022061203_FLAIR02,2,zero-filled,70,17920,23.077403,24.523,181.4,201.3,25.901,336.7,86.81,67.72
2022061203_FLAIR02,3,full,256,65536,0.000244,123.557,663.0,674.9,25.913,336.9,88.43,88.43
2022061203_FLAIR02,3,zero-filled,70,17920,21.687688,24.563,184.0,192.0,25.534,331.9,88.43,76.45
2022061203_FLAIR02,4,full,256,65536,0.000239,123.546,671.3,683.1,25.592,332.7,88.75,88.75
2022061203_FLAIR02,4,zero-filled,70,17920,22.025398,24.273,196.4,210.6,23.922,311.0,88.75,78.23
2022061203_FLAIR02,5,full,256,65536,0.000236,124.158,692.7,703.2,24.803,322.4,96.70,96.70
2022061203_FLAIR02,5,zero-filled,70,17920,22.860130,24.428,212.0,219.6,22.161,288.1,96.70,82.07
2022061203_FLAIR02,6,full,256,65536,0.000234,124.037,668.3,681.4,25.705,334.2,95.51,95.51
2022061203_FLAIR02,6,zero-filled,70,17920,24.190636,23.732,191.3,200.9,24.559,319.3,95.51,82.31
2022061203_FLAIR02,7,full,256,65536,0.000231,125.311,669.7,683.8,25.654,333.5,112.40,112.40
2022061203_FLAIR02,7,zero-filled,70,17920,24.520521,24.804,188.5,196.4,24.922,324.0,112.40,83.42
2022061203_FLAIR02,8,full,256,65536,0.000225,125.568,680.4,692.4,25.251,328.3,112.39,112.39
2022061203_FLAIR02,8,zero-filled,70,17920,24.731234,24.757,246.4,256.1,19.066,247.9,112.39,82.93
2022061203_FLAIR02,9,full,256,65536,0.000221,124.572,731.7,748.9,23.478,305.2,98.10,98.10
2022061203_FLAIR02,9,zero-filled,70,17920,23.695783,23.969,198.7,207.3,23.640,307.3,98.10,82.52
2022061203_FLAIR02,10,full,256,65536,0.000215,124.817,724.5,741.0,23.713,308.3,96.86,96.86
2022061203_FLAIR02,10,zero-filled,70,17920,23.144151,24.195,202.4,213.5,23.207,301.7,96.86,78.46
2022061203_FLAIR02,11,full,256,65536,0.000212,124.876,725.7,737.2,23.675,307.8,94.57,94.57
2022061203_FLAIR02,11,zero-filled,70,17920,22.882978,24.213,198.6,208.6,23.649,307.4,94.57,77.18
2022061203_FLAIR02,12,full,256,65536,0.000210,125.067,745.8,760.4,23.035,299.5,93.96,93.96
2022061203_FLAIR02,12,zero-filled,70,17920,23.073793,24.269,196.6,207.3,23.893,310.6,93.96,82.24
2022061203_FLAIR02,13,full,256,65536,0.000212,125.415,729.3,743.7,23.557,306.2,95.41,95.41
2022061203_FLAIR02,13,zero-filled,70,17920,23.902543,24.359,198.5,210.7,23.667,307.7,95.41,85.95
2022061203_FLAIR02,14,full,256,65536,0.000213,125.285,669.3,682.9,25.668,333.7,92.40,92.40
2022061203_FLAIR02,14,zero-filled,70,17920,24.769331,23.970,182.6,190.8,25.732,334.5,92.40,83.91
2022061203_FLAIR02,15,full,256,65536,0.000218,125.685,692.4,710.9,24.811,322.5,95.24,95.24
2022061203_FLAIR02,15,zero-filled,70,17920,25.062773,24.460,234.2,250.6,20.058,260.8,95.24,88.71
2022061203_FLAIR02,16,full,256,65536,0.000222,125.823,701.1,717.9,24.504,318.6,94.34,94.34
2022061203_FLAIR02,16,zero-filled,70,17920,26.188032,24.394,212.2,222.9,22.143,287.9,94.34,88.62
2022061203_FLAIR02,17,full,256,65536,0.000226,126.115,712.7,728.3,24.105,313.4,97.26,97.26
2022061203_FLAIR02,17,zero-filled,70,17920,27.593343,24.378,213.5,222.1,22.004,286.1,97.26,90.98
2022061203_T101,0,full,256,65536,0.000256,126.009,690.3,1145.8,24.888,323.5,118.01,118.01
2022061203_T101,0,zero-filled,70,17920,26.197027,25.795,185.0,195.4,25.392,330.1,118.01,83.07
2022061203_T101,1,full,256,65536,0.000249,125.697,673.8,693.0,25.499,331.5,110.88,110.88
2022061203_T101,1,zero-filled,70,17920,26.207425,25.239,182.4,191.7,25.753,334.8,110.88,76.30
2022061203_T101,2,full,256,65536,0.000238,126.027,671.1,687.9,25.598,332.8,118.05,118.05
2022061203_T101,2,zero-filled,70,17920,25.257582,25.507,227.9,236.5,20.613,268.0,118.05,89.07
2022061203_T101,3,full,256,65536,0.000234,125.413,669.1,683.1,25.675,333.8,112.25,112.25
2022061203_T101,3,zero-filled,70,17920,25.121129,24.808,207.8,216.9,22.603,293.8,112.25,93.92
2022061203_T101,4,full,256,65536,0.000231,125.493,665.6,687.1,25.810,335.5,118.55,118.55
2022061203_T101,4,zero-filled,70,17920,25.379556,24.679,222.6,266.3,21.101,274.3,118.55,100.61
2022061203_T101,5,full,256,65536,0.000231,125.818,666.8,678.7,25.766,335.0,126.36,126.36
2022061203_T101,5,zero-filled,70,17920,26.069812,24.783,235.2,242.8,19.974,259.7,126.36,102.53
2022061203_T101,6,full,256,65536,0.000230,125.886,674.7,691.8,25.463,331.0,130.64,130.64
2022061203_T101,6,zero-filled,70,17920,26.610736,24.605,226.1,236.5,20.777,270.1,130.64,106.79
2022061203_T101,7,full,256,65536,0.000228,126.243,678.0,690.6,25.339,329.4,133.86,133.86
2022061203_T101,7,zero-filled,70,17920,26.885673,24.801,246.3,261.7,19.076,248.0,133.86,104.26
2022061203_T101,8,full,256,65536,0.000218,126.311,726.7,739.3,23.642,307.3,129.78,129.78
2022061203_T101,8,zero-filled,70,17920,26.478789,24.641,200.1,209.5,23.476,305.2,129.78,103.70
2022061203_T101,9,full,256,65536,0.000209,126.714,768.4,796.8,22.357,290.6,127.74,127.74
2022061203_T101,9,zero-filled,70,17920,25.896906,24.867,198.4,207.3,23.677,307.8,127.74,94.18
2022061203_T101,10,full,256,65536,0.000207,126.671,725.6,737.5,23.676,307.8,124.07,124.07
2022061203_T101,10,zero-filled,70,17920,25.803658,24.762,197.3,208.7,23.809,309.5,124.07,97.05
2022061203_T101,11,full,256,65536,0.000205,126.635,672.9,691.5,25.531,331.9,119.80,119.80
2022061203_T101,11,zero-filled,70,17920,25.500548,24.755,195.9,204.0,23.983,311.8,119.80,92.06
2022061203_T101,12,full,256,65536,0.000207,126.678,677.8,694.9,25.346,329.5,120.25,120.25
2022061203_T101,12,zero-filled,70,17920,25.965760,24.695,436.7,447.3,10.758,139.9,120.25,104.87
2022061203_T101,13,full,256,65536,0.000207,126.748,671.6,683.0,25.582,332.6,119.60,119.60
2022061203_T101,13,zero-filled,70,17920,26.804531,24.489,211.0,219.2,22.262,289.4,119.60,110.55
2022061203_T101,14,full,256,65536,0.000206,127.131,667.1,681.5,25.752,334.8,127.48,127.48
2022061203_T101,14,zero-filled,70,17920,26.454289,24.962,243.6,250.9,19.284,250.7,127.48,112.92
2022061203_T101,15,full,256,65536,0.000209,127.363,724.1,740.4,23.724,308.4,130.28,130.28
2022061203_T101,15,zero-filled,70,17920,26.407165,25.321,199.3,213.5,23.569,306.4,130.28,117.30
2022061203_T101,16,full,256,65536,0.000213,127.754,725.4,743.3,23.685,307.9,138.12,138.12
2022061203_T101,16,zero-filled,70,17920,27.370298,25.572,198.3,205.5,23.694,308.0,138.12,119.71
2022061203_T101,17,full,256,65536,0.000213,127.703,723.5,734.5,23.746,308.7,143.86,143.86
2022061203_T101,17,zero-filled,70,17920,28.074714,25.314,197.9,206.9,23.740,308.6,143.86,123.21
2022061203_T102,0,full,256,65536,0.000252,125.782,711.9,1055.3,24.132,313.7,113.68,113.68
2022061203_T102,0,zero-filled,70,17920,26.116503,25.483,195.8,204.0,23.992,311.9,113.68,81.03
2022061203_T102,1,full,256,65536,0.000249,125.964,664.1,675.8,25.871,336.3,114.65,114.65
2022061203_T102,1,zero-filled,70,17920,26.120842,25.536,181.6,190.6,25.862,336.2,114.65,78.36
2022061203_T102,2,full,256,65536,0.000242,125.364,665.0,678.4,25.833,335.8,111.84,111.84
2022061203_T102,2,zero-filled,70,17920,25.068020,25.053,212.0,222.4,22.159,288.1,111.84,89.13
2022061203_T102,3,full,256,65536,0.000235,125.657,673.0,684.4,25.528,331.9,115.98,115.98
2022061203_T102,3,zero-filled,70,17920,24.987852,25.105,222.9,232.3,21.079,274.0,115.98,96.54
2022061203_T102,4,full,256,65536,0.000230,125.623,661.3,675.7,25.978,337.7,119.93,119.93
2022061203_T102,4,zero-filled,70,17920,25.272426,24.791,230.2,237.7,20.409,265.3,119.93,99.25
2022061203_T102,5,full,256,65536,0.000231,125.892,663.7,676.8,25.885,336.5,128.67,128.67
2022061203_T102,5,zero-filled,70,17920,25.752127,24.936,221.7,230.5,21.189,275.5,128.67,100.52
2022061203_T102,6,full,256,65536,0.000228,126.066,706.4,718.9,24.320,316.2,133.23,133.23
2022061203_T102,6,zero-filled,70,17920,26.223870,24.848,208.6,215.9,22.524,292.8,133.23,102.34
2022061203_T102,7,full,256,65536,0.000227,126.125,725.0,737.3,23.695,308.0,133.29,133.30
2022061203_T102,7,zero-filled,70,17920,26.690612,24.737,199.5,207.8,23.551,306.2,133.29,107.35
2022061203_T102,8,full,256,65536,0.000217,126.049,739.2,759.9,23.241,302.1,126.40,126.40
2022061203_T102,8,zero-filled,70,17920,26.264718,24.389,197.3,205.5,23.807,309.5,126.40,104.08
2022061203_T102,9,full,256,65536,0.000210,126.769,724.3,739.3,23.719,308.3,129.32,129.32
2022061203_T102,9,zero-filled,70,17920,25.919320,24.958,198.0,206.4,23.730,308.5,129.32,99.15
2022061203_T102,10,full,256,65536,0.000207,126.789,659.6,672.6,26.044,338.6,126.84,126.84
2022061203_T102,10,zero-filled,70,17920,25.593350,24.951,210.3,218.9,22.337,290.4,126.84,95.18
2022061203_T102,11,full,256,65536,0.000202,126.773,695.0,714.6,24.718,321.3,121.35,121.35
2022061203_T102,11,zero-filled,70,17920,25.301648,24.834,215.0,228.9,21.846,284.0,121.35,91.25
2022061203_T102,12,full,256,65536,0.000206,126.788,675.1,696.5,25.449,330.8,121.95,121.95
2022061203_T102,12,zero-filled,70,17920,25.786134,24.829,230.6,241.4,20.367,264.8,121.95,109.51
2022061203_T102,13,full,256,65536,0.000208,127.020,687.5,705.0,24.991,324.9,125.26,125.26
2022061203_T102,13,zero-filled,70,17920,26.505721,24.895,233.0,245.7,20.159,262.1,125.26,110.81
2022061203_T102,14,full,256,65536,0.000206,127.259,665.3,681.9,25.824,335.7,130.11,130.11
2022061203_T102,14,zero-filled,70,17920,26.441802,25.089,239.9,253.0,19.585,254.6,130.11,113.73
2022061203_T102,15,full,256,65536,0.000208,127.565,746.1,772.2,23.026,299.3,133.62,133.61
2022061203_T102,15,zero-filled,70,17920,26.268876,25.526,199.7,209.3,23.520,305.8,133.62,117.65
2022061203_T102,16,full,256,65536,0.000214,127.618,732.1,747.2,23.466,305.1,138.10,138.11
2022061203_T102,16,zero-filled,70,17920,27.224859,25.510,200.4,212.1,23.446,304.8,138.10,123.63
2022061203_T102,17,full,256,65536,0.000212,127.484,750.8,774.2,22.881,297.4,141.14,141.14
2022061203_T102,17,zero-filled,70,17920,28.043558,25.062,203.7,220.9,23.059,299.8,141.14,130.48
2022061203_T103,0,full,256,65536,0.000256,125.778,695.5,1075.6,24.702,321.1,114.47,114.47
2022061203_T103,0,zero-filled,70,17920,26.229293,25.556,185.9,200.0,25.265,328.4,114.47,83.46
2022061203_T103,1,full,256,65536,0.000245,125.886,691.6,709.1,24.842,323.0,111.35,111.35
2022061203_T103,1,zero-filled,70,17920,26.254529,25.283,193.7,208.8,24.258,315.3,111.35,75.53
2022061203_T103,2,full,256,65536,0.000238,125.926,670.2,690.9,25.632,333.2,116.32,116.32
2022061203_T103,2,zero-filled,70,17920,25.304584,25.406,188.5,199.5,24.919,323.9,116.32,87.58
2022061203_T103,3,full,256,65536,0.000235,125.353,662.7,676.5,25.926,337.0,111.87,111.87
2022061203_T103,3,zero-filled,70,17920,25.146239,24.782,212.9,221.2,22.070,286.9,111.87,93.28
2022061203_T103,4,full,256,65536,0.000231,125.538,654.4,665.4,26.252,341.3,118.60,118.60
2022061203_T103,4,zero-filled,70,17920,25.373604,24.723,182.0,190.2,25.809,335.5,118.60,97.94
2022061203_T103,5,full,256,65536,0.000232,125.730,692.3,704.8,24.817,322.6,124.90,124.90
2022061203_T103,5,zero-filled,70,17920,26.142162,24.686,208.6,215.4,22.525,292.8,124.90,98.70
2022061203_T103,6,full,256,65536,0.000226,126.317,649.6,659.0,26.448,343.8,135.07,135.07
2022061203_T103,6,zero-filled,70,17920,26.487378,24.950,230.1,242.6,20.413,265.4,135.07,100.46
2022061203_T103,7,full,256,65536,0.000225,126.208,654.6,663.4,26.246,341.2,132.07,132.07
2022061203_T103,7,zero-filled,70,17920,26.809322,24.701,239.9,246.4,19.578,254.5,132.07,102.17
2022061203_T103,8,full,256,65536,0.000218,126.352,692.6,702.8,24.803,322.4,130.03,130.03
2022061203_T103,8,zero-filled,70,17920,26.469462,24.668,199.8,205.8,23.512,305.7,130.03,104.55
2022061203_T103,9,full,256,65536,0.000212,126.429,668.7,679.5,25.692,334.0,125.12,125.12
2022061203_T103,9,zero-filled,70,17920,25.833832,24.728,217.2,223.5,21.627,281.1,125.12,96.17
2022061203_T103,10,full,256,65536,0.000208,126.505,663.9,675.0,25.878,336.4,122.62,122.62
2022061203_T103,10,zero-filled,70,17920,25.582260,24.727,234.5,243.1,20.036,260.5,122.62,96.44
2022061203_T103,11,full,256,65536,0.000206,126.718,656.1,667.7,26.186,340.4,121.08,121.08
2022061203_T103,11,zero-filled,70,17920,25.542725,24.845,223.7,230.9,21.001,273.0,121.08,86.90
2022061203_T103,12,full,256,65536,0.000206,126.995,679.3,688.5,25.291,328.8,124.11,124.11
2022061203_T103,12,zero-filled,70,17920,26.106791,24.942,228.9,236.1,20.523,266.8,124.11,105.81
2022061203_T103,13,full,256,65536,0.000206,127.007,729.8,744.0,23.540,306.0,121.86,121.86
2022061203_T103,13,zero-filled,70,17920,26.865267,24.682,199.2,223.8,23.581,306.6,121.86,110.43
2022061203_T103,14,full,256,65536,0.000207,127.350,735.1,756.3,23.369,303.8,130.59,130.59
2022061203_T103,14,zero-filled,70,17920,26.491304,25.223,200.3,214.5,23.450,304.8,130.59,114.41
2022061203_T103,15,full,256,65536,0.000206,127.897,721.5,735.6,23.813,309.6,136.52,136.52
2022061203_T103,15,zero-filled,70,17920,26.331838,25.771,198.3,207.4,23.686,307.9,136.52,119.62
2022061203_T103,16,full,256,65536,0.000214,127.911,749.9,769.4,22.909,297.8,140.58,140.58
2022061203_T103,16,zero-filled,70,17920,27.480449,25.720,199.5,214.6,23.545,306.1,140.58,118.62
2022061203_T103,17,full,256,65536,0.000213,127.584,738.5,762.5,23.265,302.4,142.45,142.45
2022061203_T103,17,zero-filled,70,17920,28.031944,25.218,201.8,214.4,23.278,302.6,142.45,121.72
2022061203_T201,0,full,256,65536,0.000265,126.859,660.9,1093.1,25.997,338.0,123.80,123.80
2022061203_T201,0,zero-filled,70,17920,26.859955,26.756,182.6,193.0,25.724,334.4,123.80,112.56
2022061203_T201,1,full,256,65536,0.000253,127.290,661.2,673.7,25.982,337.8,117.69,117.69
2022061203_T201,1,zero-filled,70,17920,28.194525,26.333,180.3,188.5,26.059,338.8,117.69,90.42
2022061203_T201,2,full,256,65536,0.000249,126.656,649.9,660.0,26.435,343.6,109.36,109.36
2022061203_T201,2,zero-filled,70,17920,27.520850,25.791,178.9,185.0,26.259,341.4,109.36,98.45
2022061203_T201,3,full,256,65536,0.000250,126.474,678.0,692.3,25.338,329.4,106.81,106.81
2022061203_T201,3,zero-filled,70,17920,27.205803,25.735,181.3,191.2,25.905,336.8,106.81,83.39
2022061203_T201,4,full,256,65536,0.000245,126.916,657.0,670.2,26.151,340.0,109.47,109.47
2022061203_T201,4,zero-filled,70,17920,27.388999,25.937,205.9,213.0,22.818,296.6,109.47,88.64
2022061203_T201,5,full,256,65536,0.000247,127.473,647.7,659.0,26.524,344.8,114.15,114.15
2022061203_T201,5,zero-filled,70,17920,28.006287,26.384,229.7,236.0,20.454,265.9,114.15,88.41
2022061203_T201,6,full,256,65536,0.000250,126.861,652.6,663.4,26.327,342.3,109.99,109.99
2022061203_T201,6,zero-filled,70,17920,28.242888,25.788,222.6,230.3,21.099,274.3,109.99,80.95
2022061203_T201,7,full,256,65536,0.000243,126.036,652.8,662.8,26.317,342.1,99.08,99.08
2022061203_T201,7,zero-filled,70,17920,27.360300,24.998,226.0,233.8,20.788,270.2,99.08,86.92
2022061203_T201,8,full,256,65536,0.000236,126.351,649.9,659.0,26.433,343.6,101.04,101.04
2022061203_T201,8,zero-filled,70,17920,27.920712,24.879,283.5,289.9,16.571,215.4,101.04,98.16
2022061203_T201,9,full,256,65536,0.000234,126.808,649.3,657.8,26.461,344.0,103.63,103.63
2022061203_T201,9,zero-filled,70,17920,26.495198,25.723,251.9,258.1,18.651,242.5,103.63,94.67
2022061203_T201,10,full,256,65536,0.000224,127.167,669.1,678.8,25.675,333.8,104.35,104.35
2022061203_T201,10,zero-filled,70,17920,26.466732,25.717,350.7,366.3,13.393,174.1,104.35,93.92
2022061203_T201,11,full,256,65536,0.000221,126.836,690.4,699.2,24.885,323.5,97.77,97.77
2022061203_T201,11,zero-filled,70,17920,26.687040,25.189,198.8,207.1,23.626,307.1,97.77,71.39
2022061203_T201,12,full,256,65536,0.000219,126.234,715.4,726.7,24.014,312.2,92.55,92.55
2022061203_T201,12,zero-filled,70,17920,25.780769,24.805,197.3,203.5,23.804,309.5,92.55,70.93
2022061203_T201,13,full,256,65536,0.000217,127.212,740.5,750.2,23.200,301.6,101.28,101.28
2022061203_T201,13,zero-filled,70,17920,25.926161,25.653,196.3,203.3,23.931,311.1,101.28,79.99
2022061203_T201,14,full,256,65536,0.000221,127.090,711.6,720.1,24.144,313.9,98.16,98.16
2022061203_T201,14,zero-filled,70,17920,27.806095,25.107,196.1,202.0,23.960,311.5,98.16,89.54
2022061203_T201,15,full,256,65536,0.000225,127.442,650.8,658.9,26.397,343.2,97.58,97.58
2022061203_T201,15,zero-filled,70,17920,29.892007,24.994,178.9,187.8,26.261,341.4,97.58,68.18
2022061203_T201,16,full,256,65536,0.000230,129.259,663.0,674.2,25.913,336.9,115.30,115.30
2022061203_T201,16,zero-filled,70,17920,29.840854,27.016,203.3,210.9,23.105,300.4,115.30,107.65
2022061203_T201,17,full,256,65536,0.000233,128.798,655.1,666.1,26.223,340.9,110.63,110.63
2022061203_T201,17,zero-filled,70,17920,30.413194,26.475,231.6,238.8,20.281,263.7,110.63,99.07
2022061203_T202,0,full,256,65536,0.000260,127.211,683.3,1078.2,25.141,326.8,126.37,126.37
2022061203_T202,0,zero-filled,70,17920,26.965829,26.903,181.3,191.5,25.915,336.9,126.37,113.44
2022061203_T202,1,full,256,65536,0.000254,127.116,664.6,675.8,25.850,336.0,115.49,115.49
2022061203_T202,1,zero-filled,70,17920,28.282320,26.173,200.2,207.0,23.465,305.0,115.49,96.46
2022061203_T202,2,full,256,65536,0.000250,127.321,713.1,723.1,24.093,313.2,118.11,118.11
2022061203_T202,2,zero-filled,70,17920,27.541482,26.492,196.3,202.7,23.931,311.1,118.11,97.92
2022061203_T202,3,full,256,65536,0.000248,126.623,737.0,748.4,23.312,303.1,107.73,107.73
2022061203_T202,3,zero-filled,70,17920,27.133028,25.837,195.9,204.7,23.977,311.7,107.73,86.50
2022061203_T202,4,full,256,65536,0.000246,126.860,710.2,719.1,24.192,314.5,109.74,109.74
2022061203_T202,4,zero-filled,70,17920,27.144784,26.021,195.8,202.2,23.988,311.8,109.74,83.00
2022061203_T202,5,full,256,65536,0.000248,127.394,680.7,689.8,25.239,328.1,113.64,113.64
2022061203_T202,5,zero-filled,70,17920,27.942564,26.351,178.6,185.0,26.307,342.0,113.64,87.70
2022061203_T202,6,full,256,65536,0.000245,126.885,663.8,676.6,25.883,336.5,108.13,108.13
2022061203_T202,6,zero-filled,70,17920,28.293437,25.647,241.7,258.9,19.436,252.7,108.13,79.29
2022061203_T202,7,full,256,65536,0.000240,126.532,654.1,665.4,26.263,341.4,103.14,103.14
2022061203_T202,7,zero-filled,70,17920,27.357710,25.412,315.5,323.4,14.887,193.5,103.14,85.39
2022061203_T202,8,full,256,65536,0.000238,126.318,654.5,665.7,26.248,341.2,101.09,101.09
2022061203_T202,8,zero-filled,70,17920,27.981431,24.923,180.3,188.0,26.048,338.6,101.09,94.95
2022061203_T202,9,full,256,65536,0.000231,126.601,700.8,717.6,24.514,318.7,100.45,100.45
2022061203_T202,9,zero-filled,70,17920,26.307408,25.483,238.6,246.1,19.691,256.0,100.45,89.74
2022061203_T202,10,full,256,65536,0.000225,127.699,687.4,709.9,24.992,324.9,111.96,111.96
2022061203_T202,10,zero-filled,70,17920,26.276525,26.341,233.6,247.9,20.110,261.4,111.96,93.38
2022061203_T202,11,full,256,65536,0.000221,127.157,689.2,710.7,24.927,324.1,101.08,101.08
2022061203_T202,11,zero-filled,70,17920,26.733631,25.514,230.8,242.9,20.351,264.6,101.08,74.32
2022061203_T202,12,full,256,65536,0.000217,126.796,704.1,721.9,24.400,317.2,97.80,97.80
2022061203_T202,12,zero-filled,70,17920,25.821992,25.297,201.6,212.6,23.305,303.0,97.80,73.72
2022061203_T202,13,full,256,65536,0.000215,127.049,724.4,736.6,23.715,308.3,98.61,98.61
2022061203_T202,13,zero-filled,70,17920,25.980744,25.419,198.7,206.2,23.647,307.4,98.61,76.48
2022061203_T202,14,full,256,65536,0.000219,126.986,739.6,751.0,23.228,302.0,96.69,96.69
2022061203_T202,14,zero-filled,70,17920,27.779983,24.920,199.8,212.4,23.514,305.7,96.69,88.21
2022061203_T202,15,full,256,65536,0.000224,127.885,722.7,747.8,23.771,309.0,102.40,102.40
2022061203_T202,15,zero-filled,70,17920,29.914131,25.380,198.8,207.8,23.625,307.1,102.40,66.05
2022061203_T202,16,full,256,65536,0.000230,129.473,669.3,682.9,25.669,333.7,118.15,118.15
2022061203_T202,16,zero-filled,70,17920,29.697553,27.240,179.7,187.7,26.141,339.8,118.15,107.23
2022061203_T202,17,full,256,65536,0.000232,128.694,654.6,666.1,26.243,341.2,108.54,108.54
2022061203_T202,17,zero-filled,70,17920,30.618918,26.300,233.2,240.1,20.140,261.8,108.54,96.77
2022061203_T203,0,full,256,65536,0.000263,127.131,688.3,1025.4,24.958,324.5,126.29,126.29
2022061203_T203,0,zero-filled,70,17920,26.833969,26.950,182.4,200.1,25.753,334.8,126.29,113.83
2022061203_T203,1,full,256,65536,0.000256,126.651,654.0,663.9,26.268,341.5,110.32,110.32
2022061203_T203,1,zero-filled,70,17920,28.296462,25.785,207.7,214.5,22.613,294.0,110.32,95.24
2022061203_T203,2,full,256,65536,0.000251,126.702,650.0,659.5,26.431,343.6,109.18,109.18
2022061203_T203,2,zero-filled,70,17920,27.658506,25.846,241.5,247.1,19.448,252.8,109.18,98.07
2022061203_T203,3,full,256,65536,0.000246,126.624,717.4,730.9,23.947,311.3,106.84,106.84
2022061203_T203,3,zero-filled,70,17920,27.108621,25.765,199.9,207.4,23.501,305.5,106.84,86.71
2022061203_T203,4,full,256,65536,0.000246,126.986,713.0,721.6,24.097,313.3,111.40,111.40
2022061203_T203,4,zero-filled,70,17920,27.225544,26.120,196.8,203.4,23.872,310.3,111.40,91.59
2022061203_T203,5,full,256,65536,0.000246,127.283,713.7,724.1,24.073,312.9,111.46,111.46
2022061203_T203,5,zero-filled,70,17920,27.896964,26.202,198.2,206.8,23.702,308.1,111.46,86.54
2022061203_T203,6,full,256,65536,0.000245,127.104,733.2,743.9,23.431,304.6,111.13,111.13
2022061203_T203,6,zero-filled,70,17920,28.061840,25.933,196.1,202.4,23.950,311.4,111.13,78.41
2022061203_T203,7,full,256,65536,0.000242,126.662,711.1,720.8,24.159,314.1,106.54,106.54
2022061203_T203,7,zero-filled,70,17920,27.323823,25.621,196.9,203.4,23.862,310.2,106.54,87.37
2022061203_T203,8,full,256,65536,0.000237,126.686,662.3,672.2,25.941,337.2,105.79,105.79
2022061203_T203,8,zero-filled,70,17920,27.820103,25.286,219.8,230.0,21.374,277.9,105.79,97.40
2022061203_T203,9,full,256,65536,0.000231,126.517,679.5,704.1,25.283,328.7,99.15,99.15
2022061203_T203,9,zero-filled,70,17920,26.407379,25.359,227.6,240.8,20.637,268.3,99.15,90.61
2022061203_T203,10,full,256,65536,0.000225,127.047,666.5,682.9,25.778,335.1,104.85,104.85
2022061203_T203,10,zero-filled,70,17920,26.063003,25.781,229.3,237.9,20.490,266.4,104.85,91.71
2022061203_T203,11,full,256,65536,0.000221,126.361,706.1,716.5,24.330,316.3,92.86,92.86
2022061203_T203,11,zero-filled,70,17920,26.604102,24.753,215.1,221.8,21.836,283.9,92.86,71.20
2022061203_T203,12,full,256,65536,0.000218,126.832,704.1,716.2,24.399,317.2,98.39,98.39
2022061203_T203,12,zero-filled,70,17920,25.754343,25.378,195.0,201.9,24.095,313.2,98.39,76.23
2022061203_T203,13,full,256,65536,0.000216,126.201,710.6,719.9,24.175,314.3,90.27,90.27
2022061203_T203,13,zero-filled,70,17920,25.846433,24.632,196.9,203.9,23.861,310.2,90.27,76.43
2022061203_T203,14,full,256,65536,0.000220,127.254,715.6,725.2,24.006,312.1,99.71,99.71
2022061203_T203,14,zero-filled,70,17920,27.751828,25.223,197.8,206.3,23.753,308.8,99.71,91.40
2022061203_T203,15,full,256,65536,0.000226,127.848,736.7,746.2,23.321,303.2,102.39,102.39
2022061203_T203,15,zero-filled,70,17920,29.808766,25.436,197.4,204.5,23.794,309.3,102.39,69.38
2022061203_T203,16,full,256,65536,0.000232,129.015,713.6,722.8,24.076,313.0,112.15,112.15
2022061203_T203,16,zero-filled,70,17920,29.883921,26.803,202.6,212.6,23.184,301.4,112.15,107.20
2022061203_T203,17,full,256,65536,0.000236,128.803,656.0,666.4,26.190,340.5,111.77,111.77
2022061203_T203,17,zero-filled,70,17920,30.533256,26.555,185.3,197.3,25.351,329.6,111.77,98.71
2022061204_FLAIR01,0,full,256,65536,0.000282,122.195,665.2,1047.8,25.827,335.7,76.19,76.19
2022061204_FLAIR01,0,zero-filled,70,17920,24.506920,23.419,181.3,189.8,25.904,336.8,76.19,65.40
2022061204_FLAIR01,1,full,256,65536,0.000279,122.222,661.3,674.6,25.980,337.7,83.27,83.27
2022061204_FLAIR01,1,zero-filled,70,17920,21.722148,24.399,178.5,186.5,26.317,342.1,83.27,64.29
2022061204_FLAIR01,2,full,256,65536,0.000272,122.063,653.4,664.3,26.292,341.8,78.13,78.13
2022061204_FLAIR01,2,zero-filled,70,17920,22.381530,23.757,180.3,188.6,26.057,338.7,78.13,62.96
2022061204_FLAIR01,3,full,256,65536,0.000257,122.609,667.4,677.2,25.741,334.6,83.09,83.09
2022061204_FLAIR01,3,zero-filled,70,17920,21.737441,24.078,224.3,231.3,20.946,272.3,83.09,61.98
2022061204_FLAIR01,4,full,256,65536,0.000251,122.542,653.5,662.9,26.289,341.8,81.17,81.17
2022061204_FLAIR01,4,zero-filled,70,17920,22.815801,23.369,219.2,225.7,21.436,278.7,81.17,69.01
2022061204_FLAIR01,5,full,256,65536,0.000246,123.401,686.7,696.1,25.018,325.2,90.58,90.58
2022061204_FLAIR01,5,zero-filled,70,17920,23.229297,23.891,204.1,211.2,23.019,299.2,90.58,74.69
2022061204_FLAIR01,6,full,256,65536,0.000244,124.030,665.4,677.0,25.820,335.7,97.72,97.72
2022061204_FLAIR01,6,zero-filled,70,17920,24.565587,23.955,221.1,228.0,21.243,276.2,97.72,75.84
2022061204_FLAIR01,7,full,256,65536,0.000245,124.070,656.3,667.1,26.176,340.3,102.18,102.18
2022061204_FLAIR01,7,zero-filled,70,17920,24.757893,23.983,229.4,236.8,20.475,266.2,102.18,74.13
2022061204_FLAIR01,8,full,256,65536,0.000241,124.046,723.1,733.2,23.759,308.9,99.70,99.70
2022061204_FLAIR01,8,zero-filled,70,17920,25.806571,23.456,207.2,217.2,22.673,294.8,99.70,73.22
2022061204_FLAIR01,9,full,256,65536,0.000233,124.407,653.5,664.0,26.289,341.8,99.99,99.99
2022061204_FLAIR01,9,zero-filled,70,17920,24.604041,23.945,218.7,226.8,21.476,279.2,99.99,79.53
2022061204_FLAIR01,10,full,256,65536,0.000228,124.399,662.7,671.0,25.924,337.0,96.30,96.30
2022061204_FLAIR01,10,zero-filled,70,17920,23.993456,23.973,248.5,254.6,18.907,245.8,96.30,76.09
2022061204_FLAIR01,11,full,256,65536,0.000222,124.596,718.7,727.7,23.905,310.8,95.17,95.17
2022061204_FLAIR01,11,zero-filled,70,17920,23.453944,24.136,197.4,204.4,23.798,309.4,95.17,79.84
2022061204_FLAIR01,12,full,256,65536,0.000219,124.525,716.9,728.3,23.963,311.5,91.85,91.85
2022061204_FLAIR01,12,zero-filled,70,17920,23.160500,24.032,195.8,202.1,23.988,311.8,91.85,81.11
2022061204_FLAIR01,13,full,256,65536,0.000217,124.912,714.8,724.6,24.035,312.5,91.63,91.63
2022061204_FLAIR01,13,zero-filled,70,17920,23.137216,24.354,196.9,202.5,23.862,310.2,91.63,88.29
2022061204_FLAIR01,14,full,256,65536,0.000214,125.671,729.8,740.3,23.539,306.0,94.01,94.01
2022061204_FLAIR01,14,zero-filled,70,17920,24.246287,24.569,197.1,204.9,23.834,309.8,94.01,87.91
2022061204_FLAIR01,15,full,256,65536,0.000217,125.718,715.2,725.6,24.020,312.3,93.64,93.64
2022061204_FLAIR01,15,zero-filled,70,17920,24.323650,24.714,196.1,203.4,23.950,311.4,93.64,90.88
2022061204_FLAIR01,16,full,256,65536,0.000216,126.126,647.1,656.3,26.550,345.2,95.35,95.35
2022061204_FLAIR01,16,zero-filled,70,17920,24.687183,24.985,262.5,269.8,17.895,232.6,95.35,88.50
2022061204_FLAIR01,17,full,256,65536,0.000222,126.042,650.2,659.6,26.421,343.5,92.89,92.89
2022061204_FLAIR01,17,zero-filled,70,17920,26.142319,24.614,222.2,229.0,21.140,274.8,92.89,89.42
2022061204_FLAIR02,0,full,256,65536,0.000282,122.967,663.9,953.3,25.879,336.4,83.04,83.04
2022061204_FLAIR02,0,zero-filled,70,17920,24.464509,24.193,179.3,186.7,26.195,340.5,83.04,65.03
2022061204_FLAIR02,1,full,256,65536,0.000278,122.043,649.3,658.3,26.460,344.0,80.62,80.62
2022061204_FLAIR02,1,zero-filled,70,17920,21.897857,24.116,193.2,199.7,24.311,316.0,80.62,64.47
2022061204_FLAIR02,2,full,256,65536,0.000271,121.904,656.2,665.9,26.183,340.4,76.31,76.31
2022061204_FLAIR02,2,zero-filled,70,17920,22.294230,23.606,221.2,228.7,21.236,276.1,76.31,62.98
2022061204_FLAIR02,3,full,256,65536,0.000260,122.433,672.5,681.3,25.546,332.1,82.23,82.23
2022061204_FLAIR02,3,zero-filled,70,17920,21.813225,23.941,214.8,221.0,21.875,284.4,82.23,65.31
2022061204_FLAIR02,4,full,256,65536,0.000250,122.630,648.9,658.6,26.475,344.2,81.32,81.32
2022061204_FLAIR02,4,zero-filled,70,17920,22.915161,23.373,241.0,247.6,19.493,253.4,81.32,69.99
2022061204_FLAIR02,5,full,256,65536,0.000246,123.248,737.8,751.2,23.284,302.7,89.33,89.33
2022061204_FLAIR02,5,zero-filled,70,17920,23.091428,23.782,197.0,205.4,23.840,309.9,89.33,71.12
2022061204_FLAIR02,6,full,256,65536,0.000245,124.518,712.1,721.6,24.125,313.6,103.71,103.71
2022061204_FLAIR02,6,zero-filled,70,17920,24.487113,24.508,195.3,201.3,24.049,312.6,103.71,72.47
2022061204_FLAIR02,7,full,256,65536,0.000242,124.175,714.9,723.8,24.031,312.4,100.87,100.87
2022061204_FLAIR02,7,zero-filled,70,17920,24.933726,23.900,197.8,205.5,23.747,308.7,100.87,70.42
2022061204_FLAIR02,8,full,256,65536,0.000239,123.994,732.4,741.5,23.457,304.9,98.66,98.66
2022061204_FLAIR02,8,zero-filled,70,17920,25.756490,23.350,196.0,202.5,23.968,311.6,98.66,78.00
2022061204_FLAIR02,9,full,256,65536,0.000232,124.576,710.8,719.3,24.169,314.2,101.91,101.91
2022061204_FLAIR02,9,zero-filled,70,17920,24.795146,24.017,196.9,202.7,23.860,310.2,101.91,76.35
2022061204_FLAIR02,10,full,256,65536,0.000230,124.313,647.2,656.5,26.545,345.1,96.25,96.25
2022061204_FLAIR02,10,zero-filled,70,17920,24.015560,23.939,200.2,206.9,23.464,305.0,96.25,78.88
2022061204_FLAIR02,11,full,256,65536,0.000222,124.929,653.8,664.4,26.278,341.6,99.07,99.07
2022061204_FLAIR02,11,zero-filled,70,17920,23.434050,24.474,222.9,230.6,21.072,273.9,99.07,80.67
2022061204_FLAIR02,12,full,256,65536,0.000219,124.555,676.4,685.4,25.397,330.2,91.73,91.73
2022061204_FLAIR02,12,zero-filled,70,17920,23.330400,24.007,212.5,218.8,22.111,287.4,91.73,76.47
2022061204_FLAIR02,13,full,256,65536,0.000215,125.028,652.6,663.3,26.323,342.2,93.04,93.04
2022061204_FLAIR02,13,zero-filled,70,17920,23.047208,24.443,231.8,238.9,20.270,263.5,93.04,86.52
2022061204_FLAIR02,14,full,256,65536,0.000215,125.667,675.1,685.2,25.446,330.8,95.26,95.26
2022061204_FLAIR02,14,zero-filled,70,17920,24.214601,24.645,207.5,218.2,22.637,294.3,95.26,89.47
2022061204_FLAIR02,15,full,256,65536,0.000214,126.564,692.2,718.7,24.821,322.7,101.37,101.37
2022061204_FLAIR02,15,zero-filled,70,17920,24.567489,25.375,276.6,291.1,16.985,220.8,101.37,89.22
2022061204_FLAIR02,16,full,256,65536,0.000218,126.688,739.8,760.5,23.222,301.9,101.88,101.88
2022061204_FLAIR02,16,zero-filled,70,17920,24.776162,25.563,198.3,209.2,23.690,308.0,101.88,90.19
2022061204_FLAIR02,17,full,256,65536,0.000220,126.119,746.3,761.5,23.019,299.2,93.59,93.59
2022061204_FLAIR02,17,zero-filled,70,17920,26.060259,24.662,199.1,211.9,23.590,306.7,93.59,90.58
2022061204_T101,0,full,256,65536,0.000267,124.333,694.7,1126.9,24.729,321.5,104.61,104.61
2022061204_T101,0,zero-filled,70,17920,23.194114,25.563,187.0,201.4,25.126,326.6,104.61,67.57
2022061204_T101,1,full,256,65536,0.000267,123.988,668.1,682.8,25.716,334.3,99.37,99.37
2022061204_T101,1,zero-filled,70,17920,23.918799,24.946,203.0,222.2,23.142,300.8,99.37,61.88
2022061204_T101,2,full,256,65536,0.000258,124.415,722.4,735.6,23.782,309.2,105.43,105.43
2022061204_T101,2,zero-filled,70,17920,23.976945,25.043,198.6,207.6,23.652,307.5,105.43,71.23
2022061204_T101,3,full,256,65536,0.000248,124.357,737.2,751.4,23.303,302.9,104.72,104.72
2022061204_T101,3,zero-filled,70,17920,23.673876,24.772,196.9,207.5,23.857,310.1,104.72,79.04
2022061204_T101,4,full,256,65536,0.000245,124.170,728.1,742.6,23.596,306.7,106.63,106.63
2022061204_T101,4,zero-filled,70,17920,24.245906,24.273,200.1,216.4,23.482,305.3,106.63,82.82
2022061204_T101,5,full,256,65536,0.000241,124.740,692.6,708.9,24.804,322.5,114.99,114.99
2022061204_T101,5,zero-filled,70,17920,24.810301,24.503,185.6,199.6,25.304,328.9,114.99,81.12
2022061204_T101,6,full,256,65536,0.000238,125.404,674.3,690.3,25.477,331.2,125.87,125.87
2022061204_T101,6,zero-filled,70,17920,25.636741,24.747,226.7,238.4,20.725,269.4,125.87,88.99
2022061204_T101,7,full,256,65536,0.000239,125.410,687.8,708.8,24.979,324.7,126.04,126.04
2022061204_T101,7,zero-filled,70,17920,26.106673,24.649,200.9,224.0,23.377,303.9,126.04,85.66
2022061204_T101,8,full,256,65536,0.000231,125.587,682.8,701.4,25.162,327.1,126.74,126.74
2022061204_T101,8,zero-filled,70,17920,25.578138,24.688,216.9,231.0,21.657,281.5,126.74,90.04
2022061204_T101,9,full,256,65536,0.000225,125.921,721.6,743.8,23.807,309.5,124.59,124.59
2022061204_T101,9,zero-filled,70,17920,25.577273,24.824,214.8,224.5,21.870,284.3,124.59,83.73
2022061204_T101,10,full,256,65536,0.000219,125.896,668.8,684.0,25.689,334.0,121.08,121.08
2022061204_T101,10,zero-filled,70,17920,25.063034,24.724,239.0,248.0,19.653,255.5,121.08,79.50
2022061204_T101,11,full,256,65536,0.000214,126.033,731.9,746.2,23.473,305.1,118.74,118.74
2022061204_T101,11,zero-filled,70,17920,24.323990,24.928,200.8,211.1,23.391,304.1,118.74,78.81
2022061204_T101,12,full,256,65536,0.000206,126.391,738.6,752.6,23.262,302.4,119.59,119.59
2022061204_T101,12,zero-filled,70,17920,24.437540,24.922,198.8,208.9,23.635,307.3,119.59,102.93
2022061204_T101,13,full,256,65536,0.000203,126.633,726.9,740.0,23.634,307.2,115.26,115.26
2022061204_T101,13,zero-filled,70,17920,25.373456,24.714,202.2,215.7,23.229,302.0,115.26,102.11
2022061204_T101,14,full,256,65536,0.000201,127.071,677.6,692.6,25.356,329.6,118.95,118.95
2022061204_T101,14,zero-filled,70,17920,26.043038,24.817,191.8,205.6,24.486,318.3,118.95,111.92
2022061204_T101,15,full,256,65536,0.000203,127.199,678.4,692.4,25.323,329.2,122.47,122.47
2022061204_T101,15,zero-filled,70,17920,25.654073,25.158,224.0,234.1,20.975,272.7,122.47,111.26
2022061204_T101,16,full,256,65536,0.000207,127.393,658.2,671.1,26.100,339.3,126.83,126.83
2022061204_T101,16,zero-filled,70,17920,26.254369,25.339,510.2,516.5,9.207,119.7,126.83,115.75
2022061204_T101,17,full,256,65536,0.000207,127.546,744.9,763.6,23.064,299.8,133.27,133.27
2022061204_T101,17,zero-filled,70,17920,26.718025,25.330,200.5,215.5,23.432,304.6,133.27,119.47
2022061204_T102,0,full,256,65536,0.000270,123.751,714.8,1433.8,24.036,312.5,97.87,97.87
2022061204_T102,0,zero-filled,70,17920,23.420802,24.994,214.4,235.2,21.914,284.9,97.87,67.20
2022061204_T102,1,full,256,65536,0.000267,124.110,691.3,715.4,24.853,323.1,99.63,99.63
2022061204_T102,1,zero-filled,70,17920,24.119376,24.992,188.1,206.6,24.976,324.7,99.63,61.25
2022061204_T102,2,full,256,65536,0.000259,124.144,675.7,697.1,25.427,330.5,101.28,101.28
2022061204_T102,2,zero-filled,70,17920,24.169363,24.732,189.8,204.0,24.751,321.8,101.28,68.89
2022061204_T102,3,full,256,65536,0.000251,124.337,688.5,714.1,24.953,324.4,104.12,104.12
2022061204_T102,3,zero-filled,70,17920,23.883593,24.759,193.8,211.8,24.238,315.1,104.12,76.19
2022061204_T102,4,full,256,65536,0.000243,124.421,703.8,747.8,24.410,317.3,107.33,107.33
2022061204_T102,4,zero-filled,70,17920,24.421224,24.362,196.6,217.2,23.892,310.6,107.33,80.71
2022061204_T102,5,full,256,65536,0.000239,125.006,690.1,714.5,24.896,323.7,115.97,115.97
2022061204_T102,5,zero-filled,70,17920,24.960143,24.639,186.6,200.6,25.170,327.2,115.97,82.10
2022061204_T102,6,full,256,65536,0.000236,125.569,693.5,724.9,24.771,322.0,125.97,125.97
2022061204_T102,6,zero-filled,70,17920,25.851475,24.776,195.4,219.9,24.040,312.5,125.97,87.20
2022061204_T102,7,full,256,65536,0.000238,125.500,686.7,722.2,25.016,325.2,125.79,125.79
2022061204_T102,7,zero-filled,70,17920,26.338619,24.628,195.9,216.7,23.977,311.7,125.79,86.36
2022061204_T102,8,full,256,65536,0.000228,125.570,697.1,728.1,24.645,320.4,124.50,124.50
2022061204_T102,8,zero-filled,70,17920,25.706971,24.540,200.5,222.6,23.425,304.5,124.50,90.38
2022061204_T102,9,full,256,65536,0.000227,125.922,676.1,701.8,25.410,330.3,123.97,123.97
2022061204_T102,9,zero-filled,70,17920,25.697584,24.825,190.4,205.7,24.673,320.7,123.97,82.31
2022061204_T102,10,full,256,65536,0.000220,125.672,733.0,758.0,23.438,304.7,117.68,117.68
2022061204_T102,10,zero-filled,70,17920,25.185203,24.496,197.2,213.3,23.824,309.7,117.68,78.07
2022061204_T102,11,full,256,65536,0.000215,126.535,755.0,782.2,22.756,295.8,124.11,124.11
2022061204_T102,11,zero-filled,70,17920,24.780168,25.302,201.9,221.2,23.269,302.5,124.11,80.68
2022061204_T102,12,full,256,65536,0.000209,126.163,729.3,757.4,23.556,306.2,116.87,116.87
2022061204_T102,12,zero-filled,70,17920,24.574764,24.773,200.6,218.5,23.421,304.5,116.87,98.09
2022061204_T102,13,full,256,65536,0.000207,126.792,705.3,731.0,24.357,316.6,117.77,117.77
2022061204_T102,13,zero-filled,70,17920,25.457655,24.992,188.4,203.3,24.933,324.1,117.77,103.68
2022061204_T102,14,full,256,65536,0.000204,127.142,693.6,718.2,24.768,322.0,120.68,120.68
2022061204_T102,14,zero-filled,70,17920,26.174690,24.988,187.4,205.3,25.072,325.9,120.68,111.50
2022061204_T102,15,full,256,65536,0.000201,127.378,679.1,716.2,25.298,328.9,122.79,122.79
2022061204_T102,15,zero-filled,70,17920,25.602736,25.296,191.4,213.2,24.546,319.1,122.79,110.97
2022061204_T102,16,full,256,65536,0.000204,127.508,678.7,701.4,25.315,329.1,125.49,125.49
2022061204_T102,16,zero-filled,70,17920,26.130470,25.358,185.1,205.0,25.375,329.9,125.49,112.51
2022061204_T102,17,full,256,65536,0.000205,127.539,669.3,687.3,25.670,333.7,129.67,129.67
2022061204_T102,17,zero-filled,70,17920,26.885627,25.170,189.4,208.2,24.797,322.4,129.67,119.30
2022061204_T103,0,full,256,65536,0.000269,123.944,691.2,1406.5,24.855,323.1,99.09,99.10
2022061204_T103,0,zero-filled,70,17920,23.544307,25.106,188.8,204.3,24.882,323.5,99.09,66.64
2022061204_T103,1,full,256,65536,0.000269,123.838,687.3,714.0,24.996,324.9,96.23,96.23
2022061204_T103,1,zero-filled,70,17920,24.294503,24.720,199.4,220.8,23.553,306.2,96.23,60.02
2022061204_T103,2,full,256,65536,0.000260,124.376,687.2,712.2,25.001,325.0,104.09,104.09
2022061204_T103,2,zero-filled,70,17920,24.282908,24.982,187.2,203.3,25.099,326.3,104.09,68.28
2022061204_T103,3,full,256,65536,0.000249,124.422,690.6,717.9,24.875,323.4,104.00,104.00
2022061204_T103,3,zero-filled,70,17920,24.113391,24.718,187.0,203.8,25.119,326.5,104.00,79.28
2022061204_T103,4,full,256,65536,0.000243,124.173,688.1,717.0,24.967,324.6,103.69,103.69
2022061204_T103,4,zero-filled,70,17920,24.538096,24.095,189.5,209.7,24.784,322.2,103.69,79.05
2022061204_T103,5,full,256,65536,0.000240,125.469,691.4,725.4,24.846,323.0,121.80,121.80
2022061204_T103,5,zero-filled,70,17920,25.093876,25.071,192.3,210.2,24.435,317.7,121.80,79.42
2022061204_T103,6,full,256,65536,0.000238,125.711,696.2,722.9,24.676,320.8,127.50,127.50
2022061204_T103,6,zero-filled,70,17920,26.089787,24.926,187.7,209.0,25.024,325.3,127.50,87.44
2022061204_T103,7,full,256,65536,0.000236,125.641,683.8,705.2,25.124,326.6,125.64,125.64
2022061204_T103,7,zero-filled,70,17920,26.476968,24.659,191.7,209.6,24.507,318.6,125.64,86.45
2022061204_T103,8,full,256,65536,0.000232,125.571,678.8,700.1,25.307,329.0,125.60,125.60
2022061204_T103,8,zero-filled,70,17920,25.817827,24.632,186.0,200.0,25.261,328.4,125.60,88.44
2022061204_T103,9,full,256,65536,0.000227,125.556,681.3,705.1,25.217,327.8,118.20,118.20
2022061204_T103,9,zero-filled,70,17920,25.850339,24.426,185.4,199.9,25.332,329.3,118.20,79.19
2022061204_T103,10,full,256,65536,0.000222,126.061,684.1,709.2,25.114,326.5,123.76,123.76
2022061204_T103,10,zero-filled,70,17920,25.436982,24.863,185.8,202.7,25.288,328.7,123.76,80.22
2022061204_T103,11,full,256,65536,0.000216,126.090,677.2,700.0,25.370,329.8,117.33,117.33
2022061204_T103,11,zero-filled,70,17920,24.907734,24.843,188.5,203.0,24.916,323.9,117.33,81.04
2022061204_T103,12,full,256,65536,0.000210,126.043,686.7,715.0,25.016,325.2,114.87,114.87
2022061204_T103,12,zero-filled,70,17920,24.892035,24.555,185.3,202.4,25.347,329.5,114.87,96.67
2022061204_T103,13,full,256,65536,0.000207,126.487,686.6,707.9,25.022,325.3,113.15,113.15
2022061204_T103,13,zero-filled,70,17920,25.783424,24.571,186.8,205.1,25.155,327.0,113.15,99.96
2022061204_T103,14,full,256,65536,0.000204,126.881,684.3,710.4,25.107,326.4,116.25,116.25
2022061204_T103,14,zero-filled,70,17920,26.306933,24.669,193.3,209.7,24.307,316.0,116.25,111.72
2022061204_T103,15,full,256,65536,0.000202,127.212,682.9,707.7,25.158,327.1,120.19,120.18
2022061204_T103,15,zero-filled,70,17920,25.770271,25.117,187.5,200.0,25.051,325.7,120.19,110.48
2022061204_T103,16,full,256,65536,0.000205,127.468,686.3,706.2,25.033,325.4,124.69,124.69
2022061204_T103,16,zero-filled,70,17920,26.153902,25.343,190.2,201.8,24.699,321.1,124.69,112.37
2022061204_T103,17,full,256,65536,0.000204,127.611,684.6,711.9,25.096,326.3,129.73,129.73
2022061204_T103,17,zero-filled,70,17920,26.842673,25.240,188.8,204.2,24.883,323.5,129.73,121.95
2022061204_T201,0,full,256,65536,0.000283,126.901,681.4,1237.1,25.211,327.7,134.00,134.00
2022061204_T201,0,zero-filled,70,17920,28.518107,26.828,192.8,212.6,24.365,316.7,134.00,119.75
2022061204_T201,1,full,256,65536,0.000272,126.868,690.9,719.0,24.867,323.3,122.96,122.96
2022061204_T201,1,zero-filled,70,17920,27.376453,26.826,189.5,206.2,24.785,322.2,122.96,110.21
2022061204_T201,2,full,256,65536,0.000260,126.727,681.9,701.3,25.194,327.5,116.25,116.25
2022061204_T201,2,zero-filled,70,17920,27.444826,26.265,189.6,205.9,24.774,322.1,116.25,108.54
2022061204_T201,3,full,256,65536,0.000260,126.344,674.2,695.0,25.482,331.3,109.05,109.05
2022061204_T201,3,zero-filled,70,17920,27.397001,25.882,184.4,197.3,25.481,331.3,109.05,98.68
2022061204_T201,4,full,256,65536,0.000254,126.238,680.0,702.1,25.263,328.4,104.62,104.62
2022061204_T201,4,zero-filled,70,17920,27.981573,25.391,182.5,194.5,25.736,334.6,104.62,94.19
2022061204_T201,5,full,256,65536,0.000254,126.418,675.5,695.7,25.431,330.6,103.78,103.78
2022061204_T201,5,zero-filled,70,17920,27.995768,25.579,192.9,212.2,24.354,316.6,103.78,86.71
2022061204_T201,6,full,256,65536,0.000252,126.546,671.7,695.8,25.578,332.5,110.25,110.25
2022061204_T201,6,zero-filled,70,17920,27.964267,25.652,190.3,205.0,24.684,320.9,110.25,96.61
2022061204_T201,7,full,256,65536,0.000247,125.955,674.3,689.7,25.478,331.2,103.70,103.70
2022061204_T201,7,zero-filled,70,17920,27.390881,25.044,184.3,195.1,25.485,331.3,103.70,97.06
2022061204_T201,8,full,256,65536,0.000247,126.037,683.5,705.6,25.136,326.8,105.56,105.56
2022061204_T201,8,zero-filled,70,17920,27.995266,24.949,195.1,214.7,24.079,313.0,105.56,97.35
2022061204_T201,9,full,256,65536,0.000244,126.146,708.4,743.2,24.250,315.3,101.74,101.74
2022061204_T201,9,zero-filled,70,17920,27.143070,25.209,195.1,217.6,24.076,313.0,101.74,83.97
2022061204_T201,10,full,256,65536,0.000236,126.846,689.3,721.7,24.925,324.0,108.64,108.64
2022061204_T201,10,zero-filled,70,17920,26.418650,25.866,190.4,210.1,24.669,320.7,108.64,93.84
2022061204_T201,11,full,256,65536,0.000231,126.317,687.3,711.1,24.995,324.9,97.99,97.99
2022061204_T201,11,zero-filled,70,17920,26.673088,25.060,185.4,199.8,25.340,329.4,97.99,74.00
2022061204_T201,12,full,256,65536,0.000226,125.958,678.4,703.5,25.325,329.2,93.85,93.85
2022061204_T201,12,zero-filled,70,17920,26.042339,24.714,182.4,195.3,25.752,334.8,93.85,78.83
2022061204_T201,13,full,256,65536,0.000221,125.808,683.7,704.9,25.126,326.6,87.80,87.80
2022061204_T201,13,zero-filled,70,17920,25.984454,24.419,186.0,202.6,25.260,328.4,87.80,69.63
2022061204_T201,14,full,256,65536,0.000219,127.104,686.6,711.0,25.021,325.3,98.86,98.86
2022061204_T201,14,zero-filled,70,17920,26.737895,25.358,188.3,204.2,24.952,324.4,98.86,81.16
2022061204_T201,15,full,256,65536,0.000221,126.351,682.4,703.8,25.176,327.3,83.65,83.65
2022061204_T201,15,zero-filled,70,17920,28.639345,24.099,188.7,206.0,24.891,323.6,83.65,65.70
2022061204_T201,16,full,256,65536,0.000225,126.594,682.0,701.6,25.190,327.5,81.79,81.79
2022061204_T201,16,zero-filled,70,17920,29.964488,24.107,190.1,206.1,24.709,321.2,81.79,61.08
2022061204_T201,17,full,256,65536,0.000228,128.717,681.7,706.4,25.201,327.6,103.99,103.99
2022061204_T201,17,zero-filled,70,17920,30.277576,26.256,190.6,212.0,24.648,320.4,103.99,91.87
2022061204_T202,0,full,256,65536,0.000281,127.224,680.4,1241.3,25.250,328.2,138.42,138.42
2022061204_T202,0,zero-filled,70,17920,28.494710,27.110,188.4,206.2,24.935,324.1,138.42,119.37
2022061204_T202,1,full,256,65536,0.000274,126.652,683.5,709.2,25.136,326.8,120.85,120.85
2022061204_T202,1,zero-filled,70,17920,27.350674,26.658,184.1,196.8,25.514,331.7,120.85,106.89
2022061204_T202,2,full,256,65536,0.000268,126.573,678.3,695.2,25.327,329.2,117.54,117.54
2022061204_T202,2,zero-filled,70,17920,27.463550,26.349,186.7,199.4,25.161,327.1,117.54,106.80
2022061204_T202,3,full,256,65536,0.000255,126.384,675.7,695.8,25.425,330.5,107.22,107.22
2022061204_T202,3,zero-filled,70,17920,27.526843,25.714,187.8,200.8,25.014,325.2,107.22,101.33
2022061204_T202,4,full,256,65536,0.000254,126.297,673.7,694.9,25.502,331.5,105.60,105.60
2022061204_T202,4,zero-filled,70,17920,27.844083,25.501,190.4,205.6,24.670,320.7,105.60,93.78
2022061204_T202,5,full,256,65536,0.000254,126.884,675.9,693.7,25.419,330.4,109.75,109.75
2022061204_T202,5,zero-filled,70,17920,27.965660,26.055,184.9,195.3,25.400,330.2,109.75,84.48
2022061204_T202,6,full,256,65536,0.000251,126.666,681.9,700.0,25.195,327.5,111.16,111.16
2022061204_T202,6,zero-filled,70,17920,27.784469,25.783,186.7,200.4,25.168,327.2,111.16,97.06
2022061204_T202,7,full,256,65536,0.000246,126.188,676.5,696.7,25.395,330.1,106.24,106.24
2022061204_T202,7,zero-filled,70,17920,27.454425,25.249,189.8,206.2,24.747,321.7,106.24,97.40
2022061204_T202,8,full,256,65536,0.000245,126.448,686.5,712.7,25.026,325.3,109.65,109.65
2022061204_T202,8,zero-filled,70,17920,28.042779,25.265,188.7,206.8,24.897,323.7,109.65,96.20
2022061204_T202,9,full,256,65536,0.000243,126.027,679.9,702.6,25.270,328.5,99.74,99.74
2022061204_T202,9,zero-filled,70,17920,27.322082,25.012,187.2,199.9,25.096,326.2,99.74,84.65
2022061204_T202,10,full,256,65536,0.000235,126.562,676.2,695.2,25.405,330.3,104.52,104.52
2022061204_T202,10,zero-filled,70,17920,26.687433,25.462,184.3,196.2,25.487,331.3,104.52,93.02
2022061204_T202,11,full,256,65536,0.000233,126.999,687.3,709.8,24.995,324.9,107.06,107.06
2022061204_T202,11,zero-filled,70,17920,26.502103,25.869,191.6,208.0,24.523,318.8,107.06,73.60
2022061204_T202,12,full,256,65536,0.000223,126.154,676.9,698.5,25.379,329.9,95.50,95.50
2022061204_T202,12,zero-filled,70,17920,25.884064,24.853,191.1,206.3,24.577,319.5,95.50,79.81
2022061204_T202,13,full,256,65536,0.000219,125.939,680.6,701.1,25.242,328.2,88.55,88.55
2022061204_T202,13,zero-filled,70,17920,25.814411,24.523,196.0,209.7,23.964,311.5,88.55,71.22
2022061204_T202,14,full,256,65536,0.000217,127.968,682.4,702.7,25.176,327.3,107.91,107.91
2022061204_T202,14,zero-filled,70,17920,26.715901,26.169,188.6,205.9,24.914,323.9,107.91,80.86
2022061204_T202,15,full,256,65536,0.000220,126.862,681.7,701.5,25.201,327.6,88.82,88.82
2022061204_T202,15,zero-filled,70,17920,28.357606,24.662,189.9,205.9,24.734,321.5,88.82,66.74
2022061204_T202,16,full,256,65536,0.000226,126.622,679.6,700.7,25.280,328.6,82.17,82.17
2022061204_T202,16,zero-filled,70,17920,30.118928,24.128,187.0,197.4,25.125,326.6,82.17,61.83
2022061204_T202,17,full,256,65536,0.000229,128.860,682.8,700.6,25.160,327.1,105.76,105.76
2022061204_T202,17,zero-filled,70,17920,30.323473,26.423,187.9,201.6,25.007,325.1,105.76,91.80
2022061204_T203,0,full,256,65536,0.000279,126.954,684.7,1301.6,25.090,326.2,133.02,133.02
2022061204_T203,0,zero-filled,70,17920,28.433856,26.779,181.2,196.3,25.918,336.9,133.02,122.21
2022061204_T203,1,full,256,65536,0.000269,127.068,714.9,745.3,24.033,312.4,123.47,123.47
2022061204_T203,1,zero-filled,70,17920,27.426486,26.886,216.5,236.6,21.699,282.1,123.47,107.21
2022061204_T203,2,full,256,65536,0.000261,126.698,680.0,706.3,25.265,328.5,116.53,116.53
2022061204_T203,2,zero-filled,70,17920,27.528599,26.246,189.2,208.3,24.828,322.8,116.53,110.67
2022061204_T203,3,full,256,65536,0.000257,126.224,686.2,710.1,25.036,325.5,106.39,106.39
2022061204_T203,3,zero-filled,70,17920,27.483864,25.647,189.0,201.6,24.849,323.0,106.39,101.05
2022061204_T203,4,full,256,65536,0.000255,126.351,671.5,689.6,25.584,332.6,105.97,105.97
2022061204_T203,4,zero-filled,70,17920,28.014411,25.518,185.0,198.3,25.399,330.2,105.97,92.23
2022061204_T203,5,full,256,65536,0.000255,126.355,674.6,694.7,25.466,331.1,103.59,103.59
2022061204_T203,5,zero-filled,70,17920,27.825277,25.587,183.8,194.6,25.557,332.2,103.59,85.15
2022061204_T203,6,full,256,65536,0.000252,126.098,677.1,695.3,25.374,329.9,104.96,104.96
2022061204_T203,6,zero-filled,70,17920,27.841093,25.239,185.5,202.6,25.326,329.2,104.96,98.34
2022061204_T203,7,full,256,65536,0.000249,126.101,678.2,700.3,25.333,329.3,106.19,106.19
2022061204_T203,7,zero-filled,70,17920,27.474644,25.236,186.8,203.7,25.151,327.0,106.19,96.69
2022061204_T203,8,full,256,65536,0.000245,126.167,675.8,693.5,25.422,330.5,106.52,106.52
2022061204_T203,8,zero-filled,70,17920,28.104387,24.987,183.6,195.0,25.591,332.7,106.52,95.74
2022061204_T203,9,full,256,65536,0.000243,125.885,677.6,694.2,25.354,329.6,98.97,98.97
2022061204_T203,9,zero-filled,70,17920,27.055001,24.939,184.4,197.2,25.480,331.2,98.97,84.95
2022061204_T203,10,full,256,65536,0.000237,126.689,686.5,713.9,25.025,325.3,107.48,107.48
2022061204_T203,10,zero-filled,70,17920,26.556371,25.708,190.1,206.8,24.712,321.3,107.48,92.79
2022061204_T203,11,full,256,65536,0.000233,126.249,687.7,716.8,24.982,324.8,97.49,97.49
2022061204_T203,11,zero-filled,70,17920,26.874103,25.015,186.8,203.6,25.143,326.9,97.49,71.81
2022061204_T203,12,full,256,65536,0.000225,125.978,682.1,705.9,25.185,327.4,94.20,94.20
2022061204_T203,12,zero-filled,70,17920,25.969401,24.737,189.3,204.6,24.822,322.7,94.20,79.83
2022061204_T203,13,full,256,65536,0.000218,125.839,685.1,710.4,25.076,326.0,86.88,86.87
2022061204_T203,13,zero-filled,70,17920,25.811682,24.365,191.0,211.3,24.601,319.8,86.88,68.42
2022061204_T203,14,full,256,65536,0.000217,127.671,720.1,756.1,23.859,310.2,104.90,104.90
2022061204_T203,14,zero-filled,70,17920,26.672672,25.885,191.1,211.2,24.588,319.6,104.90,79.96
2022061204_T203,15,full,256,65536,0.000221,126.668,694.1,724.7,24.751,321.8,87.06,87.06
2022061204_T203,15,zero-filled,70,17920,28.318829,24.514,186.7,206.9,25.166,327.2,87.06,63.62
2022061204_T203,16,full,256,65536,0.000224,127.017,683.9,715.5,25.121,326.6,86.05,86.05
2022061204_T203,16,zero-filled,70,17920,29.834170,24.537,188.8,210.6,24.879,323.4,86.05,63.17
2022061204_T203,17,full,256,65536,0.000227,129.250,690.0,732.6,24.898,323.7,110.97,110.97
2022061204_T203,17,zero-filled,70,17920,30.263222,26.767,202.0,225.3,23.250,302.3,110.97,89.53
2022061206_FLAIR01,0,full,256,65536,0.000249,122.335,647.5,1166.6,26.534,344.9,70.47,70.47
2022061206_FLAIR01,0,zero-filled,70,17920,23.533874,22.825,181.5,192.3,25.887,336.5,70.47,62.77
2022061206_FLAIR01,1,full,256,65536,0.000243,122.334,670.0,685.2,25.643,333.4,76.11,76.11
2022061206_FLAIR01,1,zero-filled,70,17920,21.315673,23.486,180.8,189.5,25.978,337.7,76.11,59.51
2022061206_FLAIR01,2,full,256,65536,0.000236,122.933,658.0,669.2,26.111,339.4,79.27,79.27
2022061206_FLAIR01,2,zero-filled,70,17920,22.007987,23.558,188.3,199.6,24.942,324.2,79.27,58.61
2022061206_FLAIR01,3,full,256,65536,0.000234,123.705,647.1,655.3,26.551,345.2,90.15,90.15
2022061206_FLAIR01,3,zero-filled,70,17920,21.659273,24.390,177.5,183.7,26.468,344.1,90.15,68.48
2022061206_FLAIR01,4,full,256,65536,0.000237,123.375,657.7,669.9,26.121,339.6,86.91,86.91
2022061206_FLAIR01,4,zero-filled,70,17920,22.447958,23.847,185.7,201.3,25.292,328.8,86.91,61.46
2022061206_FLAIR01,5,full,256,65536,0.000231,123.435,659.6,673.6,26.047,338.6,86.54,86.54
2022061206_FLAIR01,5,zero-filled,70,17920,22.245546,23.753,184.5,193.1,25.466,331.1,86.54,62.97
2022061206_FLAIR01,6,full,256,65536,0.000226,123.356,648.3,659.1,26.499,344.5,84.14,84.14
2022061206_FLAIR01,6,zero-filled,70,17920,22.630312,23.355,177.2,183.3,26.507,344.6,84.14,60.85
2022061206_FLAIR01,7,full,256,65536,0.000218,123.823,665.8,677.1,25.802,335.4,85.91,85.91
2022061206_FLAIR01,7,zero-filled,70,17920,22.012472,23.747,180.8,188.4,25.981,337.8,85.91,61.98
2022061206_FLAIR01,8,full,256,65536,0.000215,123.857,654.6,665.1,26.245,341.2,85.33,85.33
2022061206_FLAIR01,8,zero-filled,70,17920,21.981781,23.684,178.3,184.1,26.354,342.6,85.33,63.57
2022061206_FLAIR01,9,full,256,65536,0.000213,123.681,647.0,656.1,26.553,345.2,81.53,81.53
2022061206_FLAIR01,9,zero-filled,70,17920,21.950603,23.414,177.6,183.8,26.453,343.9,81.53,70.41
2022061206_FLAIR01,10,full,256,65536,0.000212,125.190,647.0,655.5,26.551,345.2,95.77,95.77
2022061206_FLAIR01,10,zero-filled,70,17920,22.207390,24.770,176.8,182.3,26.567,345.4,95.77,64.32
2022061206_FLAIR01,11,full,256,65536,0.000210,124.859,649.5,658.3,26.450,343.9,91.53,91.53
2022061206_FLAIR01,11,zero-filled,70,17920,22.513954,24.275,179.1,185.6,26.228,341.0,91.53,73.72
2022061206_FLAIR01,12,full,256,65536,0.000211,126.157,650.3,661.2,26.418,343.4,105.67,105.67
2022061206_FLAIR01,12,zero-filled,70,17920,23.290963,25.278,176.8,182.5,26.563,345.3,105.67,88.51
2022061206_FLAIR01,13,full,256,65536,0.000212,125.949,644.5,653.4,26.655,346.5,102.97,102.97
2022061206_FLAIR01,13,zero-filled,70,17920,23.851598,24.906,178.6,184.7,26.306,342.0,102.97,92.33
2022061206_FLAIR01,14,full,256,65536,0.000219,125.870,655.2,666.6,26.223,340.9,100.74,100.74
2022061206_FLAIR01,14,zero-filled,70,17920,24.671557,24.819,180.1,187.4,26.079,339.0,100.74,92.44
2022061206_FLAIR01,15,full,256,65536,0.000222,126.119,651.1,659.7,26.386,343.0,103.81,103.81
2022061206_FLAIR01,15,zero-filled,70,17920,25.283967,24.991,178.4,184.9,26.331,342.3,103.81,77.79
2022061206_FLAIR01,16,full,256,65536,0.000229,126.139,649.9,661.1,26.433,343.6,107.51,107.51
2022061206_FLAIR01,16,zero-filled,70,17920,27.406941,24.560,178.8,185.1,26.273,341.5,107.51,76.64
2022061206_FLAIR01,17,full,256,65536,0.000233,125.893,651.5,661.1,26.371,342.8,105.93,105.93
2022061206_FLAIR01,17,zero-filled,70,17920,27.792111,24.349,178.0,184.8,26.384,343.0,105.93,77.83
2022061206_FLAIR02,0,full,256,65536,0.000250,122.341,669.0,984.0,25.682,333.9,70.62,70.62
2022061206_FLAIR02,0,zero-filled,70,17920,23.596735,22.846,181.8,191.3,25.836,335.9,70.62,63.30
2022061206_FLAIR02,1,full,256,65536,0.000241,122.667,649.4,664.4,26.457,343.9,77.56,77.56
2022061206_FLAIR02,1,zero-filled,70,17920,21.345413,23.715,177.3,183.5,26.491,344.4,77.56,59.69
2022061206_FLAIR02,2,full,256,65536,0.000237,123.019,648.2,660.3,26.506,344.6,80.10,80.10
2022061206_FLAIR02,2,zero-filled,70,17920,22.048661,23.641,177.4,182.7,26.487,344.3,80.10,57.68
2022061206_FLAIR02,3,full,256,65536,0.000236,124.662,650.9,660.3,26.394,343.1,101.54,101.54
2022061206_FLAIR02,3,zero-filled,70,17920,21.519409,25.464,178.8,185.5,26.273,341.6,101.54,63.11
2022061206_FLAIR02,4,full,256,65536,0.000237,123.250,676.5,697.2,25.394,330.1,85.91,85.91
2022061206_FLAIR02,4,zero-filled,70,17920,22.288098,23.783,187.2,202.4,25.096,326.3,85.91,60.93
2022061206_FLAIR02,5,full,256,65536,0.000233,123.470,661.6,679.4,25.966,337.6,87.47,87.47
2022061206_FLAIR02,5,zero-filled,70,17920,22.327588,23.827,185.3,198.3,25.347,329.5,87.47,60.82
2022061206_FLAIR02,6,full,256,65536,0.000225,123.392,680.1,703.5,25.261,328.4,83.81,83.81
2022061206_FLAIR02,6,zero-filled,70,17920,22.587120,23.350,188.9,206.7,24.870,323.3,83.81,60.33
2022061206_FLAIR02,7,full,256,65536,0.000219,124.510,688.1,712.7,24.968,324.6,93.19,93.19
2022061206_FLAIR02,7,zero-filled,70,17920,22.094861,24.446,196.1,213.6,23.960,311.5,93.19,59.90
2022061206_FLAIR02,8,full,256,65536,0.000215,123.781,731.7,762.3,23.481,305.2,83.85,83.85
2022061206_FLAIR02,8,zero-filled,70,17920,22.003876,23.588,200.8,230.3,23.392,304.1,83.85,66.25
2022061206_FLAIR02,9,full,256,65536,0.000213,124.161,836.0,885.2,20.550,267.2,86.14,86.14
2022061206_FLAIR02,9,zero-filled,70,17920,22.024298,23.878,219.3,247.3,21.418,278.4,86.14,70.86
2022061206_FLAIR02,10,full,256,65536,0.000213,124.294,946.2,1011.5,18.157,236.0,86.23,86.23
2022061206_FLAIR02,10,zero-filled,70,17920,22.271936,23.910,227.2,264.7,20.674,268.8,86.23,65.76
2022061206_FLAIR02,11,full,256,65536,0.000210,124.844,839.1,888.2,20.474,266.2,90.96,90.96
2022061206_FLAIR02,11,zero-filled,70,17920,22.499079,24.246,214.5,236.1,21.901,284.7,90.96,74.64
2022061206_FLAIR02,12,full,256,65536,0.000214,125.751,784.0,831.3,21.913,284.9,102.22,102.22
2022061206_FLAIR02,12,zero-filled,70,17920,23.208158,25.046,216.2,251.8,21.724,282.4,102.22,86.31
2022061206_FLAIR02,13,full,256,65536,0.000214,126.085,705.2,738.2,24.360,316.7,104.87,104.87
2022061206_FLAIR02,13,zero-filled,70,17920,23.815080,25.146,187.8,203.2,25.007,325.1,104.87,93.70
2022061206_FLAIR02,14,full,256,65536,0.000218,126.714,727.0,759.1,23.632,307.2,110.43,110.43
2022061206_FLAIR02,14,zero-filled,70,17920,24.719267,25.641,190.3,206.0,24.680,320.8,110.43,93.47
2022061206_FLAIR02,15,full,256,65536,0.000221,126.164,688.0,711.5,24.971,324.6,103.90,103.90
2022061206_FLAIR02,15,zero-filled,70,17920,25.009199,25.098,186.5,201.8,25.191,327.5,103.90,78.27
2022061206_FLAIR02,16,full,256,65536,0.000230,125.604,686.8,705.1,25.014,325.2,101.20,101.20
2022061206_FLAIR02,16,zero-filled,70,17920,27.154748,24.146,186.4,198.8,25.204,327.6,101.20,75.18
2022061206_FLAIR02,17,full,256,65536,0.000234,125.538,683.0,700.6,25.155,327.0,102.26,102.26
2022061206_FLAIR02,17,zero-filled,70,17920,27.288080,24.201,275.3,311.6,17.065,221.8,102.26,78.12
2022061206_T101,0,full,256,65536,0.000241,123.419,666.8,1078.2,25.764,334.9,83.15,83.15
2022061206_T101,0,zero-filled,70,17920,22.888553,23.854,186.1,196.9,25.237,328.1,83.15,60.17
2022061206_T101,1,full,256,65536,0.000231,125.470,667.4,680.1,25.740,334.6,101.14,101.15
2022061206_T101,1,zero-filled,70,17920,23.335172,25.400,185.1,194.3,25.383,330.0,101.14,58.62
2022061206_T101,2,full,256,65536,0.000225,124.984,665.5,677.8,25.816,335.6,100.26,100.26
2022061206_T101,2,zero-filled,70,17920,22.967510,24.789,183.2,191.9,25.645,333.4,100.26,61.04
2022061206_T101,3,full,256,65536,0.000225,125.455,661.0,673.6,25.992,337.9,109.00,109.00
2022061206_T101,3,zero-filled,70,17920,22.809837,25.338,183.0,192.0,25.667,333.7,109.00,63.40
2022061206_T101,4,full,256,65536,0.000223,124.478,662.7,676.9,25.923,337.0,102.31,102.31
2022061206_T101,4,zero-filled,70,17920,22.428711,24.445,181.2,189.5,25.929,337.1,102.31,62.68
2022061206_T101,5,full,256,65536,0.000219,124.564,661.9,676.1,25.955,337.4,98.31,98.31
2022061206_T101,5,zero-filled,70,17920,22.827081,24.206,182.7,190.3,25.718,334.3,98.31,60.41
2022061206_T101,6,full,256,65536,0.000216,124.586,665.2,676.8,25.825,335.7,98.79,98.79
2022061206_T101,6,zero-filled,70,17920,22.463592,24.234,182.0,190.4,25.812,335.6,98.79,65.00
2022061206_T101,7,full,256,65536,0.000210,125.081,670.7,685.7,25.613,333.0,100.08,100.08
2022061206_T101,7,zero-filled,70,17920,22.714778,24.411,181.3,190.0,25.918,336.9,100.08,61.18
2022061206_T101,8,full,256,65536,0.000206,125.384,661.2,672.3,25.982,337.8,103.35,103.35
2022061206_T101,8,zero-filled,70,17920,22.280181,24.691,181.2,188.2,25.930,337.1,103.35,74.47
2022061206_T101,9,full,256,65536,0.000205,125.797,666.5,679.9,25.774,335.1,105.83,105.83
2022061206_T101,9,zero-filled,70,17920,21.882185,25.237,186.4,199.1,25.202,327.6,105.83,76.08
2022061206_T101,10,full,256,65536,0.000201,125.572,671.0,685.9,25.603,332.8,102.99,102.99
2022061206_T101,10,zero-filled,70,17920,22.029798,24.760,183.1,194.7,25.655,333.5,102.99,76.85
2022061206_T101,11,full,256,65536,0.000204,126.771,667.1,680.8,25.752,334.8,117.44,117.44
2022061206_T101,11,zero-filled,70,17920,22.739380,25.819,184.5,194.2,25.466,331.1,117.44,86.73
2022061206_T101,12,full,256,65536,0.000206,126.895,662.8,675.4,25.920,337.0,122.60,122.60
2022061206_T101,12,zero-filled,70,17920,23.067113,25.900,181.7,189.5,25.860,336.2,122.60,100.47
2022061206_T101,13,full,256,65536,0.000208,127.136,667.2,682.5,25.747,334.7,124.79,124.79
2022061206_T101,13,zero-filled,70,17920,24.000336,25.872,183.5,192.7,25.594,332.7,124.79,108.25
2022061206_T101,14,full,256,65536,0.000207,127.195,670.9,684.3,25.607,332.9,127.42,127.42
2022061206_T101,14,zero-filled,70,17920,24.374674,25.789,182.4,191.8,25.748,334.7,127.42,109.22
2022061206_T101,15,full,256,65536,0.000211,127.327,665.9,681.5,25.801,335.4,130.53,130.53
2022061206_T101,15,zero-filled,70,17920,26.174241,25.471,181.0,188.5,25.959,337.5,130.53,94.09
2022061206_T101,16,full,256,65536,0.000217,126.819,661.3,672.6,25.977,337.7,131.10,131.10
2022061206_T101,16,zero-filled,70,17920,26.684005,25.022,182.1,190.0,25.794,335.3,131.10,90.48
2022061206_T101,17,full,256,65536,0.000220,126.835,677.1,690.7,25.374,329.9,137.90,137.90
2022061206_T101,17,zero-filled,70,17920,26.490804,25.231,182.9,191.9,25.687,333.9,137.90,102.60
2022061206_T102,0,full,256,65536,0.000240,123.101,663.7,998.1,25.884,336.5,79.60,79.60
2022061206_T102,0,zero-filled,70,17920,22.998600,23.476,183.3,194.1,25.621,333.1,79.60,59.75
2022061206_T102,1,full,256,65536,0.000231,125.272,696.5,715.0,24.667,320.7,98.70,98.70
2022061206_T102,1,zero-filled,70,17920,23.364482,25.188,180.3,191.8,26.050,338.7,98.70,58.34
2022061206_T102,2,full,256,65536,0.000227,124.948,666.9,681.2,25.762,334.9,101.17,101.17
2022061206_T102,2,zero-filled,70,17920,22.943332,24.869,182.1,191.7,25.792,335.3,101.17,60.96
2022061206_T102,3,full,256,65536,0.000227,125.344,663.3,676.3,25.899,336.7,108.45,108.45
2022061206_T102,3,zero-filled,70,17920,22.654566,25.369,181.9,190.0,25.824,335.7,108.45,64.38
2022061206_T102,4,full,256,65536,0.000225,124.289,665.9,680.0,25.799,335.4,100.73,100.73
2022061206_T102,4,zero-filled,70,17920,22.336477,24.359,181.5,190.9,25.881,336.5,100.73,64.82
2022061206_T102,5,full,256,65536,0.000220,124.497,670.2,683.9,25.635,333.3,98.11,98.11
2022061206_T102,5,zero-filled,70,17920,22.897000,24.167,183.0,195.0,25.667,333.7,98.11,59.67
2022061206_T102,6,full,256,65536,0.000215,124.763,662.9,675.4,25.915,336.9,100.41,100.41
2022061206_T102,6,zero-filled,70,17920,22.505201,24.372,182.9,191.1,25.689,334.0,100.41,66.09
2022061206_T102,7,full,256,65536,0.000208,125.232,667.5,679.3,25.738,334.6,100.81,100.81
2022061206_T102,7,zero-filled,70,17920,22.652440,24.508,186.2,194.8,25.232,328.0,100.81,62.60
2022061206_T102,8,full,256,65536,0.000204,125.663,676.9,690.9,25.381,329.9,106.33,106.33
2022061206_T102,8,zero-filled,70,17920,22.155815,24.962,186.0,195.5,25.251,328.3,106.33,77.72
2022061206_T102,9,full,256,65536,0.000204,124.921,660.2,673.6,26.022,338.3,95.33,95.33
2022061206_T102,9,zero-filled,70,17920,21.730410,24.373,182.2,189.9,25.784,335.2,95.33,72.19
2022061206_T102,10,full,256,65536,0.000202,125.466,661.0,677.5,25.989,337.9,102.46,102.46
2022061206_T102,10,zero-filled,70,17920,21.811636,24.790,181.9,190.1,25.827,335.7,102.46,77.55
2022061206_T102,11,full,256,65536,0.000205,126.929,660.5,672.2,26.011,338.1,120.18,120.18
2022061206_T102,11,zero-filled,70,17920,22.652547,26.045,184.5,192.3,25.467,331.1,120.18,90.20
2022061206_T102,12,full,256,65536,0.000203,127.428,659.3,670.6,26.058,338.8,128.63,128.63
2022061206_T102,12,zero-filled,70,17920,23.021043,26.317,180.1,187.8,26.086,339.1,128.63,100.71
2022061206_T102,13,full,256,65536,0.000208,127.270,665.7,676.3,25.809,335.5,127.60,127.60
2022061206_T102,13,zero-filled,70,17920,23.847542,26.081,180.8,189.5,25.979,337.7,127.60,108.71
2022061206_T102,14,full,256,65536,0.000207,127.316,665.3,680.1,25.822,335.7,128.95,128.95
2022061206_T102,14,zero-filled,70,17920,24.328966,25.905,183.3,194.2,25.634,333.2,128.95,111.18
2022061206_T102,15,full,256,65536,0.000212,127.050,662.1,675.8,25.947,337.3,127.05,127.05
2022061206_T102,15,zero-filled,70,17920,26.026909,25.270,182.0,191.2,25.809,335.5,127.05,93.57
2022061206_T102,16,full,256,65536,0.000216,126.646,669.5,681.8,25.662,333.6,128.52,128.52
2022061206_T102,16,zero-filled,70,17920,26.628724,24.840,187.4,203.8,25.069,325.9,128.52,90.11
2022061206_T102,17,full,256,65536,0.000219,126.884,706.5,731.9,24.316,316.1,138.56,138.56
2022061206_T102,17,zero-filled,70,17920,26.406102,25.272,199.5,215.8,23.543,306.1,138.56,103.55
2022061206_T103,0,full,256,65536,0.000242,123.336,666.7,1016.3,25.767,335.0,81.91,81.91
2022061206_T103,0,zero-filled,70,17920,23.080611,23.736,181.1,190.3,25.936,337.2,81.91,60.41
2022061206_T103,1,full,256,65536,0.000232,125.296,669.9,681.9,25.644,333.4,98.83,98.83
2022061206_T103,1,zero-filled,70,17920,23.372640,25.249,188.6,198.0,24.907,323.8,98.83,58.60
2022061206_T103,2,full,256,65536,0.000227,124.906,662.4,679.6,25.935,337.2,99.47,99.47
2022061206_T103,2,zero-filled,70,17920,23.104679,24.745,183.0,191.1,25.668,333.7,99.47,60.78
2022061206_T103,3,full,256,65536,0.000225,125.414,663.2,676.7,25.906,336.8,108.00,108.00
2022061206_T103,3,zero-filled,70,17920,22.872621,25.267,180.8,188.3,25.989,337.9,108.00,60.95
2022061206_T103,4,full,256,65536,0.000221,124.552,665.3,676.6,25.824,335.7,101.73,101.73
2022061206_T103,4,zero-filled,70,17920,22.455794,24.422,184.0,193.8,25.527,331.9,101.73,64.82
2022061206_T103,5,full,256,65536,0.000220,124.897,669.7,683.6,25.651,333.5,102.25,102.25
2022061206_T103,5,zero-filled,70,17920,22.910307,24.554,182.7,191.5,25.717,334.3,102.25,60.71
2022061206_T103,6,full,256,65536,0.000214,124.607,665.1,675.9,25.830,335.8,98.47,98.47
2022061206_T103,6,zero-filled,70,17920,22.502986,24.173,181.0,188.9,25.955,337.4,98.47,63.64
2022061206_T103,7,full,256,65536,0.000210,125.229,674.2,696.9,25.481,331.2,100.99,100.99
2022061206_T103,7,zero-filled,70,17920,22.764308,24.516,184.0,193.3,25.528,331.9,100.99,63.09
2022061206_T103,8,full,256,65536,0.000204,125.242,663.6,675.4,25.888,336.5,100.86,100.86
2022061206_T103,8,zero-filled,70,17920,22.340880,24.467,184.0,192.3,25.532,331.9,100.86,73.58
2022061206_T103,9,full,256,65536,0.000207,125.149,659.5,673.2,26.049,338.6,98.61,98.61
2022061206_T103,9,zero-filled,70,17920,21.948563,24.628,180.3,188.0,26.053,338.7,98.61,75.47
2022061206_T103,10,full,256,65536,0.000203,125.268,660.6,671.8,26.005,338.1,100.08,100.08
2022061206_T103,10,zero-filled,70,17920,21.984465,24.555,182.0,217.6,25.816,335.6,100.08,80.96
2022061206_T103,11,full,256,65536,0.000203,127.005,666.4,677.8,25.781,335.2,119.95,119.95
2022061206_T103,11,zero-filled,70,17920,22.736988,26.029,181.2,189.8,25.922,337.0,119.95,86.81
2022061206_T103,12,full,256,65536,0.000206,127.173,661.6,672.1,25.967,337.6,125.88,125.88
2022061206_T103,12,zero-filled,70,17920,23.168244,26.134,182.9,191.2,25.687,333.9,125.88,101.42
2022061206_T103,13,full,256,65536,0.000207,127.224,659.0,669.5,26.070,338.9,126.32,126.32
2022061206_T103,13,zero-filled,70,17920,23.870295,25.996,182.2,189.7,25.778,335.1,126.32,109.84
2022061206_T103,14,full,256,65536,0.000210,126.842,662.6,675.4,25.926,337.0,123.42,123.42
2022061206_T103,14,zero-filled,70,17920,24.490164,25.509,181.2,209.7,25.928,337.1,123.42,109.25
2022061206_T103,15,full,256,65536,0.000211,127.497,671.3,691.3,25.593,332.7,132.95,132.95
2022061206_T103,15,zero-filled,70,17920,26.032437,25.691,182.4,191.3,25.753,334.8,132.95,93.30
2022061206_T103,16,full,256,65536,0.000218,126.659,662.8,676.9,25.919,337.0,129.12,129.12
2022061206_T103,16,zero-filled,70,17920,26.688703,24.891,182.8,194.3,25.702,334.1,129.12,90.52
2022061206_T103,17,full,256,65536,0.000218,126.805,663.3,676.2,25.900,336.7,135.67,135.67
2022061206_T103,17,zero-filled,70,17920,26.359277,25.145,184.0,193.0,25.526,331.8,135.67,104.82
2022061206_T201,0,full,256,65536,0.000252,127.410,672.7,1096.8,25.539,332.0,108.21,108.21
2022061206_T201,0,zero-filled,70,17920,28.663472,26.304,190.5,200.2,24.658,320.6,108.21,84.98
2022061206_T201,1,full,256,65536,0.000248,126.827,671.7,685.9,25.576,332.5,100.66,100.66
2022061206_T201,1,zero-filled,70,17920,27.110805,26.070,182.9,193.1,25.681,333.9,100.66,87.72
2022061206_T201,2,full,256,65536,0.000250,126.543,658.1,669.7,26.107,339.4,98.10,98.10
2022061206_T201,2,zero-filled,70,17920,27.423952,25.725,181.9,189.0,25.822,335.7,98.10,76.15
2022061206_T201,3,full,256,65536,0.000247,127.131,655.0,665.1,26.229,341.0,103.63,103.63
2022061206_T201,3,zero-filled,70,17920,27.479442,26.205,179.0,185.9,26.238,341.1,103.63,88.16
2022061206_T201,4,full,256,65536,0.000246,127.492,659.7,670.7,26.041,338.5,107.30,107.30
2022061206_T201,4,zero-filled,70,17920,27.927409,26.395,181.5,189.8,25.879,336.4,107.30,83.37
2022061206_T201,5,full,256,65536,0.000239,126.777,663.3,676.2,25.900,336.7,105.28,105.28
2022061206_T201,5,zero-filled,70,17920,26.069291,26.021,181.9,194.3,25.820,335.7,105.28,94.51
2022061206_T201,6,full,256,65536,0.000238,126.670,671.2,684.0,25.594,332.7,104.65,104.65
2022061206_T201,6,zero-filled,70,17920,26.591893,25.699,181.8,190.6,25.836,335.9,104.65,100.71
2022061206_T201,7,full,256,65536,0.000233,126.514,656.8,666.9,26.156,340.0,96.77,96.77
2022061206_T201,7,zero-filled,70,17920,27.094653,25.192,180.9,188.2,25.962,337.5,96.77,88.42
2022061206_T201,8,full,256,65536,0.000227,126.882,669.3,680.7,25.668,333.7,97.98,97.98
2022061206_T201,8,zero-filled,70,17920,26.401338,25.558,184.4,199.3,25.477,331.2,97.98,88.38
2022061206_T201,9,full,256,65536,0.000223,128.025,659.4,670.6,26.056,338.7,110.20,110.20
2022061206_T201,9,zero-filled,70,17920,25.861948,26.731,180.0,187.6,26.100,339.3,110.20,87.01
2022061206_T201,10,full,256,65536,0.000218,126.808,660.7,671.9,26.004,338.0,96.88,96.88
2022061206_T201,10,zero-filled,70,17920,25.469508,25.442,180.3,188.0,26.050,338.6,96.88,86.93
2022061206_T201,11,full,256,65536,0.000214,125.896,673.6,685.8,25.504,331.5,92.76,92.76
2022061206_T201,11,zero-filled,70,17920,25.062175,24.532,179.2,189.9,26.218,340.8,92.76,85.79
2022061206_T201,12,full,256,65536,0.000216,126.014,665.3,677.7,25.824,335.7,93.98,93.98
2022061206_T201,12,zero-filled,70,17920,25.645502,24.539,182.3,190.6,25.771,335.0,93.98,89.53
2022061206_T201,13,full,256,65536,0.000219,126.340,656.9,667.3,26.153,340.0,94.15,94.15
2022061206_T201,13,zero-filled,70,17920,26.067060,24.825,180.0,187.5,26.097,339.3,94.15,80.17
2022061206_T201,14,full,256,65536,0.000223,126.971,654.7,667.2,26.242,341.1,99.42,99.42
2022061206_T201,14,zero-filled,70,17920,27.929515,24.998,179.7,187.1,26.135,339.8,99.42,79.27
2022061206_T201,15,full,256,65536,0.000232,127.290,662.0,673.1,25.952,337.4,102.55,102.55
2022061206_T201,15,zero-filled,70,17920,29.964433,25.050,181.7,189.4,25.851,336.1,102.55,79.31
2022061206_T201,16,full,256,65536,0.000235,126.903,657.3,668.0,26.138,339.8,97.24,97.24
2022061206_T201,16,zero-filled,70,17920,30.024470,24.757,200.5,215.1,23.433,304.6,97.24,83.71
2022061206_T201,17,full,256,65536,0.000237,128.124,716.3,750.5,23.983,311.8,113.59,113.59
2022061206_T201,17,zero-filled,70,17920,30.120619,26.055,197.2,215.9,23.826,309.7,113.59,97.53
2022061206_T202,0,full,256,65536,0.000252,127.592,655.0,1113.2,26.230,341.0,110.04,110.04
2022061206_T202,0,zero-filled,70,17920,28.746953,26.452,187.2,203.7,25.094,326.2,110.04,85.81
2022061206_T202,1,full,256,65536,0.000249,126.802,689.4,707.8,24.919,323.9,100.09,100.09
2022061206_T202,1,zero-filled,70,17920,27.207796,26.025,189.8,207.1,24.754,321.8,100.09,88.72
2022061206_T202,2,full,256,65536,0.000248,127.035,692.9,711.8,24.793,322.3,102.51,102.51
2022061206_T202,2,zero-filled,70,17920,27.580586,26.095,189.0,207.5,24.849,323.0,102.51,78.86
2022061206_T202,3,full,256,65536,0.000246,127.100,678.2,693.4,25.332,329.3,102.86,102.86
2022061206_T202,3,zero-filled,70,17920,27.701172,26.086,182.9,192.7,25.686,333.9,102.86,87.07
2022061206_T202,4,full,256,65536,0.000247,127.262,665.4,678.9,25.819,335.7,104.36,104.36
2022061206_T202,4,zero-filled,70,17920,27.971045,26.190,180.7,189.7,25.990,337.9,104.36,79.45
2022061206_T202,5,full,256,65536,0.000239,126.876,672.4,686.8,25.549,332.1,106.19,106.19
2022061206_T202,5,zero-filled,70,17920,26.278469,26.059,183.3,193.0,25.626,333.1,106.19,94.66
2022061206_T202,6,full,256,65536,0.000237,126.478,661.6,674.5,25.966,337.6,102.46,102.46
2022061206_T202,6,zero-filled,70,17920,26.562344,25.494,180.3,188.5,26.060,338.8,102.46,100.69
2022061206_T202,7,full,256,65536,0.000234,126.937,660.1,673.4,26.025,338.3,102.23,102.23
2022061206_T202,7,zero-filled,70,17920,27.162719,25.626,182.9,192.8,25.680,333.8,102.23,89.82
2022061206_T202,8,full,256,65536,0.000227,127.780,664.1,676.7,25.869,336.3,109.54,109.54
2022061206_T202,8,zero-filled,70,17920,26.230513,26.538,182.4,193.1,25.761,334.9,109.54,86.15
2022061206_T202,9,full,256,65536,0.000223,128.475,656.2,667.2,26.182,340.4,116.14,116.14
2022061206_T202,9,zero-filled,70,17920,25.974737,27.169,180.9,188.7,25.968,337.6,116.14,86.21
2022061206_T202,10,full,256,65536,0.000218,126.326,691.8,712.8,24.834,322.8,91.82,91.82
2022061206_T202,10,zero-filled,70,17920,25.515111,24.967,194.9,214.6,24.103,313.3,91.82,84.45
2022061206_T202,11,full,256,65536,0.000214,125.716,700.7,725.1,24.518,318.7,91.25,91.25
2022061206_T202,11,zero-filled,70,17920,24.858816,24.422,186.7,200.8,25.160,327.1,91.25,85.30
2022061206_T202,12,full,256,65536,0.000216,125.836,691.9,716.6,24.830,322.8,91.73,91.73
2022061206_T202,12,zero-filled,70,17920,25.763713,24.289,191.4,207.0,24.544,319.1,91.73,88.50
2022061206_T202,13,full,256,65536,0.000220,126.021,701.4,727.7,24.495,318.4,91.45,91.45
2022061206_T202,13,zero-filled,70,17920,25.999510,24.569,191.6,209.0,24.518,318.7,91.45,82.83
2022061206_T202,14,full,256,65536,0.000223,126.637,691.1,720.4,24.860,323.2,95.90,95.90
2022061206_T202,14,zero-filled,70,17920,27.955990,24.659,187.8,203.7,25.012,325.2,95.90,79.51
2022061206_T202,15,full,256,65536,0.000232,127.780,712.7,752.2,24.106,313.4,109.34,109.34
2022061206_T202,15,zero-filled,70,17920,29.905275,25.589,189.8,210.9,24.746,321.7,109.34,76.04
2022061206_T202,16,full,256,65536,0.000235,127.306,685.5,709.4,25.062,325.8,102.41,102.41
2022061206_T202,16,zero-filled,70,17920,30.008542,25.200,187.6,201.0,25.038,325.5,102.41,89.73
2022061206_T202,17,full,256,65536,0.000239,128.316,683.6,712.6,25.130,326.7,116.73,116.73
2022061206_T202,17,zero-filled,70,17920,30.216739,26.271,186.8,201.7,25.145,326.9,116.73,96.45
2022061206_T203,0,full,256,65536,0.000254,127.432,680.3,1084.9,25.255,328.3,108.29,108.29
2022061206_T203,0,zero-filled,70,17920,28.770299,26.348,186.0,197.4,25.255,328.3,108.29,88.48
2022061206_T203,1,full,256,65536,0.000248,126.879,662.3,675.5,25.941,337.2,100.43,100.43
2022061206_T203,1,zero-filled,70,17920,27.105614,26.092,181.0,190.1,25.948,337.3,100.43,89.54
2022061206_T203,2,full,256,65536,0.000248,126.722,651.9,661.9,26.354,342.6,99.24,99.24
2022061206_T203,2,zero-filled,70,17920,27.383629,25.856,178.2,184.7,26.363,342.7,99.24,76.63
2022061206_T203,3,full,256,65536,0.000248,126.536,650.2,659.2,26.422,343.5,96.78,96.78
2022061206_T203,3,zero-filled,70,17920,27.667755,25.581,179.3,185.9,26.205,340.7,96.78,89.93
2022061206_T203,4,full,256,65536,0.000249,127.358,652.7,664.9,26.322,342.2,105.71,105.71
2022061206_T203,4,zero-filled,70,17920,28.101602,26.307,179.6,200.7,26.151,340.0,105.71,80.68
2022061206_T203,5,full,256,65536,0.000238,126.855,654.9,665.1,26.231,341.0,105.48,105.48
2022061206_T203,5,zero-filled,70,17920,26.153566,26.048,180.1,188.0,26.090,339.2,105.48,95.83
2022061206_T203,6,full,256,65536,0.000236,126.571,650.2,660.6,26.421,343.5,102.98,102.98
2022061206_T203,6,zero-filled,70,17920,26.432494,25.591,179.7,186.5,26.145,339.9,102.98,96.92
2022061206_T203,7,full,256,65536,0.000232,126.498,649.7,658.6,26.443,343.8,96.39,96.39
2022061206_T203,7,zero-filled,70,17920,27.058034,25.174,180.6,187.8,26.008,338.1,96.39,87.60
2022061206_T203,8,full,256,65536,0.000229,127.342,649.9,660.1,26.435,343.7,104.40,104.40
2022061206_T203,8,zero-filled,70,17920,26.324761,26.124,179.1,185.6,26.235,341.1,104.40,85.73
2022061206_T203,9,full,256,65536,0.000221,128.066,649.6,659.7,26.448,343.8,110.27,110.27
2022061206_T203,9,zero-filled,70,17920,25.622597,26.763,180.3,186.5,26.061,338.8,110.27,88.53
2022061206_T203,10,full,256,65536,0.000218,126.267,649.1,658.0,26.467,344.1,91.40,91.40
2022061206_T203,10,zero-filled,70,17920,25.320854,24.951,179.9,186.6,26.116,339.5,91.40,86.24
2022061206_T203,11,full,256,65536,0.000212,126.002,651.7,662.9,26.363,342.7,93.16,93.16
2022061206_T203,11,zero-filled,70,17920,24.859996,24.635,179.5,186.3,26.167,340.2,93.16,85.59
2022061206_T203,12,full,256,65536,0.000217,125.777,649.2,658.8,26.464,344.0,91.14,91.14
2022061206_T203,12,zero-filled,70,17920,25.936933,24.219,178.9,185.5,26.254,341.3,91.14,88.56
2022061206_T203,13,full,256,65536,0.000220,125.939,649.1,658.2,26.467,344.1,90.78,90.78
2022061206_T203,13,zero-filled,70,17920,25.906933,24.538,178.9,185.5,26.261,341.4,90.78,84.92
2022061206_T203,14,full,256,65536,0.000222,126.552,654.6,665.3,26.247,341.2,94.43,94.43
2022061206_T203,14,zero-filled,70,17920,27.884417,24.575,179.2,186.0,26.218,340.8,94.43,79.14
2022061206_T203,15,full,256,65536,0.000230,127.344,653.6,664.2,26.284,341.7,103.20,103.20
2022061206_T203,15,zero-filled,70,17920,29.756398,25.126,180.2,187.4,26.068,338.9,103.20,77.29
2022061206_T203,16,full,256,65536,0.000235,127.348,655.1,666.0,26.224,340.9,102.49,102.49
2022061206_T203,16,zero-filled,70,17920,29.917169,25.242,180.2,188.1,26.064,338.8,102.49,84.33
2022061206_T203,17,full,256,65536,0.000240,127.814,659.2,671.1,26.061,338.8,111.13,111.13
2022061206_T203,17,zero-filled,70,17920,30.062083,25.870,181.6,190.3,25.870,336.3,111.13,97.36
2022061207_FLAIR01,0,full,256,65536,0.000265,124.169,661.4,1071.7,25.976,337.7,65.97,65.97
2022061207_FLAIR01,0,zero-filled,70,17920,30.637311,22.923,180.0,189.1,26.103,339.3,65.97,58.10
2022061207_FLAIR01,1,full,256,65536,0.000259,123.487,660.5,673.6,26.012,338.2,72.84,72.84
2022061207_FLAIR01,1,zero-filled,70,17920,25.252477,23.697,179.8,187.6,26.126,339.6,72.84,58.84
2022061207_FLAIR01,2,full,256,65536,0.000250,124.082,655.5,665.9,26.210,340.7,80.28,80.28
2022061207_FLAIR01,2,zero-filled,70,17920,23.997343,24.428,180.8,188.3,25.978,337.7,80.28,59.69
2022061207_FLAIR01,3,full,256,65536,0.000241,123.604,649.0,658.8,26.471,344.1,79.68,79.68
2022061207_FLAIR01,3,zero-filled,70,17920,22.444654,24.208,178.3,185.3,26.343,342.5,79.68,61.31
2022061207_FLAIR01,4,full,256,65536,0.000237,123.503,652.5,663.1,26.329,342.3,81.98,81.98
2022061207_FLAIR01,4,zero-filled,70,17920,21.884065,24.198,180.4,187.4,26.040,338.5,81.98,60.82
2022061207_FLAIR01,5,full,256,65536,0.000234,123.911,655.8,666.7,26.197,340.6,89.48,89.48
2022061207_FLAIR01,5,zero-filled,70,17920,21.646302,24.605,181.3,189.6,25.916,336.9,89.48,59.06
2022061207_FLAIR01,6,full,256,65536,0.000232,124.029,655.9,666.8,26.194,340.5,90.67,90.67
2022061207_FLAIR01,6,zero-filled,70,17920,22.231252,24.407,182.1,191.1,25.791,335.3,90.67,66.82
2022061207_FLAIR01,7,full,256,65536,0.000233,123.815,653.3,663.7,26.298,341.9,90.28,90.28
2022061207_FLAIR01,7,zero-filled,70,17920,22.671258,24.059,179.4,186.5,26.188,340.4,90.28,67.09
2022061207_FLAIR01,8,full,256,65536,0.000230,124.569,650.9,660.9,26.395,343.1,97.07,97.07
2022061207_FLAIR01,8,zero-filled,70,17920,23.313941,24.453,184.0,194.3,25.536,332.0,97.07,74.68
2022061207_FLAIR01,9,full,256,65536,0.000222,124.701,672.4,688.1,25.550,332.2,96.60,96.60
2022061207_FLAIR01,9,zero-filled,70,17920,23.067467,24.359,182.4,192.2,25.759,334.9,96.60,82.84
2022061207_FLAIR01,10,full,256,65536,0.000217,124.951,660.0,672.8,26.031,338.4,97.91,97.91
2022061207_FLAIR01,10,zero-filled,70,17920,22.662327,24.565,180.7,188.7,25.995,337.9,97.91,78.68
2022061207_FLAIR01,11,full,256,65536,0.000215,125.092,656.4,666.7,26.171,340.2,98.77,98.77
2022061207_FLAIR01,11,zero-filled,70,17920,22.284700,24.800,181.7,190.1,25.852,336.1,98.77,85.25
2022061207_FLAIR01,12,full,256,65536,0.000214,125.185,661.6,674.8,25.968,337.6,99.17,99.17
2022061207_FLAIR01,12,zero-filled,70,17920,22.521052,24.760,181.0,189.4,25.948,337.3,99.17,85.12
2022061207_FLAIR01,13,full,256,65536,0.000213,125.374,662.5,675.6,25.932,337.1,102.23,102.23
2022061207_FLAIR01,13,zero-filled,70,17920,22.298966,24.987,181.5,190.1,25.877,336.4,102.23,90.91
2022061207_FLAIR01,14,full,256,65536,0.000214,125.954,658.4,669.9,26.095,339.2,109.76,109.76
2022061207_FLAIR01,14,zero-filled,70,17920,23.191806,25.271,180.9,188.4,25.961,337.5,109.76,84.35
2022061207_FLAIR01,15,full,256,65536,0.000214,126.111,659.9,679.2,26.033,338.4,111.27,111.27
2022061207_FLAIR01,15,zero-filled,70,17920,22.646252,25.635,181.8,190.3,25.845,336.0,111.27,101.37
2022061207_FLAIR01,16,full,256,65536,0.000216,126.516,662.2,675.7,25.943,337.3,116.47,116.47
2022061207_FLAIR01,16,zero-filled,70,17920,23.490844,25.797,182.4,191.2,25.759,334.9,116.47,105.60
2022061207_FLAIR01,17,full,256,65536,0.000220,126.351,659.2,670.9,26.063,338.8,112.53,112.53
2022061207_FLAIR01,17,zero-filled,70,17920,24.316363,25.499,181.5,189.0,25.885,336.5,112.53,108.03
2022061207_FLAIR02,0,full,256,65536,0.000268,124.052,681.3,1508.4,25.218,327.8,65.83,65.83
2022061207_FLAIR02,0,zero-filled,70,17920,30.639922,22.892,185.3,199.6,25.356,329.6,65.83,56.03
2022061207_FLAIR02,1,full,256,65536,0.000260,123.512,677.2,702.3,25.368,329.8,73.05,73.05
2022061207_FLAIR02,1,zero-filled,70,17920,25.382489,23.716,182.0,193.5,25.812,335.6,73.05,58.90
2022061207_FLAIR02,2,full,256,65536,0.000252,123.680,668.1,686.5,25.716,334.3,77.01,77.01
2022061207_FLAIR02,2,zero-filled,70,17920,24.003735,24.091,182.7,192.8,25.718,334.3,77.01,60.99
2022061207_FLAIR02,3,full,256,65536,0.000240,123.530,655.9,667.8,26.192,340.5,78.80,78.80
2022061207_FLAIR02,3,zero-filled,70,17920,22.246386,24.188,180.7,188.5,26.001,338.0,78.80,60.64
2022061207_FLAIR02,4,full,256,65536,0.000234,123.538,657.3,668.5,26.139,339.8,80.20,80.20
2022061207_FLAIR02,4,zero-filled,70,17920,22.025710,24.057,179.7,187.3,26.146,339.9,80.20,59.16
2022061207_FLAIR02,5,full,256,65536,0.000233,123.649,659.7,671.5,26.041,338.5,86.20,86.19
2022061207_FLAIR02,5,zero-filled,70,17920,21.636589,24.309,181.2,189.7,25.921,337.0,86.20,58.49
2022061207_FLAIR02,6,full,256,65536,0.000233,123.811,661.8,676.7,25.961,337.5,89.51,89.51
2022061207_FLAIR02,6,zero-filled,70,17920,21.959622,24.328,181.6,190.0,25.862,336.2,89.51,65.32
2022061207_FLAIR02,7,full,256,65536,0.000234,124.537,653.4,663.9,26.294,341.8,99.18,99.18
2022061207_FLAIR02,7,zero-filled,70,17920,22.280885,24.944,185.5,192.9,25.330,329.3,99.18,69.63
2022061207_FLAIR02,8,full,256,65536,0.000229,124.361,666.1,681.0,25.790,335.3,95.22,95.22
2022061207_FLAIR02,8,zero-filled,70,17920,22.934926,24.331,181.9,191.0,25.820,335.7,95.22,73.66
2022061207_FLAIR02,9,full,256,65536,0.000222,124.719,655.6,666.6,26.205,340.7,97.31,97.31
2022061207_FLAIR02,9,zero-filled,70,17920,22.922017,24.436,180.0,186.9,26.095,339.2,97.31,77.97
2022061207_FLAIR02,10,full,256,65536,0.000218,124.831,659.2,671.8,26.060,338.8,96.77,96.77
2022061207_FLAIR02,10,zero-filled,70,17920,22.723373,24.467,180.7,188.2,25.992,337.9,96.77,79.78
2022061207_FLAIR02,11,full,256,65536,0.000215,125.082,663.8,677.3,25.880,336.4,98.26,98.26
2022061207_FLAIR02,11,zero-filled,70,17920,22.463343,24.708,182.8,193.1,25.700,334.1,98.26,82.72
2022061207_FLAIR02,12,full,256,65536,0.000216,124.816,669.2,689.0,25.674,333.8,95.94,95.94
2022061207_FLAIR02,12,zero-filled,70,17920,22.449305,24.483,184.3,196.6,25.495,331.4,95.94,83.04
2022061207_FLAIR02,13,full,256,65536,0.000214,125.309,660.5,674.0,26.012,338.2,101.14,101.14
2022061207_FLAIR02,13,zero-filled,70,17920,22.480862,24.887,182.6,191.1,25.726,334.4,101.14,87.14
2022061207_FLAIR02,14,full,256,65536,0.000215,125.678,699.2,718.9,24.572,319.4,105.95,105.95
2022061207_FLAIR02,14,zero-filled,70,17920,23.311553,24.976,251.9,279.1,18.646,242.4,105.95,80.73
2022061207_FLAIR02,15,full,256,65536,0.000215,126.517,680.4,699.1,25.249,328.2,116.52,116.52
2022061207_FLAIR02,15,zero-filled,70,17920,22.855900,25.979,193.6,213.2,24.268,315.5,116.52,103.71
2022061207_FLAIR02,16,full,256,65536,0.000214,126.292,681.0,711.7,25.228,328.0,113.11,113.11
2022061207_FLAIR02,16,zero-filled,70,17920,23.371654,25.542,190.9,206.4,24.607,319.9,113.11,104.05
2022061207_FLAIR02,17,full,256,65536,0.000222,126.213,673.2,691.5,25.518,331.7,111.21,111.21
2022061207_FLAIR02,17,zero-filled,70,17920,24.416905,25.399,182.5,194.4,25.738,334.6,111.21,105.54
2022061207_T101,0,full,256,65536,0.000255,124.947,669.8,1148.2,25.648,333.4,92.50,92.50
2022061207_T101,0,zero-filled,70,17920,25.518278,24.934,184.9,197.5,25.402,330.2,92.50,69.16
2022061207_T101,1,full,256,65536,0.000243,125.485,659.7,671.8,26.040,338.5,97.49,97.49
2022061207_T101,1,zero-filled,70,17920,24.433471,25.438,181.0,190.6,25.953,337.4,97.49,67.27
2022061207_T101,2,full,256,65536,0.000234,124.853,659.1,670.4,26.065,338.8,95.16,95.16
2022061207_T101,2,zero-filled,70,17920,23.096217,24.973,182.5,192.5,25.747,334.7,95.16,69.87
2022061207_T101,3,full,256,65536,0.000228,124.994,661.7,674.5,25.963,337.5,99.47,99.47
2022061207_T101,3,zero-filled,70,17920,22.600661,25.055,181.5,190.3,25.882,336.5,99.47,69.57
2022061207_T101,4,full,256,65536,0.000227,125.493,661.2,672.8,25.984,337.8,112.90,112.90
2022061207_T101,4,zero-filled,70,17920,22.873188,25.434,182.3,191.1,25.775,335.1,112.90,73.41
2022061207_T101,5,full,256,65536,0.000225,125.233,669.7,684.1,25.652,333.5,109.66,109.66
2022061207_T101,5,zero-filled,70,17920,22.806781,25.101,182.8,193.5,25.703,334.1,109.66,75.93
2022061207_T101,6,full,256,65536,0.000225,125.461,662.1,675.1,25.948,337.3,118.81,118.81
2022061207_T101,6,zero-filled,70,17920,22.407807,25.492,181.5,190.0,25.886,336.5,118.81,84.68
2022061207_T101,7,full,256,65536,0.000220,125.764,659.2,670.5,26.060,338.8,118.08,118.08
2022061207_T101,7,zero-filled,70,17920,23.342946,25.236,181.9,190.1,25.831,335.8,118.08,85.23
2022061207_T101,8,full,256,65536,0.000215,125.765,655.8,666.6,26.198,340.6,118.03,118.03
2022061207_T101,8,zero-filled,70,17920,22.973154,25.192,180.4,187.6,26.044,338.6,118.03,90.19
2022061207_T101,9,full,256,65536,0.000209,126.023,657.9,669.5,26.115,339.5,115.39,115.39
2022061207_T101,9,zero-filled,70,17920,23.134831,25.132,183.5,195.4,25.607,332.9,115.39,88.60
2022061207_T101,10,full,256,65536,0.000207,125.874,656.4,667.7,26.172,340.2,113.71,113.71
2022061207_T101,10,zero-filled,70,17920,23.033703,24.958,180.2,188.2,26.066,338.9,113.71,90.59
2022061207_T101,11,full,256,65536,0.000206,126.344,663.2,678.9,25.903,336.7,118.37,118.37
2022061207_T101,11,zero-filled,70,17920,22.732675,25.475,181.2,190.5,25.923,337.0,118.37,89.23
2022061207_T101,12,full,256,65536,0.000206,126.141,664.4,678.0,25.856,336.1,118.45,118.45
2022061207_T101,12,zero-filled,70,17920,22.974163,25.176,188.5,200.5,24.926,324.0,118.45,95.24
2022061207_T101,13,full,256,65536,0.000205,126.459,682.2,707.4,25.185,327.4,122.60,122.60
2022061207_T101,13,zero-filled,70,17920,23.282298,25.374,183.2,195.4,25.638,333.3,122.60,102.00
2022061207_T101,14,full,256,65536,0.000205,127.419,653.5,664.5,26.287,341.7,139.14,139.14
2022061207_T101,14,zero-filled,70,17920,22.806162,26.491,180.0,187.3,26.095,339.2,139.14,121.01
2022061207_T101,15,full,256,65536,0.000209,127.168,666.0,678.2,25.796,335.4,137.26,137.26
2022061207_T101,15,zero-filled,70,17920,23.324806,26.208,180.9,192.2,25.966,337.6,137.26,128.33
2022061207_T101,16,full,256,65536,0.000209,127.043,664.7,679.9,25.847,336.0,135.29,135.29
2022061207_T101,16,zero-filled,70,17920,24.540523,25.666,180.4,189.2,26.043,338.6,135.29,126.75
2022061207_T101,17,full,256,65536,0.000213,127.268,656.7,672.1,26.161,340.1,142.21,142.20
2022061207_T101,17,zero-filled,70,17920,25.923062,25.547,183.5,191.0,25.599,332.8,142.21,124.38
2022061207_T102,0,full,256,65536,0.000254,124.831,682.7,1048.6,25.166,327.2,90.87,90.87
2022061207_T102,0,zero-filled,70,17920,25.637494,24.756,183.8,195.5,25.554,332.2,90.87,67.06
2022061207_T102,1,full,256,65536,0.000242,124.961,686.5,705.2,25.024,325.3,90.60,90.60
2022061207_T102,1,zero-filled,70,17920,24.630321,24.796,183.5,194.1,25.601,332.8,90.60,66.83
2022061207_T102,2,full,256,65536,0.000237,124.950,665.6,679.7,25.811,335.5,97.33,97.33
2022061207_T102,2,zero-filled,70,17920,23.226237,25.136,188.5,200.4,24.923,324.0,97.33,69.72
2022061207_T102,3,full,256,65536,0.000230,125.084,720.7,740.7,23.839,309.9,101.21,101.21
2022061207_T102,3,zero-filled,70,17920,22.681105,25.207,183.7,196.2,25.569,332.4,101.21,68.37
2022061207_T102,4,full,256,65536,0.000226,125.968,669.8,684.1,25.647,333.4,118.54,118.54
2022061207_T102,4,zero-filled,70,17920,22.923274,25.839,181.8,191.5,25.846,336.0,118.54,71.91
2022061207_T102,5,full,256,65536,0.000224,125.310,668.9,681.7,25.683,333.9,110.80,110.80
2022061207_T102,5,zero-filled,70,17920,22.660056,25.221,182.8,192.7,25.700,334.1,110.80,76.85
2022061207_T102,6,full,256,65536,0.000225,125.793,667.6,682.4,25.734,334.5,122.74,122.74
2022061207_T102,6,zero-filled,70,17920,22.655407,25.716,180.6,190.9,26.007,338.1,122.74,86.68
2022061207_T102,7,full,256,65536,0.000223,125.532,661.0,671.8,25.990,337.9,117.17,117.17
2022061207_T102,7,zero-filled,70,17920,23.197582,25.188,180.6,188.9,26.017,338.2,117.17,85.83
2022061207_T102,8,full,256,65536,0.000216,125.428,666.2,682.3,25.790,335.3,114.11,114.11
2022061207_T102,8,zero-filled,70,17920,22.935140,24.901,182.1,191.6,25.802,335.4,114.11,89.38
2022061207_T102,9,full,256,65536,0.000209,125.990,667.8,680.9,25.727,334.4,115.26,115.26
2022061207_T102,9,zero-filled,70,17920,23.246388,25.082,181.8,189.8,25.835,335.9,115.26,88.23
2022061207_T102,10,full,256,65536,0.000204,125.911,662.9,676.3,25.917,336.9,112.67,112.67
2022061207_T102,10,zero-filled,70,17920,22.943984,24.908,181.3,189.6,25.910,336.8,112.67,93.10
2022061207_T102,11,full,256,65536,0.000206,126.230,671.8,686.2,25.573,332.5,117.06,117.06
2022061207_T102,11,zero-filled,70,17920,22.758856,25.363,188.5,201.6,24.926,324.0,117.06,93.11
2022061207_T102,12,full,256,65536,0.000205,126.398,678.9,700.7,25.304,328.9,121.44,121.44
2022061207_T102,12,zero-filled,70,17920,22.919991,25.409,190.3,202.3,24.684,320.9,121.44,95.55
2022061207_T102,13,full,256,65536,0.000206,126.677,670.4,685.9,25.628,333.2,125.84,125.84
2022061207_T102,13,zero-filled,70,17920,23.377528,25.596,187.4,200.1,25.061,325.8,125.84,104.43
2022061207_T102,14,full,256,65536,0.000206,127.189,687.6,718.3,24.986,324.8,136.31,136.31
2022061207_T102,14,zero-filled,70,17920,22.828651,26.294,193.5,212.5,24.272,315.5,136.31,120.18
2022061207_T102,15,full,256,65536,0.000209,127.068,677.2,693.6,25.369,329.8,135.96,135.96
2022061207_T102,15,zero-filled,70,17920,23.328044,26.119,183.2,198.0,25.636,333.3,135.96,126.04
2022061207_T102,16,full,256,65536,0.000210,127.252,668.6,686.4,25.694,334.0,139.24,139.24
2022061207_T102,16,zero-filled,70,17920,24.532545,25.911,186.7,199.3,25.166,327.2,139.24,127.78
2022061207_T102,17,full,256,65536,0.000211,127.006,674.7,696.0,25.462,331.0,137.31,137.31
2022061207_T102,17,zero-filled,70,17920,26.001648,25.209,185.5,197.0,25.330,329.3,137.31,121.03
2022061207_T103,0,full,256,65536,0.000250,124.954,634.2,1243.4,27.090,352.2,90.09,90.09
2022061207_T103,0,zero-filled,70,17920,25.659550,24.711,187.9,204.1,24.998,325.0,90.09,66.54
2022061207_T103,1,full,256,65536,0.000244,125.052,680.8,698.5,25.236,328.1,92.69,92.69
2022061207_T103,1,zero-filled,70,17920,24.571070,24.990,183.7,197.0,25.567,332.4,92.69,67.76
2022061207_T103,2,full,256,65536,0.000236,125.039,673.6,691.5,25.504,331.6,97.74,97.74
2022061207_T103,2,zero-filled,70,17920,23.119083,25.200,191.3,208.7,24.550,319.2,97.74,70.53
2022061207_T103,3,full,256,65536,0.000228,125.136,663.4,676.4,25.896,336.7,101.35,101.35
2022061207_T103,3,zero-filled,70,17920,22.390239,25.307,182.3,191.6,25.769,335.0,101.35,67.72
2022061207_T103,4,full,256,65536,0.000229,125.161,663.8,678.5,25.881,336.5,109.84,109.84
2022061207_T103,4,zero-filled,70,17920,22.778393,25.224,193.5,210.8,24.282,315.7,109.84,71.72
2022061207_T103,5,full,256,65536,0.000226,125.201,677.1,694.5,25.371,329.8,110.04,110.04
2022061207_T103,5,zero-filled,70,17920,22.711388,25.166,185.0,195.8,25.388,330.0,110.04,76.41
2022061207_T103,6,full,256,65536,0.000227,125.298,674.0,689.8,25.491,331.4,117.57,117.57
2022061207_T103,6,zero-filled,70,17920,22.371516,25.406,186.6,198.5,25.176,327.3,117.57,88.57
2022061207_T103,7,full,256,65536,0.000220,125.318,689.6,714.4,24.913,323.9,112.74,112.74
2022061207_T103,7,zero-filled,70,17920,23.110411,24.887,187.0,202.4,25.121,326.6,112.74,88.84
2022061207_T103,8,full,256,65536,0.000216,125.374,672.3,690.0,25.552,332.2,113.59,113.59
2022061207_T103,8,zero-filled,70,17920,22.796819,24.901,187.2,202.2,25.089,326.2,113.59,89.02
2022061207_T103,9,full,256,65536,0.000210,125.728,671.9,691.5,25.570,332.4,112.62,112.62
2022061207_T103,9,zero-filled,70,17920,23.112869,24.900,180.3,190.3,26.048,338.6,112.62,86.27
2022061207_T103,10,full,256,65536,0.000208,125.821,662.5,677.2,25.931,337.1,113.11,113.11
2022061207_T103,10,zero-filled,70,17920,22.962843,24.941,190.4,208.9,24.673,320.8,113.11,90.72
2022061207_T103,11,full,256,65536,0.000206,126.303,676.9,699.4,25.380,329.9,118.17,118.17
2022061207_T103,11,zero-filled,70,17920,22.693820,25.462,187.3,205.6,25.080,326.0,118.17,93.17
2022061207_T103,12,full,256,65536,0.000204,126.293,684.6,707.6,25.093,326.2,119.80,119.80
2022061207_T103,12,zero-filled,70,17920,22.924454,25.294,187.3,202.1,25.074,326.0,119.80,97.95
2022061207_T103,13,full,256,65536,0.000203,126.560,685.2,710.7,25.072,325.9,122.37,122.37
2022061207_T103,13,zero-filled,70,17920,23.250660,25.371,194.1,213.5,24.196,314.5,122.37,99.85
2022061207_T103,14,full,256,65536,0.000205,127.234,699.0,730.2,24.576,319.5,136.64,136.64
2022061207_T103,14,zero-filled,70,17920,22.809696,26.304,187.5,202.2,25.052,325.7,136.64,122.08
2022061207_T103,15,full,256,65536,0.000207,127.439,671.1,689.2,25.599,332.8,140.36,140.36
2022061207_T103,15,zero-filled,70,17920,23.140981,26.475,185.1,199.4,25.382,330.0,140.36,125.53
2022061207_T103,16,full,256,65536,0.000210,127.224,745.7,774.4,23.038,299.5,139.42,139.42
2022061207_T103,16,zero-filled,70,17920,24.290128,25.979,190.4,211.9,24.672,320.7,139.42,126.72
2022061207_T103,17,full,256,65536,0.000213,126.904,701.1,723.8,24.503,318.5,137.27,137.27
2022061207_T103,17,zero-filled,70,17920,25.857359,25.237,222.0,243.6,21.165,275.1,137.27,122.06
2022061207_T201,0,full,256,65536,0.000267,127.588,629.0,1444.8,27.311,355.0,95.61,95.61
2022061207_T201,0,zero-filled,70,17920,32.441951,25.909,184.3,198.8,25.493,331.4,95.61,84.41
2022061207_T201,1,full,256,65536,0.000259,126.888,721.6,760.4,23.808,309.5,91.48,91.48
2022061207_T201,1,zero-filled,70,17920,31.019350,25.319,188.1,204.9,24.978,324.7,91.48,76.21
2022061207_T201,2,full,256,65536,0.000257,127.600,693.3,724.3,24.779,322.1,104.74,104.74
2022061207_T201,2,zero-filled,70,17920,29.910696,26.272,183.6,195.9,25.589,332.7,104.74,89.48
2022061207_T201,3,full,256,65536,0.000247,127.024,668.2,682.9,25.710,334.2,98.28,98.28
2022061207_T201,3,zero-filled,70,17920,29.400562,25.499,183.2,195.0,25.641,333.3,98.28,77.87
2022061207_T201,4,full,256,65536,0.000247,127.166,674.1,691.9,25.486,331.3,104.22,104.22
2022061207_T201,4,zero-filled,70,17920,28.269876,25.986,183.1,193.5,25.657,333.5,104.22,76.35
2022061207_T201,5,full,256,65536,0.000245,126.767,726.6,755.9,23.644,307.4,100.03,100.03
2022061207_T201,5,zero-filled,70,17920,27.729787,25.681,182.9,194.9,25.680,333.8,100.03,77.11
2022061207_T201,6,full,256,65536,0.000246,126.762,692.7,716.0,24.800,322.4,103.18,103.18
2022061207_T201,6,zero-filled,70,17920,27.624313,25.739,199.1,219.5,23.596,306.8,103.18,89.83
2022061207_T201,7,full,256,65536,0.000243,126.879,691.8,714.6,24.834,322.8,106.51,106.51
2022061207_T201,7,zero-filled,70,17920,27.193505,25.917,186.0,197.9,25.259,328.4,106.51,87.41
2022061207_T201,8,full,256,65536,0.000233,126.879,679.1,695.3,25.297,328.9,112.21,112.21
2022061207_T201,8,zero-filled,70,17920,25.258303,26.161,188.5,203.3,24.915,323.9,112.21,101.05
2022061207_T201,9,full,256,65536,0.000231,126.431,668.0,682.8,25.717,334.3,103.65,103.65
2022061207_T201,9,zero-filled,70,17920,26.171024,25.350,186.4,198.4,25.196,327.5,103.65,99.58
2022061207_T201,10,full,256,65536,0.000224,127.463,663.0,677.3,25.912,336.9,111.27,111.27
2022061207_T201,10,zero-filled,70,17920,26.801399,25.919,182.6,191.8,25.727,334.5,111.27,101.48
2022061207_T201,11,full,256,65536,0.000221,126.719,657.8,669.5,26.119,339.5,100.07,100.07
2022061207_T201,11,zero-filled,70,17920,25.786040,25.374,180.3,188.3,26.061,338.8,100.07,96.54
2022061207_T201,12,full,256,65536,0.000218,127.179,655.7,665.6,26.201,340.6,106.05,106.05
2022061207_T201,12,zero-filled,70,17920,25.438832,25.820,180.5,187.5,26.029,338.4,106.05,97.97
2022061207_T201,13,full,256,65536,0.000216,126.277,659.3,671.1,26.059,338.8,96.60,96.60
2022061207_T201,13,zero-filled,70,17920,25.282126,24.919,182.8,192.1,25.703,334.1,96.60,85.80
2022061207_T201,14,full,256,65536,0.000213,126.218,682.1,706.7,25.186,327.4,98.94,98.94
2022061207_T201,14,zero-filled,70,17920,25.176233,24.775,188.7,205.0,24.899,323.7,98.94,87.27
2022061207_T201,15,full,256,65536,0.000218,125.585,669.8,684.6,25.650,333.4,90.48,90.48
2022061207_T201,15,zero-filled,70,17920,25.419325,24.233,190.0,201.8,24.723,321.4,90.48,89.14
2022061207_T201,16,full,256,65536,0.000221,126.697,700.3,720.7,24.531,318.9,102.26,102.26
2022061207_T201,16,zero-filled,70,17920,26.157700,25.216,186.9,201.8,25.132,326.7,102.26,88.34
2022061207_T201,17,full,256,65536,0.000222,127.523,672.8,692.6,25.536,332.0,108.29,108.29
2022061207_T201,17,zero-filled,70,17920,27.877081,25.528,189.0,199.5,24.855,323.1,108.29,94.92
2022061207_T202,0,full,256,65536,0.000268,127.998,619.6,1008.6,27.728,360.5,99.58,99.58
2022061207_T202,0,zero-filled,70,17920,32.669646,26.289,180.5,189.4,26.023,338.3,99.58,83.09
2022061207_T202,1,full,256,65536,0.000259,127.121,653.0,663.1,26.310,342.0,93.62,93.61
2022061207_T202,1,zero-filled,70,17920,30.926884,25.569,178.1,185.2,26.373,342.8,93.62,73.48
2022061207_T202,2,full,256,65536,0.000255,127.676,649.0,658.2,26.473,344.2,104.05,104.05
2022061207_T202,2,zero-filled,70,17920,29.866002,26.298,178.0,184.4,26.390,343.1,104.05,92.76
2022061207_T202,3,full,256,65536,0.000248,126.837,659.7,673.0,26.041,338.5,96.36,96.36
2022061207_T202,3,zero-filled,70,17920,29.417848,25.368,180.3,189.3,26.058,338.8,96.36,75.33
2022061207_T202,4,full,256,65536,0.000246,126.793,648.2,657.4,26.505,344.6,98.90,98.90
2022061207_T202,4,zero-filled,70,17920,28.182240,25.627,178.8,185.1,26.276,341.6,98.90,70.65
2022061207_T202,5,full,256,65536,0.000249,126.606,656.6,666.5,26.163,340.1,99.66,99.66
2022061207_T202,5,zero-filled,70,17920,27.577969,25.715,179.7,186.6,26.144,339.9,99.66,79.97
2022061207_T202,6,full,256,65536,0.000245,127.118,652.4,661.8,26.333,342.3,107.56,107.56
2022061207_T202,6,zero-filled,70,17920,27.593203,26.090,179.3,186.0,26.195,340.5,107.56,89.64
2022061207_T202,7,full,256,65536,0.000242,126.552,651.2,662.3,26.382,343.0,101.82,101.82
2022061207_T202,7,zero-filled,70,17920,27.056242,25.580,181.2,189.2,25.922,337.0,101.82,84.69
2022061207_T202,8,full,256,65536,0.000234,126.970,659.2,672.2,26.060,338.8,113.40,113.40
2022061207_T202,8,zero-filled,70,17920,25.253616,26.319,180.4,188.1,26.045,338.6,113.40,96.89
2022061207_T202,9,full,256,65536,0.000230,126.513,665.2,678.7,25.827,335.8,104.87,104.87
2022061207_T202,9,zero-filled,70,17920,26.014238,25.449,189.5,203.8,24.796,322.3,104.87,96.48
2022061207_T202,10,full,256,65536,0.000226,127.406,672.7,693.4,25.537,332.0,111.37,111.37
2022061207_T202,10,zero-filled,70,17920,26.991647,25.853,183.6,194.4,25.590,332.7,111.37,101.10
2022061207_T202,11,full,256,65536,0.000222,126.526,674.4,693.2,25.473,331.1,97.89,97.89
2022061207_T202,11,zero-filled,70,17920,26.031737,25.135,184.1,196.9,25.517,331.7,97.89,95.42
2022061207_T202,12,full,256,65536,0.000219,127.068,666.9,683.0,25.759,334.9,106.35,106.35
2022061207_T202,12,zero-filled,70,17920,25.383261,25.797,185.7,197.9,25.297,328.9,106.35,98.19
2022061207_T202,13,full,256,65536,0.000215,126.611,685.9,708.4,25.049,325.6,100.18,100.18
2022061207_T202,13,zero-filled,70,17920,25.343923,25.196,186.5,199.5,25.194,327.5,100.18,86.92
2022061207_T202,14,full,256,65536,0.000212,126.558,749.9,781.7,22.910,297.8,101.70,101.70
2022061207_T202,14,zero-filled,70,17920,25.234787,25.037,188.5,207.5,24.916,323.9,101.70,86.87
2022061207_T202,15,full,256,65536,0.000217,125.654,683.6,704.9,25.132,326.7,91.19,91.19
2022061207_T202,15,zero-filled,70,17920,25.374221,24.290,189.0,206.7,24.853,323.1,91.19,91.21
2022061207_T202,16,full,256,65536,0.000221,126.281,693.6,714.5,24.770,322.0,98.55,98.55
2022061207_T202,16,zero-filled,70,17920,25.951409,24.892,186.5,198.2,25.186,327.4,98.55,83.98
2022061207_T202,17,full,256,65536,0.000224,127.114,663.0,677.2,25.912,336.9,103.91,103.91
2022061207_T202,17,zero-filled,70,17920,27.797515,25.233,181.7,190.3,25.856,336.1,103.91,89.32
2022061207_T203,0,full,256,65536,0.000269,127.835,639.0,1594.5,26.886,349.5,97.29,97.29
2022061207_T203,0,zero-filled,70,17920,32.806515,26.123,186.7,203.5,25.164,327.1,97.29,82.13
2022061207_T203,1,full,256,65536,0.000262,127.337,688.7,709.6,24.947,324.3,97.02,97.02
2022061207_T203,1,zero-filled,70,17920,31.171520,25.834,195.0,211.8,24.090,313.2,97.02,75.10
2022061207_T203,2,full,256,65536,0.000254,128.010,675.1,697.3,25.449,330.8,107.66,107.66
2022061207_T203,2,zero-filled,70,17920,29.997954,26.573,182.8,193.2,25.693,334.0,107.66,92.93
2022061207_T203,3,full,256,65536,0.000249,127.305,662.4,674.5,25.935,337.2,102.41,102.41
2022061207_T203,3,zero-filled,70,17920,29.438207,25.852,180.9,188.4,25.970,337.6,102.41,76.72
2022061207_T203,4,full,256,65536,0.000247,126.702,653.4,666.5,26.294,341.8,98.71,98.71
2022061207_T203,4,zero-filled,70,17920,28.084270,25.597,179.8,187.1,26.122,339.6,98.71,73.82
2022061207_T203,5,full,256,65536,0.000246,126.765,653.1,662.3,26.306,342.0,100.51,100.51
2022061207_T203,5,zero-filled,70,17920,27.614694,25.760,178.6,184.7,26.302,341.9,100.51,78.18
2022061207_T203,6,full,256,65536,0.000246,127.085,655.9,665.6,26.191,340.5,107.98,107.98
2022061207_T203,6,zero-filled,70,17920,27.379866,26.141,182.4,191.0,25.755,334.8,107.98,91.85
2022061207_T203,7,full,256,65536,0.000243,126.754,657.4,669.8,26.132,339.7,104.60,104.60
2022061207_T203,7,zero-filled,70,17920,27.093444,25.826,180.1,187.7,26.077,339.0,104.60,83.59
2022061207_T203,8,full,256,65536,0.000234,126.724,652.3,662.3,26.336,342.4,110.26,110.26
2022061207_T203,8,zero-filled,70,17920,25.174471,26.072,181.6,189.1,25.872,336.3,110.26,101.18
2022061207_T203,9,full,256,65536,0.000231,126.924,655.1,665.7,26.224,340.9,110.19,110.19
2022061207_T203,9,zero-filled,70,17920,26.026053,25.889,180.8,189.3,25.985,337.8,110.19,98.87
2022061207_T203,10,full,256,65536,0.000227,127.031,654.5,665.0,26.250,341.2,107.19,107.19
2022061207_T203,10,zero-filled,70,17920,26.907208,25.542,179.5,186.7,26.172,340.2,107.19,99.42
2022061207_T203,11,full,256,65536,0.000223,126.546,657.1,667.0,26.146,339.9,99.06,99.06
2022061207_T203,11,zero-filled,70,17920,25.995249,25.232,179.9,187.9,26.106,339.4,99.06,94.91
2022061207_T203,12,full,256,65536,0.000218,127.241,657.8,670.3,26.115,339.5,108.66,108.66
2022061207_T203,12,zero-filled,70,17920,25.235666,25.989,181.4,190.1,25.895,336.6,108.66,102.50
2022061207_T203,13,full,256,65536,0.000214,126.564,660.5,673.4,26.010,338.1,99.80,99.80
2022061207_T203,13,zero-filled,70,17920,25.181276,25.168,179.4,187.0,26.191,340.5,99.80,89.81
2022061207_T203,14,full,256,65536,0.000214,126.287,670.8,681.9,25.613,333.0,99.92,99.92
2022061207_T203,14,zero-filled,70,17920,25.116277,24.885,198.7,207.7,23.640,307.3,99.92,87.52
2022061207_T203,15,full,256,65536,0.000216,125.878,696.4,712.7,24.668,320.7,93.23,93.23
2022061207_T203,15,zero-filled,70,17920,25.307936,24.494,181.9,192.4,25.819,335.6,93.23,87.80
2022061207_T203,16,full,256,65536,0.000220,126.479,657.2,670.1,26.141,339.8,99.88,99.88
2022061207_T203,16,zero-filled,70,17920,25.948067,25.052,178.0,184.8,26.387,343.0,99.88,84.67
2022061207_T203,17,full,256,65536,0.000225,127.279,649.8,660.3,26.437,343.7,107.20,107.20
2022061207_T203,17,zero-filled,70,17920,27.797879,25.427,179.2,186.0,26.208,340.7,107.20,94.98
2022061213_FLAIR01,0,full,256,65536,0.000241,125.307,651.9,1024.7,26.352,342.6,95.42,95.42
2022061213_FLAIR01,0,zero-filled,70,17920,24.212917,25.284,181.4,190.3,25.894,336.6,95.42,74.96
2022061213_FLAIR01,1,full,256,65536,0.000235,126.072,640.6,651.9,26.820,348.7,113.30,113.30
2022061213_FLAIR01,1,zero-filled,70,17920,22.556944,26.434,175.9,182.3,26.711,347.2,113.30,74.52
2022061213_FLAIR01,2,full,256,65536,0.000227,124.662,637.9,648.5,26.931,350.1,93.77,93.77
2022061213_FLAIR01,2,zero-filled,70,17920,22.873005,24.581,175.8,182.7,26.717,347.3,93.77,76.38
2022061213_FLAIR01,3,full,256,65536,0.000223,124.485,640.0,649.9,26.844,349.0,95.00,95.00
2022061213_FLAIR01,3,zero-filled,70,17920,22.278422,24.480,175.1,182.1,26.831,348.8,95.00,80.31
2022061213_FLAIR01,4,full,256,65536,0.000219,124.786,646.0,659.2,26.592,345.7,98.20,98.20
2022061213_FLAIR01,4,zero-filled,70,17920,22.605494,24.527,178.7,186.3,26.289,341.8,98.20,85.04
2022061213_FLAIR01,5,full,256,65536,0.000215,124.767,649.6,661.2,26.447,343.8,98.15,98.15
2022061213_FLAIR01,5,zero-filled,70,17920,22.350668,24.426,179.2,185.8,26.219,340.8,98.15,85.47
2022061213_FLAIR01,6,full,256,65536,0.000213,124.903,653.8,664.6,26.276,341.6,99.49,99.49
2022061213_FLAIR01,6,zero-filled,70,17920,23.286866,24.135,176.4,183.1,26.625,346.1,99.49,87.47
2022061213_FLAIR01,7,full,256,65536,0.000212,125.019,644.7,655.0,26.649,346.4,102.30,102.30
2022061213_FLAIR01,7,zero-filled,70,17920,23.674911,24.068,177.4,184.2,26.483,344.3,102.30,87.21
2022061213_FLAIR01,8,full,256,65536,0.000211,124.888,643.3,653.1,26.705,347.2,100.95,100.95
2022061213_FLAIR01,8,zero-filled,70,17920,24.426343,23.607,177.1,183.7,26.522,344.8,100.95,91.22
2022061213_FLAIR01,9,full,256,65536,0.000213,125.347,650.3,660.9,26.419,343.5,107.55,107.55
2022061213_FLAIR01,9,zero-filled,70,17920,23.675669,24.412,178.5,185.6,26.319,342.1,107.55,93.82
2022061213_FLAIR01,10,full,256,65536,0.000213,125.024,646.5,656.2,26.574,345.5,105.15,105.15
2022061213_FLAIR01,10,zero-filled,70,17920,22.912708,24.408,178.0,184.5,26.393,343.1,105.15,97.32
2022061213_FLAIR01,11,full,256,65536,0.000213,125.289,646.8,655.5,26.563,345.3,109.35,109.35
2022061213_FLAIR01,11,zero-filled,70,17920,22.337514,24.864,178.6,184.9,26.304,341.9,109.35,99.76
2022061213_FLAIR01,12,full,256,65536,0.000213,125.027,652.8,662.7,26.316,342.1,104.70,104.70
2022061213_FLAIR01,12,zero-filled,70,17920,22.594231,24.529,179.7,187.4,26.140,339.8,104.70,96.63
2022061213_FLAIR01,13,full,256,65536,0.000215,125.526,647.4,656.2,26.535,345.0,109.79,109.79
2022061213_FLAIR01,13,zero-filled,70,17920,22.458575,25.128,178.9,185.5,26.257,341.3,109.79,100.12
2022061213_FLAIR01,14,full,256,65536,0.000217,125.297,651.1,661.2,26.386,343.0,106.77,106.77
2022061213_FLAIR01,14,zero-filled,70,17920,23.699919,24.547,179.6,187.0,26.153,340.0,106.77,101.34
2022061213_FLAIR01,15,full,256,65536,0.000222,125.538,654.2,664.2,26.259,341.4,111.96,111.96
2022061213_FLAIR01,15,zero-filled,70,17920,24.145265,24.825,179.8,188.3,26.124,339.6,111.96,101.21
2022061213_FLAIR01,16,full,256,65536,0.000228,124.997,650.9,660.9,26.393,343.1,107.07,107.07
2022061213_FLAIR01,16,zero-filled,70,17920,24.105206,24.531,179.3,186.0,26.202,340.6,107.07,101.82
2022061213_FLAIR01,17,full,256,65536,0.000229,125.371,650.3,661.5,26.420,343.5,111.39,111.39
2022061213_FLAIR01,17,zero-filled,70,17920,25.000696,24.608,178.2,185.1,26.367,342.8,111.39,102.97
2022061213_FLAIR02,0,full,256,65536,0.000244,124.891,659.2,901.4,26.064,338.8,92.50,92.50
2022061213_FLAIR02,0,zero-filled,70,17920,24.124091,24.999,181.1,188.7,25.946,337.3,92.50,73.88
2022061213_FLAIR02,1,full,256,65536,0.000237,125.014,652.6,663.9,26.325,342.2,100.85,100.85
2022061213_FLAIR02,1,zero-filled,70,17920,22.620241,25.436,179.8,187.1,26.134,339.7,100.85,72.91
2022061213_FLAIR02,2,full,256,65536,0.000226,124.434,652.0,662.1,26.350,342.5,91.70,91.70
2022061213_FLAIR02,2,zero-filled,70,17920,22.575946,24.453,179.1,185.8,26.235,341.1,91.70,76.30
2022061213_FLAIR02,3,full,256,65536,0.000223,124.660,650.4,664.3,26.415,343.4,97.55,97.55
2022061213_FLAIR02,3,zero-filled,70,17920,22.175318,24.716,179.0,186.0,26.240,341.1,97.55,81.60
2022061213_FLAIR02,4,full,256,65536,0.000218,124.840,658.0,669.1,26.107,339.4,97.87,97.87
2022061213_FLAIR02,4,zero-filled,70,17920,22.577072,24.535,180.6,188.0,26.008,338.1,97.87,85.43
2022061213_FLAIR02,5,full,256,65536,0.000214,124.837,651.8,662.5,26.357,342.6,98.10,98.10
2022061213_FLAIR02,5,zero-filled,70,17920,22.285715,24.482,179.4,186.5,26.191,340.5,98.10,85.07
2022061213_FLAIR02,6,full,256,65536,0.000213,124.807,651.5,660.4,26.370,342.8,98.47,98.47
2022061213_FLAIR02,6,zero-filled,70,17920,23.036217,24.118,178.7,186.0,26.284,341.7,98.47,86.10
2022061213_FLAIR02,7,full,256,65536,0.000212,124.651,653.9,664.1,26.272,341.5,98.33,98.33
2022061213_FLAIR02,7,zero-filled,70,17920,23.594963,23.701,178.5,185.2,26.316,342.1,98.33,90.30
2022061213_FLAIR02,8,full,256,65536,0.000213,125.014,648.4,657.3,26.495,344.4,103.54,103.54
2022061213_FLAIR02,8,zero-filled,70,17920,24.473946,23.798,178.4,184.7,26.339,342.4,103.54,93.48
2022061213_FLAIR02,9,full,256,65536,0.000211,125.400,657.4,667.3,26.131,339.7,107.44,107.44
2022061213_FLAIR02,9,zero-filled,70,17920,23.631117,24.423,182.5,188.9,25.744,334.7,107.44,94.49
2022061213_FLAIR02,10,full,256,65536,0.000212,125.436,657.2,667.6,26.139,339.8,108.84,108.84
2022061213_FLAIR02,10,zero-filled,70,17920,22.910365,24.758,179.1,186.6,26.234,341.0,108.84,98.96
2022061213_FLAIR02,11,full,256,65536,0.000212,125.188,650.8,660.4,26.398,343.2,108.16,108.16
2022061213_FLAIR02,11,zero-filled,70,17920,22.175117,24.803,180.3,186.9,26.055,338.7,108.16,99.38
2022061213_FLAIR02,12,full,256,65536,0.000212,125.475,651.9,661.6,26.353,342.6,108.97,108.97
2022061213_FLAIR02,12,zero-filled,70,17920,22.690618,24.872,179.3,186.2,26.195,340.5,108.97,101.39
2022061213_FLAIR02,13,full,256,65536,0.000216,125.653,655.3,665.6,26.218,340.8,112.26,112.26
2022061213_FLAIR02,13,zero-filled,70,17920,22.387904,25.336,180.6,187.9,26.012,338.2,112.26,100.03
2022061213_FLAIR02,14,full,256,65536,0.000218,125.640,652.0,661.7,26.349,342.5,110.40,110.41
2022061213_FLAIR02,14,zero-filled,70,17920,23.960628,24.814,178.7,185.1,26.285,341.7,110.40,101.13
2022061213_FLAIR02,15,full,256,65536,0.000221,125.299,646.9,655.3,26.555,345.2,108.23,108.23
2022061213_FLAIR02,15,zero-filled,70,17920,24.190694,24.523,178.1,185.6,26.381,342.9,108.23,101.55
2022061213_FLAIR02,16,full,256,65536,0.000229,125.144,650.3,660.1,26.418,343.4,109.06,109.06
2022061213_FLAIR02,16,zero-filled,70,17920,23.947064,24.739,180.3,188.6,26.050,338.6,109.06,101.59
2022061213_FLAIR02,17,full,256,65536,0.000229,125.258,651.3,661.0,26.376,342.9,109.90,109.90
2022061213_FLAIR02,17,zero-filled,70,17920,24.812554,24.579,178.2,184.6,26.360,342.7,109.90,102.92
2022061213_T101,0,full,256,65536,0.000235,126.266,661.9,916.2,25.954,337.4,122.47,122.47
2022061213_T101,0,zero-filled,70,17920,24.459753,25.911,181.2,189.7,25.931,337.1,122.47,89.52
2022061213_T101,1,full,256,65536,0.000228,126.285,654.9,665.9,26.234,341.0,119.54,119.54
2022061213_T101,1,zero-filled,70,17920,25.337197,25.351,179.7,186.6,26.136,339.8,119.54,88.61
2022061213_T101,2,full,256,65536,0.000222,126.646,649.2,658.2,26.462,344.0,127.39,127.39
2022061213_T101,2,zero-filled,70,17920,26.023009,25.268,178.1,184.1,26.376,342.9,127.39,97.37
2022061213_T101,3,full,256,65536,0.000217,126.553,647.6,659.8,26.527,344.8,125.40,125.40
2022061213_T101,3,zero-filled,70,17920,26.129200,24.940,178.5,185.4,26.317,342.1,125.40,98.30
2022061213_T101,4,full,256,65536,0.000209,126.542,649.3,659.5,26.460,344.0,125.90,125.90
2022061213_T101,4,zero-filled,70,17920,25.786972,24.718,178.6,185.1,26.308,342.0,125.90,108.32
2022061213_T101,5,full,256,65536,0.000204,126.768,651.3,660.0,26.376,342.9,128.04,128.04
2022061213_T101,5,zero-filled,70,17920,25.660564,24.765,178.7,185.6,26.286,341.7,128.04,99.71
2022061213_T101,6,full,256,65536,0.000203,126.917,649.7,664.2,26.442,343.8,132.82,132.82
2022061213_T101,6,zero-filled,70,17920,25.875152,24.818,181.1,188.6,25.935,337.2,132.82,104.26
2022061213_T101,7,full,256,65536,0.000203,127.047,655.0,665.8,26.228,341.0,135.04,135.04
2022061213_T101,7,zero-filled,70,17920,26.006029,24.879,178.0,184.5,26.394,343.1,135.04,100.12
2022061213_T101,8,full,256,65536,0.000204,126.731,649.1,659.7,26.466,344.1,133.38,133.38
2022061213_T101,8,zero-filled,70,17920,26.043701,24.607,178.7,185.2,26.285,341.7,133.38,109.15
2022061213_T101,9,full,256,65536,0.000204,127.030,648.0,657.0,26.511,344.6,136.73,136.73
2022061213_T101,9,zero-filled,70,17920,25.823447,24.987,178.8,185.0,26.272,341.5,136.73,110.15
2022061213_T101,10,full,256,65536,0.000206,126.744,647.2,656.7,26.544,345.1,136.63,136.63
2022061213_T101,10,zero-filled,70,17920,25.156633,25.021,177.8,184.0,26.418,343.4,136.63,119.15
2022061213_T101,11,full,256,65536,0.000208,127.005,646.9,657.3,26.556,345.2,140.66,140.66
2022061213_T101,11,zero-filled,70,17920,24.912297,25.427,180.1,187.1,26.086,339.1,140.66,114.98
2022061213_T101,12,full,256,65536,0.000210,126.775,651.4,661.4,26.374,342.9,139.23,139.23
2022061213_T101,12,zero-filled,70,17920,25.035204,25.247,177.8,184.0,26.421,343.5,139.23,115.21
2022061213_T101,13,full,256,65536,0.000209,127.015,647.4,659.7,26.535,345.0,141.56,141.56
2022061213_T101,13,zero-filled,70,17920,25.811460,25.198,177.9,184.2,26.399,343.2,141.56,120.57
2022061213_T101,14,full,256,65536,0.000213,126.997,647.1,655.5,26.549,345.1,147.89,147.89
2022061213_T101,14,zero-filled,70,17920,26.204386,25.195,179.3,185.7,26.196,340.6,147.89,126.91
2022061213_T101,15,full,256,65536,0.000218,126.448,650.9,662.2,26.396,343.1,145.46,145.46
2022061213_T101,15,zero-filled,70,17920,26.008402,24.903,179.3,186.1,26.195,340.5,145.46,132.43
2022061213_T101,16,full,256,65536,0.000223,125.789,649.0,657.9,26.470,344.1,142.67,142.67
2022061213_T101,16,zero-filled,70,17920,26.639554,24.226,178.7,185.0,26.288,341.7,142.67,131.66
2022061213_T101,17,full,256,65536,0.000227,125.634,648.0,656.6,26.513,344.7,148.62,148.62
2022061213_T101,17,zero-filled,70,17920,27.038089,24.104,177.7,183.7,26.435,343.7,148.62,136.49
2022061213_T102,0,full,256,65536,0.000232,126.251,656.5,899.0,26.168,340.2,120.37,120.37
2022061213_T102,0,zero-filled,70,17920,24.525169,25.754,180.9,189.0,25.972,337.6,120.37,90.60
2022061213_T102,1,full,256,65536,0.000227,126.519,649.9,659.7,26.435,343.7,122.91,122.91
2022061213_T102,1,zero-filled,70,17920,25.237427,25.605,178.6,185.0,26.298,341.9,122.91,89.86
2022061213_T102,2,full,256,65536,0.000223,126.593,652.0,661.4,26.348,342.5,126.75,126.75
2022061213_T102,2,zero-filled,70,17920,25.935914,25.277,178.7,186.0,26.293,341.8,126.75,96.84
2022061213_T102,3,full,256,65536,0.000215,126.580,647.4,656.1,26.538,345.0,125.63,125.63
2022061213_T102,3,zero-filled,70,17920,25.879285,24.986,178.5,184.5,26.317,342.1,125.63,101.26
2022061213_T102,4,full,256,65536,0.000210,126.599,647.2,658.1,26.546,345.1,128.12,128.12
2022061213_T102,4,zero-filled,70,17920,25.537783,24.905,177.7,183.7,26.443,343.8,128.12,104.50
2022061213_T102,5,full,256,65536,0.000203,126.714,646.2,657.8,26.587,345.6,127.11,127.11
2022061213_T102,5,zero-filled,70,17920,25.498573,24.734,179.9,186.8,26.106,339.4,127.11,101.17
2022061213_T102,6,full,256,65536,0.000201,126.668,649.4,659.6,26.454,343.9,128.76,128.76
2022061213_T102,6,zero-filled,70,17920,25.653048,24.568,179.1,186.3,26.226,340.9,128.76,101.81
2022061213_T102,7,full,256,65536,0.000202,127.020,649.3,659.6,26.459,344.0,133.84,133.84
2022061213_T102,7,zero-filled,70,17920,26.007203,24.820,178.9,185.4,26.256,341.3,133.84,102.64
2022061213_T102,8,full,256,65536,0.000202,126.684,647.0,656.5,26.555,345.2,131.95,131.95
2022061213_T102,8,zero-filled,70,17920,25.897960,24.539,178.8,187.1,26.280,341.6,131.95,108.34
2022061213_T102,9,full,256,65536,0.000206,126.842,647.4,656.6,26.536,345.0,134.77,134.77
2022061213_T102,9,zero-filled,70,17920,25.798702,24.906,177.5,183.7,26.471,344.1,134.77,114.29
2022061213_T102,10,full,256,65536,0.000208,127.034,652.5,662.3,26.327,342.3,142.93,142.93
2022061213_T102,10,zero-filled,70,17920,24.979603,25.446,179.1,186.0,26.233,341.0,142.93,117.36
2022061213_T102,11,full,256,65536,0.000207,126.698,647.0,657.7,26.553,345.2,134.02,134.02
2022061213_T102,11,zero-filled,70,17920,24.952404,25.064,178.0,183.7,26.388,343.0,134.02,115.43
2022061213_T102,12,full,256,65536,0.000209,126.637,645.3,656.7,26.623,346.1,136.49,136.49
2022061213_T102,12,zero-filled,70,17920,25.033493,25.075,178.5,184.1,26.319,342.1,136.49,118.07
2022061213_T102,13,full,256,65536,0.000208,127.087,653.6,663.4,26.284,341.7,142.29,142.29
2022061213_T102,13,zero-filled,70,17920,25.726824,25.245,179.4,186.5,26.184,340.4,142.29,116.18
2022061213_T102,14,full,256,65536,0.000212,126.951,646.2,655.7,26.588,345.6,145.64,145.64
2022061213_T102,14,zero-filled,70,17920,26.244408,25.092,177.9,184.7,26.404,343.2,145.64,128.69
2022061213_T102,15,full,256,65536,0.000215,126.357,646.6,656.0,26.569,345.4,142.38,142.38
2022061213_T102,15,zero-filled,70,17920,25.905131,24.720,177.7,183.7,26.437,343.7,142.38,134.27
2022061213_T102,16,full,256,65536,0.000225,125.836,652.6,662.1,26.323,342.2,144.36,144.36
2022061213_T102,16,zero-filled,70,17920,26.621805,24.374,180.0,186.7,26.091,339.2,144.36,133.21
2022061213_T102,17,full,256,65536,0.000227,125.726,647.8,656.9,26.522,344.8,150.27,150.27
2022061213_T102,17,zero-filled,70,17920,27.013025,24.199,178.6,185.1,26.308,342.0,150.27,136.30
2022061213_T103,0,full,256,65536,0.000233,126.580,655.4,889.7,26.212,340.8,124.93,124.93
2022061213_T103,0,zero-filled,70,17920,24.593114,26.103,180.8,189.9,25.977,337.7,124.93,88.91
2022061213_T103,1,full,256,65536,0.000227,126.417,652.0,662.7,26.351,342.6,120.09,120.09
2022061213_T103,1,zero-filled,70,17920,25.505046,25.421,179.2,185.7,26.219,340.9,120.09,86.68
2022061213_T103,2,full,256,65536,0.000222,126.271,649.7,659.1,26.444,343.8,121.32,121.32
2022061213_T103,2,zero-filled,70,17920,26.147800,24.860,178.3,185.2,26.346,342.5,121.32,95.74
2022061213_T103,3,full,256,65536,0.000213,126.940,647.0,656.3,26.553,345.2,127.69,127.69
2022061213_T103,3,zero-filled,70,17920,26.223411,25.141,178.6,184.6,26.307,342.0,127.69,97.32
2022061213_T103,4,full,256,65536,0.000212,126.533,651.7,661.0,26.360,342.7,127.51,127.51
2022061213_T103,4,zero-filled,70,17920,25.765644,24.852,179.0,185.8,26.244,341.2,127.51,102.74
2022061213_T103,5,full,256,65536,0.000204,126.670,648.6,657.4,26.487,344.3,125.96,125.96
2022061213_T103,5,zero-filled,70,17920,25.786375,24.647,178.6,185.5,26.306,342.0,125.96,98.90
2022061213_T103,6,full,256,65536,0.000204,126.724,645.7,654.2,26.605,345.9,129.96,129.96
2022061213_T103,6,zero-filled,70,17920,25.946170,24.617,178.5,185.0,26.318,342.1,129.96,104.28
2022061213_T103,7,full,256,65536,0.000204,126.742,649.1,660.7,26.465,344.1,129.84,129.84
2022061213_T103,7,zero-filled,70,17920,26.201604,24.549,178.4,184.7,26.333,342.3,129.84,100.54
2022061213_T103,8,full,256,65536,0.000204,126.623,651.8,660.9,26.358,342.6,130.65,130.65
2022061213_T103,8,zero-filled,70,17920,26.280384,24.408,179.4,186.1,26.184,340.4,130.65,108.66
2022061213_T103,9,full,256,65536,0.000206,126.661,648.2,657.0,26.504,344.6,131.59,131.59
2022061213_T103,9,zero-filled,70,17920,25.874292,24.683,178.5,184.5,26.313,342.1,131.59,111.67
2022061213_T103,10,full,256,65536,0.000208,126.987,649.1,659.8,26.466,344.1,140.47,140.47
2022061213_T103,10,zero-filled,70,17920,25.289110,25.270,178.8,185.0,26.276,341.6,140.47,117.82
2022061213_T103,11,full,256,65536,0.000209,126.667,649.8,658.6,26.440,343.7,134.60,134.60
2022061213_T103,11,zero-filled,70,17920,25.178951,25.032,179.7,187.3,26.148,339.9,134.60,111.84
2022061213_T103,12,full,256,65536,0.000211,127.055,649.4,659.1,26.455,343.9,143.84,143.84
2022061213_T103,12,zero-filled,70,17920,25.220044,25.493,178.6,184.9,26.306,342.0,143.84,117.20
2022061213_T103,13,full,256,65536,0.000210,126.796,647.5,656.3,26.531,344.9,138.12,138.12
2022061213_T103,13,zero-filled,70,17920,25.842231,25.003,178.2,198.7,26.354,342.6,138.12,115.01
2022061213_T103,14,full,256,65536,0.000212,126.702,647.5,656.3,26.532,344.9,141.43,141.43
2022061213_T103,14,zero-filled,70,17920,26.370114,24.795,179.3,187.0,26.197,340.6,141.43,126.09
2022061213_T103,15,full,256,65536,0.000214,126.379,648.9,657.6,26.475,344.2,140.60,140.60
2022061213_T103,15,zero-filled,70,17920,26.165678,24.628,179.1,185.7,26.223,340.9,140.60,131.16
2022061213_T103,16,full,256,65536,0.000225,125.725,646.6,659.7,26.570,345.4,142.00,142.00
2022061213_T103,16,zero-filled,70,17920,26.558958,24.279,178.1,184.4,26.378,342.9,142.00,131.45
2022061213_T103,17,full,256,65536,0.000227,125.736,646.6,655.9,26.568,345.4,149.66,149.66
2022061213_T103,17,zero-filled,70,17920,27.174095,24.188,178.3,184.5,26.341,342.4,149.66,135.20
2022061213_T201,0,full,256,65536,0.000245,128.308,656.3,876.1,26.175,340.3,120.07,120.07
2022061213_T201,0,zero-filled,70,17920,29.266978,26.773,180.3,187.8,26.057,338.7,120.07,102.37
2022061213_T201,1,full,256,65536,0.000241,127.424,651.8,662.0,26.356,342.6,108.60,108.60
2022061213_T201,1,zero-filled,70,17920,28.040160,26.120,178.6,185.6,26.302,341.9,108.60,92.50
2022061213_T201,2,full,256,65536,0.000236,127.717,654.3,668.3,26.257,341.3,112.32,112.32
2022061213_T201,2,zero-filled,70,17920,27.877462,26.281,178.2,184.8,26.362,342.7,112.32,96.13
2022061213_T201,3,full,256,65536,0.000236,127.326,648.7,657.2,26.482,344.3,109.01,109.01
2022061213_T201,3,zero-filled,70,17920,26.765737,26.227,178.7,184.9,26.287,341.7,109.01,97.12
2022061213_T201,4,full,256,65536,0.000233,127.649,648.2,658.0,26.505,344.6,110.40,110.40
2022061213_T201,4,zero-filled,70,17920,27.810566,26.107,179.1,185.4,26.234,341.0,110.40,82.73
2022061213_T201,5,full,256,65536,0.000232,127.928,655.6,665.2,26.204,340.6,112.71,112.71
2022061213_T201,5,zero-filled,70,17920,27.726183,26.368,179.9,187.1,26.117,339.5,112.71,85.60
2022061213_T201,6,full,256,65536,0.000226,128.011,647.7,658.6,26.524,344.8,116.50,116.50
2022061213_T201,6,zero-filled,70,17920,27.133502,26.429,178.8,185.2,26.275,341.6,116.50,95.16
2022061213_T201,7,full,256,65536,0.000224,127.639,648.7,659.8,26.482,344.3,111.35,111.35
2022061213_T201,7,zero-filled,70,17920,26.948273,26.035,177.9,184.4,26.406,343.3,111.35,94.79
2022061213_T201,8,full,256,65536,0.000218,128.159,648.0,656.3,26.512,344.7,120.40,120.40
2022061213_T201,8,zero-filled,70,17920,26.815884,26.354,178.1,185.0,26.378,342.9,120.40,99.31
2022061213_T201,9,full,256,65536,0.000219,126.914,646.8,656.1,26.562,345.3,102.70,102.70
2022061213_T201,9,zero-filled,70,17920,26.012386,25.413,178.4,184.7,26.329,342.3,102.70,95.05
2022061213_T201,10,full,256,65536,0.000217,127.304,656.8,667.6,26.155,340.0,109.86,109.86
2022061213_T201,10,zero-filled,70,17920,25.309576,25.982,180.2,187.6,26.065,338.8,109.86,97.80
2022061213_T201,11,full,256,65536,0.000219,126.357,650.2,659.2,26.422,343.5,98.36,98.36
2022061213_T201,11,zero-filled,70,17920,25.931224,24.876,178.6,185.0,26.304,342.0,98.36,79.75
2022061213_T201,12,full,256,65536,0.000218,126.660,646.6,655.2,26.568,345.4,106.30,106.30
2022061213_T201,12,zero-filled,70,17920,25.125212,25.432,178.1,184.1,26.377,342.9,106.30,88.44
2022061213_T201,13,full,256,65536,0.000220,125.490,649.1,659.1,26.468,344.1,95.28,95.28
2022061213_T201,13,zero-filled,70,17920,24.086986,24.708,177.8,183.9,26.418,343.4,95.28,87.56
2022061213_T201,14,full,256,65536,0.000221,126.265,646.1,656.3,26.591,345.7,104.82,104.82
2022061213_T201,14,zero-filled,70,17920,25.446060,25.024,177.7,183.7,26.442,343.7,104.82,96.53
2022061213_T201,15,full,256,65536,0.000230,127.645,644.3,651.9,26.664,346.6,121.83,121.83
2022061213_T201,15,zero-filled,70,17920,26.177394,26.518,177.6,183.5,26.443,343.8,121.83,83.98
2022061213_T201,16,full,256,65536,0.000238,127.462,649.9,658.8,26.433,343.6,114.65,114.65
2022061213_T201,16,zero-filled,70,17920,27.567264,26.195,178.6,184.9,26.307,342.0,114.65,81.89
2022061213_T201,17,full,256,65536,0.000241,128.633,646.0,655.2,26.593,345.7,133.43,133.43
2022061213_T201,17,zero-filled,70,17920,27.816946,27.389,179.1,185.8,26.224,340.9,133.43,110.85
2022061213_T202,0,full,256,65536,0.000247,128.263,654.1,865.6,26.266,341.5,120.85,120.85
2022061213_T202,0,zero-filled,70,17920,29.480622,26.743,179.6,187.4,26.151,340.0,120.85,105.08
2022061213_T202,1,full,256,65536,0.000241,127.391,652.6,662.6,26.324,342.2,108.21,108.21
2022061213_T202,1,zero-filled,70,17920,28.011968,26.101,179.3,186.4,26.206,340.7,108.21,95.63
2022061213_T202,2,full,256,65536,0.000239,127.137,645.9,654.7,26.598,345.8,105.72,105.72
2022061213_T202,2,zero-filled,70,17920,27.835224,25.797,177.7,183.6,26.442,343.7,105.72,96.46
2022061213_T202,3,full,256,65536,0.000239,127.295,645.4,654.5,26.621,346.1,109.77,109.77
2022061213_T202,3,zero-filled,70,17920,26.813734,26.280,178.3,184.5,26.352,342.6,109.77,95.71
2022061213_T202,4,full,256,65536,0.000236,127.342,647.5,656.6,26.531,344.9,107.82,107.82
2022061213_T202,4,zero-filled,70,17920,27.764976,25.921,178.2,184.9,26.362,342.7,107.82,82.18
2022061213_T202,5,full,256,65536,0.000231,128.064,669.0,692.0,25.678,333.8,113.96,113.96
2022061213_T202,5,zero-filled,70,17920,27.804693,26.444,178.7,186.5,26.292,341.8,113.96,85.57
2022061213_T202,6,full,256,65536,0.000226,127.484,649.5,658.8,26.449,343.8,110.13,110.13
2022061213_T202,6,zero-filled,70,17920,27.032800,25.942,179.0,185.5,26.245,341.2,110.13,94.15
2022061213_T202,7,full,256,65536,0.000224,127.648,649.4,659.0,26.454,343.9,111.45,111.45
2022061213_T202,7,zero-filled,70,17920,26.979966,26.016,178.3,184.8,26.340,342.4,111.45,95.46
2022061213_T202,8,full,256,65536,0.000218,127.460,646.0,653.9,26.595,345.7,111.90,111.90
2022061213_T202,8,zero-filled,70,17920,26.757733,25.692,177.7,183.9,26.434,343.6,111.90,96.50
2022061213_T202,9,full,256,65536,0.000219,127.420,645.9,654.3,26.598,345.8,109.52,109.52
2022061213_T202,9,zero-filled,70,17920,26.095408,25.896,179.4,186.7,26.182,340.4,109.52,96.23
2022061213_T202,10,full,256,65536,0.000218,127.108,646.8,660.7,26.561,345.3,107.38,107.38
2022061213_T202,10,zero-filled,70,17920,25.416648,25.758,177.8,192.6,26.428,343.6,107.38,98.26
2022061213_T202,11,full,256,65536,0.000219,126.285,645.8,654.3,26.601,345.8,97.90,97.90
2022061213_T202,11,zero-filled,70,17920,25.885907,24.818,178.2,184.8,26.366,342.8,97.90,82.87
2022061213_T202,12,full,256,65536,0.000219,126.502,646.9,656.1,26.557,345.2,105.22,105.22
2022061213_T202,12,zero-filled,70,17920,25.086095,25.328,178.3,184.4,26.350,342.5,105.22,85.60
2022061213_T202,13,full,256,65536,0.000217,125.334,645.9,656.2,26.600,345.8,92.85,92.85
2022061213_T202,13,zero-filled,70,17920,24.105436,24.433,177.9,184.2,26.405,343.3,92.85,87.75
2022061213_T202,14,full,256,65536,0.000222,126.220,645.2,681.1,26.627,346.1,104.87,104.87
2022061213_T202,14,zero-filled,70,17920,25.357909,25.057,178.0,184.5,26.395,343.1,104.87,98.34
2022061213_T202,15,full,256,65536,0.000230,127.046,647.4,656.6,26.536,345.0,113.61,113.61
2022061213_T202,15,zero-filled,70,17920,26.276362,25.899,177.9,184.1,26.405,343.3,113.61,85.14
2022061213_T202,16,full,256,65536,0.000240,128.090,643.7,652.2,26.688,346.9,124.59,124.59
2022061213_T202,16,zero-filled,70,17920,27.850760,26.801,177.3,183.8,26.496,344.4,124.59,85.41
2022061213_T202,17,full,256,65536,0.000240,128.603,645.5,653.9,26.616,346.0,132.90,132.90
2022061213_T202,17,zero-filled,70,17920,27.583049,27.388,178.0,184.7,26.394,343.1,132.90,110.68
2022061213_T203,0,full,256,65536,0.000245,128.296,655.6,878.1,26.207,340.7,120.23,120.23
2022061213_T203,0,zero-filled,70,17920,29.254823,26.741,179.0,186.3,26.244,341.2,120.23,103.24
2022061213_T203,1,full,256,65536,0.000242,127.573,651.8,666.4,26.356,342.6,111.11,111.11
2022061213_T203,1,zero-filled,70,17920,27.982714,26.328,178.2,184.2,26.356,342.6,111.11,93.32
2022061213_T203,2,full,256,65536,0.000239,127.116,651.0,660.5,26.389,343.1,105.64,105.64
2022061213_T203,2,zero-filled,70,17920,27.934314,25.770,180.0,186.2,26.099,339.3,105.64,94.67
2022061213_T203,3,full,256,65536,0.000235,127.616,646.6,654.5,26.568,345.4,112.47,112.47
2022061213_T203,3,zero-filled,70,17920,26.825640,26.475,177.9,184.0,26.399,343.2,112.47,96.76
2022061213_T203,4,full,256,65536,0.000236,127.549,645.5,655.0,26.616,346.0,110.55,110.55
2022061213_T203,4,zero-filled,70,17920,27.775008,26.118,177.3,183.0,26.492,344.4,110.55,84.12
2022061213_T203,5,full,256,65536,0.000231,128.170,649.1,657.3,26.466,344.1,116.10,116.10
2022061213_T203,5,zero-filled,70,17920,27.788458,26.566,178.6,184.9,26.309,342.0,116.10,88.00
2022061213_T203,6,full,256,65536,0.000226,127.613,645.8,653.9,26.604,345.9,112.01,112.01
2022061213_T203,6,zero-filled,70,17920,27.077430,26.058,177.7,183.3,26.441,343.7,112.01,94.13
2022061213_T203,7,full,256,65536,0.000221,127.700,645.3,654.9,26.624,346.1,111.15,111.15
2022061213_T203,7,zero-filled,70,17920,26.933158,25.968,178.0,184.1,26.394,343.1,111.15,96.26
2022061213_T203,8,full,256,65536,0.000218,127.755,648.5,657.3,26.492,344.4,115.65,115.65
2022061213_T203,8,zero-filled,70,17920,26.848929,25.957,178.8,185.8,26.271,341.5,115.65,100.63
2022061213_T203,9,full,256,65536,0.000218,126.973,645.0,653.8,26.637,346.3,104.13,104.13
2022061213_T203,9,zero-filled,70,17920,26.022460,25.445,177.8,183.6,26.423,343.5,104.13,94.32
2022061213_T203,10,full,256,65536,0.000217,126.884,645.2,654.1,26.627,346.2,105.10,105.10
2022061213_T203,10,zero-filled,70,17920,25.290677,25.563,177.8,183.9,26.417,343.4,105.10,98.95
2022061213_T203,11,full,256,65536,0.000220,126.684,644.8,653.9,26.642,346.3,103.60,103.60
2022061213_T203,11,zero-filled,70,17920,25.874830,25.269,177.7,183.6,26.437,343.7,103.60,84.93
2022061213_T203,12,full,256,65536,0.000217,126.553,646.2,655.3,26.585,345.6,104.99,104.99
2022061213_T203,12,zero-filled,70,17920,25.147389,25.282,177.5,183.9,26.471,344.1,104.99,87.29
2022061213_T203,13,full,256,65536,0.000220,125.126,649.0,657.6,26.471,344.1,91.61,91.61
2022061213_T203,13,zero-filled,70,17920,24.110087,24.338,177.6,183.6,26.454,343.9,91.61,85.50
2022061213_T203,14,full,256,65536,0.000223,126.355,646.8,656.7,26.563,345.3,107.62,107.62
2022061213_T203,14,zero-filled,70,17920,25.412334,25.228,176.6,182.2,26.603,345.8,107.62,99.79
2022061213_T203,15,full,256,65536,0.000228,127.138,647.1,655.6,26.550,345.2,113.66,113.66
2022061213_T203,15,zero-filled,70,17920,26.193444,25.923,177.8,183.9,26.418,343.4,113.66,85.41
2022061213_T203,16,full,256,65536,0.000241,128.027,649.3,658.4,26.459,344.0,124.24,124.24
2022061213_T203,16,zero-filled,70,17920,27.756734,26.805,178.4,184.8,26.339,342.4,124.24,83.52
2022061213_T203,17,full,256,65536,0.000240,128.320,646.2,656.4,26.585,345.6,128.68,128.68
2022061213_T203,17,zero-filled,70,17920,27.760176,27.057,177.7,183.9,26.429,343.6,128.68,109.74
2022061301_FLAIR01,0,full,256,65536,0.000229,123.632,652.5,865.1,26.328,342.3,76.20,76.20
2022061301_FLAIR01,0,zero-filled,70,17920,22.937270,23.607,179.0,186.3,26.244,341.2,76.20,58.77
2022061301_FLAIR01,1,full,256,65536,0.000221,123.058,653.5,663.4,26.288,341.7,75.36,75.36
2022061301_FLAIR01,1,zero-filled,70,17920,20.740756,23.628,178.8,185.3,26.273,341.5,75.36,61.04
2022061301_FLAIR01,2,full,256,65536,0.000215,123.770,646.5,655.7,26.574,345.5,80.27,80.27
2022061301_FLAIR01,2,zero-filled,70,17920,21.052631,23.969,178.2,184.3,26.366,342.8,80.27,62.66
2022061301_FLAIR01,3,full,256,65536,0.000210,124.398,645.3,653.4,26.624,346.1,87.53,87.53
2022061301_FLAIR01,3,zero-filled,70,17920,20.793465,24.484,177.3,183.3,26.494,344.4,87.53,68.03
2022061301_FLAIR01,4,full,256,65536,0.000209,124.361,648.6,658.8,26.487,344.3,85.96,85.96
2022061301_FLAIR01,4,zero-filled,70,17920,21.713015,24.040,178.2,185.2,26.363,342.7,85.96,72.30
2022061301_FLAIR01,5,full,256,65536,0.000209,125.276,645.8,655.5,26.601,345.8,97.46,97.46
2022061301_FLAIR01,5,zero-filled,70,17920,22.189800,24.757,178.1,184.1,26.380,342.9,97.46,83.13
2022061301_FLAIR01,6,full,256,65536,0.000211,125.693,645.2,654.6,26.626,346.1,104.63,104.63
2022061301_FLAIR01,6,zero-filled,70,17920,23.056158,24.939,177.2,183.1,26.506,344.6,104.63,87.74
2022061301_FLAIR01,7,full,256,65536,0.000211,125.971,650.6,660.2,26.408,343.3,108.66,108.66
2022061301_FLAIR01,7,zero-filled,70,17920,22.581650,25.383,178.3,184.7,26.344,342.5,108.66,82.80
2022061301_FLAIR01,8,full,256,65536,0.000214,125.565,647.1,655.7,26.549,345.1,103.12,103.12
2022061301_FLAIR01,8,zero-filled,70,17920,22.154784,25.256,178.5,185.2,26.315,342.1,103.12,81.82
2022061301_FLAIR01,9,full,256,65536,0.000210,124.986,654.8,665.3,26.236,341.1,95.08,95.08
2022061301_FLAIR01,9,zero-filled,70,17920,21.290993,24.861,178.9,186.2,26.255,341.3,95.08,79.01
2022061301_FLAIR01,10,full,256,65536,0.000213,124.815,650.2,659.8,26.423,343.5,93.84,93.84
2022061301_FLAIR01,10,zero-filled,70,17920,21.922996,24.556,178.9,186.0,26.263,341.4,93.84,75.37
2022061301_FLAIR01,11,full,256,65536,0.000216,125.741,660.0,673.6,26.030,338.4,104.62,104.62
2022061301_FLAIR01,11,zero-filled,70,17920,22.697102,25.316,180.1,189.7,26.090,339.2,104.62,75.55
2022061301_FLAIR01,12,full,256,65536,0.000220,126.059,662.2,676.2,25.943,337.3,109.22,109.22
2022061301_FLAIR01,12,zero-filled,70,17920,23.673190,25.405,180.8,190.1,25.979,337.7,109.22,88.52
2022061301_FLAIR01,13,full,256,65536,0.000225,125.720,664.3,678.9,25.862,336.2,105.19,105.19
2022061301_FLAIR01,13,zero-filled,70,17920,24.043216,25.138,183.7,195.2,25.576,332.5,105.19,97.89
2022061301_FLAIR01,14,full,256,65536,0.000231,125.899,665.2,679.0,25.827,335.7,108.24,108.24
2022061301_FLAIR01,14,zero-filled,70,17920,24.139470,25.520,182.3,192.1,25.773,335.0,108.24,99.48
2022061301_FLAIR01,15,full,256,65536,0.000239,126.249,682.9,701.5,25.157,327.0,115.55,115.55
2022061301_FLAIR01,15,zero-filled,70,17920,25.455143,25.700,186.3,200.6,25.216,327.8,115.55,102.09
2022061301_FLAIR01,16,full,256,65536,0.000248,126.821,663.9,678.9,25.877,336.4,129.14,129.14
2022061301_FLAIR01,16,zero-filled,70,17920,25.687026,26.523,182.0,193.2,25.809,335.5,129.14,108.96
2022061301_FLAIR01,17,full,256,65536,0.000249,126.595,659.2,672.5,26.062,338.8,124.77,124.77
2022061301_FLAIR01,17,zero-filled,70,17920,25.621832,26.346,180.9,189.8,25.966,337.6,124.77,114.80
2022061301_FLAIR02,0,full,256,65536,0.000229,123.244,662.7,1433.9,25.925,337.0,72.66,72.66
2022061301_FLAIR02,0,zero-filled,70,17920,23.032576,23.192,183.1,193.9,25.653,333.5,72.66,60.15
2022061301_FLAIR02,1,full,256,65536,0.000221,123.095,656.0,668.0,26.187,340.4,75.57,75.57
2022061301_FLAIR02,1,zero-filled,70,17920,20.787219,23.633,180.4,188.4,26.046,338.6,75.57,62.47
2022061301_FLAIR02,2,full,256,65536,0.000216,123.727,658.2,676.5,26.100,339.3,79.97,79.97
2022061301_FLAIR02,2,zero-filled,70,17920,21.218406,23.880,183.7,193.1,25.572,332.4,79.97,60.90
2022061301_FLAIR02,3,full,256,65536,0.000208,125.266,655.4,668.4,26.211,340.7,96.06,96.06
2022061301_FLAIR02,3,zero-filled,70,17920,20.793038,25.283,180.9,190.4,25.969,337.6,96.06,70.72
2022061301_FLAIR02,4,full,256,65536,0.000209,125.113,659.3,671.3,26.059,338.8,93.86,93.86
2022061301_FLAIR02,4,zero-filled,70,17920,21.608366,24.844,242.6,252.8,19.368,251.8,93.86,73.65
2022061301_FLAIR02,5,full,256,65536,0.000211,124.904,660.7,678.3,26.004,338.0,94.11,94.11
2022061301_FLAIR02,5,zero-filled,70,17920,22.156821,24.497,182.0,190.8,25.809,335.5,94.11,82.79
2022061301_FLAIR02,6,full,256,65536,0.000211,126.234,658.7,671.6,26.083,339.1,110.86,110.85
2022061301_FLAIR02,6,zero-filled,70,17920,22.978299,25.487,181.5,190.1,25.879,336.4,110.86,85.39
2022061301_FLAIR02,7,full,256,65536,0.000211,126.241,656.0,668.8,26.187,340.4,112.08,112.08
2022061301_FLAIR02,7,zero-filled,70,17920,22.662032,25.638,179.4,187.2,26.179,340.3,112.08,85.23
2022061301_FLAIR02,8,full,256,65536,0.000212,126.089,655.2,669.2,26.220,340.9,109.57,109.57
2022061301_FLAIR02,8,zero-filled,70,17920,22.132770,25.721,181.1,189.2,25.941,337.2,109.57,82.34
2022061301_FLAIR02,9,full,256,65536,0.000211,125.319,658.1,672.7,26.105,339.4,99.58,99.58
2022061301_FLAIR02,9,zero-filled,70,17920,21.342360,25.236,181.2,191.5,25.929,337.1,99.58,77.01
2022061301_FLAIR02,10,full,256,65536,0.000211,126.009,658.6,674.4,26.087,339.1,107.07,107.07
2022061301_FLAIR02,10,zero-filled,70,17920,21.892834,25.695,180.3,189.8,26.054,338.7,107.07,74.27
2022061301_FLAIR02,11,full,256,65536,0.000217,125.099,657.7,670.3,26.123,339.6,97.95,97.95
2022061301_FLAIR02,11,zero-filled,70,17920,22.609828,24.739,181.4,190.4,25.895,336.6,97.95,78.03
2022061301_FLAIR02,12,full,256,65536,0.000219,125.748,651.0,661.8,26.389,343.1,104.85,104.85
2022061301_FLAIR02,12,zero-filled,70,17920,23.691910,25.083,179.3,186.2,26.203,340.6,104.85,86.72
2022061301_FLAIR02,13,full,256,65536,0.000227,125.732,652.3,663.2,26.338,342.4,106.45,106.45
2022061301_FLAIR02,13,zero-filled,70,17920,24.083641,25.211,179.0,187.0,26.247,341.2,106.45,95.97
2022061301_FLAIR02,14,full,256,65536,0.000235,125.519,656.6,668.1,26.166,340.2,105.89,105.89
2022061301_FLAIR02,14,zero-filled,70,17920,24.040892,25.330,180.5,188.1,26.026,338.3,105.89,100.91
2022061301_FLAIR02,15,full,256,65536,0.000240,126.356,659.6,672.6,26.046,338.6,117.10,117.10
2022061301_FLAIR02,15,zero-filled,70,17920,25.407995,25.844,180.0,188.4,26.102,339.3,117.10,100.05
2022061301_FLAIR02,16,full,256,65536,0.000249,126.726,657.1,669.1,26.146,339.9,127.20,127.20
2022061301_FLAIR02,16,zero-filled,70,17920,26.089637,26.325,183.1,192.7,25.660,333.6,127.20,109.06
2022061301_FLAIR02,17,full,256,65536,0.000253,126.812,658.8,671.5,26.077,339.0,128.74,128.74
2022061301_FLAIR02,17,zero-filled,70,17920,25.980844,26.592,182.7,192.6,25.711,334.2,128.74,115.00
2022061301_T101,0,full,256,65536,0.000222,125.377,662.5,1147.6,25.931,337.1,101.54,101.54
2022061301_T101,0,zero-filled,70,17920,22.030764,25.449,184.0,196.6,25.533,331.9,101.54,72.72
2022061301_T101,1,full,256,65536,0.000212,125.261,660.4,675.1,26.013,338.2,94.94,94.94
2022061301_T101,1,zero-filled,70,17920,22.827389,24.604,181.2,191.9,25.920,337.0,94.94,69.18
2022061301_T101,2,full,256,65536,0.000206,125.277,665.5,681.5,25.816,335.6,97.87,97.87
2022061301_T101,2,zero-filled,70,17920,22.458400,24.518,183.1,194.3,25.655,333.5,97.87,79.18
2022061301_T101,3,full,256,65536,0.000201,125.556,660.1,675.2,26.024,338.3,101.61,101.61
2022061301_T101,3,zero-filled,70,17920,21.850661,24.811,182.4,193.2,25.750,334.7,101.61,86.46
2022061301_T101,4,full,256,65536,0.000196,125.799,660.6,675.5,26.008,338.1,105.71,105.71
2022061301_T101,4,zero-filled,70,17920,21.909927,24.831,181.8,190.9,25.845,336.0,105.71,91.89
2022061301_T101,5,full,256,65536,0.000199,125.633,662.6,676.4,25.927,337.0,105.97,105.97
2022061301_T101,5,zero-filled,70,17920,22.715531,24.502,184.2,195.1,25.505,331.6,105.97,93.10
2022061301_T101,6,full,256,65536,0.000200,126.507,666.3,683.7,25.786,335.2,118.62,118.62
2022061301_T101,6,zero-filled,70,17920,23.007966,25.276,181.7,191.4,25.857,336.1,118.62,100.57
2022061301_T101,7,full,256,65536,0.000203,126.419,660.1,674.3,26.024,338.3,118.03,118.03
2022061301_T101,7,zero-filled,70,17920,22.821769,25.394,183.2,194.1,25.645,333.4,118.03,95.73
2022061301_T101,8,full,256,65536,0.000202,126.282,664.2,679.6,25.867,336.3,116.64,116.64
2022061301_T101,8,zero-filled,70,17920,22.000881,25.526,182.7,192.9,25.706,334.2,116.64,90.97
2022061301_T101,9,full,256,65536,0.000203,126.017,668.8,685.1,25.687,333.9,111.70,111.70
2022061301_T101,9,zero-filled,70,17920,22.263978,25.216,184.2,195.9,25.500,331.5,111.70,90.07
2022061301_T101,10,full,256,65536,0.000204,126.133,668.5,686.0,25.699,334.1,114.91,114.91
2022061301_T101,10,zero-filled,70,17920,22.630721,25.214,181.8,191.8,25.837,335.9,114.91,88.59
2022061301_T101,11,full,256,65536,0.000209,126.527,657.7,670.2,26.120,339.6,120.84,120.84
2022061301_T101,11,zero-filled,70,17920,24.081593,25.292,180.9,189.5,25.975,337.7,120.84,93.07
2022061301_T101,12,full,256,65536,0.000210,127.269,665.1,683.8,25.830,335.8,131.70,131.70
2022061301_T101,12,zero-filled,70,17920,25.529361,25.555,184.1,195.9,25.512,331.7,131.70,106.59
2022061301_T101,13,full,256,65536,0.000217,126.202,674.2,692.9,25.483,331.3,120.39,120.39
2022061301_T101,13,zero-filled,70,17920,24.956984,24.983,189.2,207.1,24.831,322.8,120.39,116.96
2022061301_T101,14,full,256,65536,0.000223,126.572,671.4,691.6,25.587,332.6,134.47,134.47
2022061301_T101,14,zero-filled,70,17920,25.327514,25.467,183.7,195.6,25.567,332.4,134.47,124.86
2022061301_T101,15,full,256,65536,0.000230,127.216,683.5,705.3,25.136,326.8,146.99,146.99
2022061301_T101,15,zero-filled,70,17920,26.846362,25.873,182.9,196.6,25.681,333.9,146.99,121.86
2022061301_T101,16,full,256,65536,0.000233,127.631,673.3,691.2,25.518,331.7,160.63,160.63
2022061301_T101,16,zero-filled,70,17920,27.572617,26.156,184.9,199.4,25.410,330.3,160.63,130.60
2022061301_T101,17,full,256,65536,0.000238,127.205,679.5,710.1,25.282,328.7,162.46,162.46
2022061301_T101,17,zero-filled,70,17920,26.594576,26.235,186.5,201.9,25.188,327.4,162.46,137.67
2022061301_T102,0,full,256,65536,0.000222,124.954,663.3,1209.0,25.899,336.7,96.28,96.28
2022061301_T102,0,zero-filled,70,17920,22.034141,25.013,188.5,202.9,24.927,324.1,96.28,70.64
2022061301_T102,1,full,256,65536,0.000213,125.294,667.3,686.5,25.744,334.7,95.58,95.58
2022061301_T102,1,zero-filled,70,17920,22.864601,24.664,183.0,196.2,25.665,333.6,95.58,68.39
2022061301_T102,2,full,256,65536,0.000206,125.509,655.5,668.7,26.210,340.7,100.58,100.59
2022061301_T102,2,zero-filled,70,17920,22.326691,24.808,184.1,193.7,25.519,331.7,100.58,74.75
2022061301_T102,3,full,256,65536,0.000201,125.440,665.3,680.9,25.823,335.7,99.84,99.84
2022061301_T102,3,zero-filled,70,17920,21.851922,24.704,181.0,190.0,25.957,337.4,99.84,84.13
2022061301_T102,4,full,256,65536,0.000197,125.792,657.5,669.7,26.128,339.7,106.60,106.60
2022061301_T102,4,zero-filled,70,17920,21.824950,24.912,181.0,189.1,25.948,337.3,106.60,93.46
2022061301_T102,5,full,256,65536,0.000199,126.116,658.7,671.9,26.082,339.1,110.92,110.92
2022061301_T102,5,zero-filled,70,17920,22.873360,24.905,181.2,190.2,25.925,337.0,110.92,94.18
2022061301_T102,6,full,256,65536,0.000201,126.287,663.5,677.2,25.893,336.6,116.54,116.54
2022061301_T102,6,zero-filled,70,17920,22.978099,25.123,182.8,193.7,25.704,334.2,116.54,97.47
2022061301_T102,7,full,256,65536,0.000203,126.484,660.6,674.6,26.006,338.1,118.73,118.73
2022061301_T102,7,zero-filled,70,17920,22.820866,25.488,182.5,191.3,25.743,334.7,118.73,98.13
2022061301_T102,8,full,256,65536,0.000202,126.425,651.7,662.6,26.362,342.7,118.89,118.89
2022061301_T102,8,zero-filled,70,17920,22.007101,25.697,178.3,185.0,26.343,342.5,118.89,91.41
2022061301_T102,9,full,256,65536,0.000202,126.191,659.8,675.3,26.038,338.5,113.30,113.30
2022061301_T102,9,zero-filled,70,17920,22.293201,25.347,181.4,190.4,25.903,336.7,113.30,88.10
2022061301_T102,10,full,256,65536,0.000203,126.402,653.4,665.1,26.291,341.8,117.80,117.80
2022061301_T102,10,zero-filled,70,17920,22.628808,25.463,179.2,186.6,26.219,340.9,117.80,90.74
2022061301_T102,11,full,256,65536,0.000208,126.705,649.7,659.1,26.441,343.7,122.87,122.87
2022061301_T102,11,zero-filled,70,17920,23.946207,25.481,179.1,186.5,26.236,341.1,122.87,89.93
2022061301_T102,12,full,256,65536,0.000211,127.380,650.6,661.8,26.407,343.3,134.14,134.14
2022061301_T102,12,zero-filled,70,17920,25.585352,25.700,178.3,184.9,26.349,342.5,134.14,105.27
2022061301_T102,13,full,256,65536,0.000215,126.242,651.1,661.3,26.386,343.0,119.80,119.80
2022061301_T102,13,zero-filled,70,17920,24.908541,24.969,179.6,186.4,26.153,340.0,119.80,113.74
2022061301_T102,14,full,256,65536,0.000222,126.789,677.7,691.8,25.349,329.5,136.66,136.66
2022061301_T102,14,zero-filled,70,17920,25.187757,25.675,188.1,203.8,24.974,324.7,136.66,125.48
2022061301_T102,15,full,256,65536,0.000232,126.901,666.1,680.5,25.793,335.3,142.89,142.89
2022061301_T102,15,zero-filled,70,17920,26.901897,25.610,182.1,191.1,25.801,335.4,142.89,120.23
2022061301_T102,16,full,256,65536,0.000235,127.581,665.0,678.2,25.836,335.9,161.82,161.82
2022061301_T102,16,zero-filled,70,17920,27.592002,26.189,180.3,187.6,26.055,338.7,161.82,130.89
2022061301_T102,17,full,256,65536,0.000239,127.069,650.5,659.1,26.409,343.3,160.34,160.34
2022061301_T102,17,zero-filled,70,17920,26.633566,26.119,180.9,188.6,25.967,337.6,160.34,135.37
2022061301_T103,0,full,256,65536,0.000220,124.818,665.5,1048.7,25.816,335.6,94.37,94.37
2022061301_T103,0,zero-filled,70,17920,21.984501,24.844,181.8,191.6,25.846,336.0,94.37,70.95
2022061301_T103,1,full,256,65536,0.000211,125.493,652.4,665.1,26.332,342.3,97.70,97.70
2022061301_T103,1,zero-filled,70,17920,22.680913,24.866,180.9,189.1,25.969,337.6,97.70,68.11
2022061301_T103,2,full,256,65536,0.000206,125.373,655.1,665.6,26.226,340.9,99.41,99.41
2022061301_T103,2,zero-filled,70,17920,22.107875,24.744,180.8,188.1,25.977,337.7,99.41,74.59
2022061301_T103,3,full,256,65536,0.000198,125.625,867.3,907.9,19.808,257.5,101.56,101.56
2022061301_T103,3,zero-filled,70,17920,21.639070,24.870,223.9,246.3,20.978,272.7,101.56,83.87
2022061301_T103,4,full,256,65536,0.000196,125.618,688.0,710.5,24.970,324.6,103.76,103.76
2022061301_T103,4,zero-filled,70,17920,21.621186,24.758,186.2,198.3,25.223,327.9,103.76,90.11
2022061301_T103,5,full,256,65536,0.000199,125.664,661.5,674.8,25.970,337.6,105.71,105.71
2022061301_T103,5,zero-filled,70,17920,22.534111,24.567,182.6,192.6,25.730,334.5,105.71,97.26
2022061301_T103,6,full,256,65536,0.000200,126.294,672.9,690.5,25.532,331.9,116.27,116.27
2022061301_T103,6,zero-filled,70,17920,22.680001,25.208,188.7,201.6,24.894,323.6,116.27,100.39
2022061301_T103,7,full,256,65536,0.000200,126.582,681.4,706.4,25.211,327.7,118.54,118.54
2022061301_T103,7,zero-filled,70,17920,22.523213,25.545,187.9,206.7,24.994,324.9,118.54,93.15
2022061301_T103,8,full,256,65536,0.000202,126.329,689.5,718.2,24.917,323.9,117.50,117.50
2022061301_T103,8,zero-filled,70,17920,21.817436,25.667,185.2,199.3,25.368,329.8,117.50,89.46
2022061301_T103,9,full,256,65536,0.000202,126.144,683.0,710.4,25.155,327.0,112.59,112.59
2022061301_T103,9,zero-filled,70,17920,22.037153,25.369,189.4,205.2,24.808,322.5,112.59,86.04
2022061301_T103,10,full,256,65536,0.000206,126.165,674.7,692.1,25.463,331.0,117.00,117.00
2022061301_T103,10,zero-filled,70,17920,22.522445,25.411,185.0,197.2,25.392,330.1,117.00,90.19
2022061301_T103,11,full,256,65536,0.000206,127.125,675.2,694.0,25.444,330.8,128.43,128.43
2022061301_T103,11,zero-filled,70,17920,23.773492,25.879,184.5,199.6,25.456,330.9,128.43,91.47
2022061301_T103,12,full,256,65536,0.000210,127.176,668.1,683.7,25.715,334.3,130.85,130.85
2022061301_T103,12,zero-filled,70,17920,25.295023,25.573,182.0,192.1,25.813,335.6,130.85,104.47
2022061301_T103,13,full,256,65536,0.000215,126.462,668.1,683.1,25.713,334.3,123.73,123.73
2022061301_T103,13,zero-filled,70,17920,24.649562,25.277,188.9,207.1,24.875,323.4,123.73,115.92
2022061301_T103,14,full,256,65536,0.000219,126.512,675.2,694.8,25.445,330.8,131.57,131.57
2022061301_T103,14,zero-filled,70,17920,25.137726,25.321,186.1,197.5,25.244,328.2,131.57,124.10
2022061301_T103,15,full,256,65536,0.000229,127.292,688.8,711.1,24.942,324.3,148.50,148.50
2022061301_T103,15,zero-filled,70,17920,26.699536,25.971,196.5,219.7,23.908,310.8,148.50,122.53
2022061301_T103,16,full,256,65536,0.000236,127.381,686.3,712.6,25.032,325.4,158.88,158.88
2022061301_T103,16,zero-filled,70,17920,27.515861,26.040,185.3,197.2,25.352,329.6,158.88,131.33
2022061301_T103,17,full,256,65536,0.000239,127.387,678.6,701.1,25.316,329.1,167.75,167.75
2022061301_T103,17,zero-filled,70,17920,26.456230,26.507,185.1,198.4,25.373,329.9,167.75,138.04
2022061301_T201,0,full,256,65536,0.000236,128.026,689.0,1315.2,24.934,324.1,111.91,111.91
2022061301_T201,0,zero-filled,70,17920,28.744529,26.297,192.8,213.8,24.367,316.8,111.91,77.81
2022061301_T201,1,full,256,65536,0.000234,127.193,713.8,744.4,24.070,312.9,102.99,102.99
2022061301_T201,1,zero-filled,70,17920,26.949083,25.970,189.7,205.0,24.769,322.0,102.99,76.79
2022061301_T201,2,full,256,65536,0.000230,127.924,687.5,725.1,24.990,324.9,109.17,109.17
2022061301_T201,2,zero-filled,70,17920,27.933001,26.243,187.4,204.3,25.062,325.8,109.17,85.53
2022061301_T201,3,full,256,65536,0.000226,127.751,752.2,783.5,22.840,296.9,104.89,104.89
2022061301_T201,3,zero-filled,70,17920,27.400313,26.096,199.2,226.9,23.585,306.6,104.89,95.95
2022061301_T201,4,full,256,65536,0.000225,128.128,686.5,712.2,25.025,325.3,107.04,107.04
2022061301_T201,4,zero-filled,70,17920,27.705441,26.332,190.6,212.7,24.646,320.4,107.04,76.16
2022061301_T201,5,full,256,65536,0.000221,127.805,681.5,711.7,25.207,327.7,105.70,105.70
2022061301_T201,5,zero-filled,70,17920,27.014273,26.076,187.5,201.1,25.060,325.8,105.70,84.72
2022061301_T201,6,full,256,65536,0.000222,127.410,760.7,799.2,22.583,293.6,106.32,106.32
2022061301_T201,6,zero-filled,70,17920,27.202679,25.645,199.5,221.8,23.547,306.1,106.32,96.78
2022061301_T201,7,full,256,65536,0.000219,127.428,734.1,776.4,23.401,304.2,104.39,104.39
2022061301_T201,7,zero-filled,70,17920,27.099241,25.590,193.7,215.8,24.253,315.3,104.39,89.34
2022061301_T201,8,full,256,65536,0.000221,127.823,783.1,814.6,21.938,285.2,111.57,111.57
2022061301_T201,8,zero-filled,70,17920,26.294512,26.309,189.9,209.3,24.743,321.7,111.57,99.43
2022061301_T201,9,full,256,65536,0.000221,127.277,680.8,703.6,25.235,328.1,101.95,101.95
2022061301_T201,9,zero-filled,70,17920,25.709951,25.946,184.0,196.4,25.537,332.0,101.95,96.27
2022061301_T201,10,full,256,65536,0.000222,127.861,719.4,757.8,23.880,310.4,111.13,111.13
2022061301_T201,10,zero-filled,70,17920,26.188267,26.416,201.6,225.0,23.305,303.0,111.13,84.23
2022061301_T201,11,full,256,65536,0.000222,126.714,731.1,764.5,23.499,305.5,101.54,101.54
2022061301_T201,11,zero-filled,70,17920,25.567883,25.490,206.8,228.6,22.719,295.3,101.54,82.40
2022061301_T201,12,full,256,65536,0.000224,127.243,701.2,734.3,24.501,318.5,110.23,110.23
2022061301_T201,12,zero-filled,70,17920,25.759616,26.019,210.3,235.5,22.337,290.4,110.23,87.39
2022061301_T201,13,full,256,65536,0.000233,126.265,689.8,713.8,24.905,323.8,97.79,97.79
2022061301_T201,13,zero-filled,70,17920,26.431186,25.162,187.5,201.4,25.060,325.8,97.79,83.47
2022061301_T201,14,full,256,65536,0.000237,127.345,680.8,703.4,25.236,328.1,104.30,104.30
2022061301_T201,14,zero-filled,70,17920,28.890845,25.627,189.2,202.1,24.828,322.8,104.30,85.48
2022061301_T201,15,full,256,65536,0.000243,127.785,674.9,694.8,25.454,330.9,105.85,105.85
2022061301_T201,15,zero-filled,70,17920,30.467158,25.817,183.2,192.4,25.640,333.3,105.85,65.08
2022061301_T201,16,full,256,65536,0.000247,127.264,685.0,704.8,25.082,326.1,100.17,100.17
2022061301_T201,16,zero-filled,70,17920,30.503151,25.431,189.4,203.3,24.806,322.5,100.17,92.19
2022061301_T201,17,full,256,65536,0.000251,128.114,682.0,707.5,25.191,327.5,110.38,110.38
2022061301_T201,17,zero-filled,70,17920,30.793970,26.333,205.1,233.9,22.906,297.8,110.38,89.67
2022061301_T202,0,full,256,65536,0.000238,127.822,732.2,1755.6,23.464,305.0,109.96,109.96
2022061301_T202,0,zero-filled,70,17920,28.772877,26.159,229.1,259.0,20.506,266.6,109.96,79.24
2022061301_T202,1,full,256,65536,0.000233,127.048,849.0,901.6,20.235,263.1,101.07,101.07
2022061301_T202,1,zero-filled,70,17920,26.891923,25.809,221.3,255.2,21.225,275.9,101.07,78.70
2022061301_T202,2,full,256,65536,0.000229,127.884,706.0,738.4,24.335,316.4,108.28,108.28
2022061301_T202,2,zero-filled,70,17920,27.751850,26.213,209.2,242.5,22.453,291.9,108.28,83.10
2022061301_T202,3,full,256,65536,0.000226,127.613,710.4,747.3,24.184,314.4,103.15,103.15
2022061301_T202,3,zero-filled,70,17920,27.326897,25.979,208.9,244.4,22.490,292.4,103.15,97.83
2022061301_T202,4,full,256,65536,0.000226,128.370,727.1,789.4,23.627,307.1,110.59,110.59
2022061301_T202,4,zero-filled,70,17920,27.715569,26.608,187.6,204.4,25.045,325.6,110.59,79.78
2022061301_T202,5,full,256,65536,0.000222,128.028,679.7,700.6,25.275,328.6,109.01,109.01
2022061301_T202,5,zero-filled,70,17920,26.827425,26.372,187.0,205.8,25.119,326.5,109.01,82.41
2022061301_T202,6,full,256,65536,0.000221,128.012,687.7,711.8,24.980,324.7,113.45,113.45
2022061301_T202,6,zero-filled,70,17920,27.117000,26.240,185.5,197.9,25.326,329.2,113.45,95.58
2022061301_T202,7,full,256,65536,0.000221,127.646,675.3,693.0,25.439,330.7,107.67,107.67
2022061301_T202,7,zero-filled,70,17920,27.193233,25.854,187.8,203.5,25.014,325.2,107.67,88.93
2022061301_T202,8,full,256,65536,0.000220,127.631,682.3,700.3,25.180,327.3,108.90,108.90
2022061301_T202,8,zero-filled,70,17920,26.340254,26.052,183.1,194.8,25.651,333.5,108.90,98.08
2022061301_T202,9,full,256,65536,0.000219,127.401,670.2,688.6,25.635,333.3,102.58,102.58
2022061301_T202,9,zero-filled,70,17920,25.658676,26.030,183.0,192.8,25.672,333.7,102.58,95.26
2022061301_T202,10,full,256,65536,0.000221,127.831,661.8,674.9,25.960,337.5,110.43,110.43
2022061301_T202,10,zero-filled,70,17920,26.344445,26.324,185.8,197.2,25.288,328.7,110.43,85.09
2022061301_T202,11,full,256,65536,0.000222,126.782,682.0,708.7,25.190,327.5,102.88,102.88
2022061301_T202,11,zero-filled,70,17920,25.451167,25.605,193.8,220.8,24.235,315.1,102.88,82.68
2022061301_T202,12,full,256,65536,0.000226,127.172,690.6,725.7,24.878,323.4,111.81,111.81
2022061301_T202,12,zero-filled,70,17920,25.434302,26.159,187.6,205.9,25.036,325.5,111.81,89.69
2022061301_T202,13,full,256,65536,0.000234,126.225,684.5,708.3,25.099,326.3,97.32,97.32
2022061301_T202,13,zero-filled,70,17920,26.490944,25.155,185.4,197.1,25.342,329.4,97.32,84.11
2022061301_T202,14,full,256,65536,0.000240,126.887,679.8,705.8,25.272,328.5,99.66,99.66
2022061301_T202,14,zero-filled,70,17920,29.018991,25.251,184.7,195.8,25.429,330.6,99.66,83.48
2022061301_T202,15,full,256,65536,0.000246,127.772,661.5,673.8,25.973,337.6,107.86,107.86
2022061301_T202,15,zero-filled,70,17920,30.451647,25.917,180.8,188.8,25.979,337.7,107.86,64.15
2022061301_T202,16,full,256,65536,0.000248,127.435,651.3,661.5,26.377,342.9,103.23,103.23
2022061301_T202,16,zero-filled,70,17920,30.082896,25.760,179.1,185.9,26.230,341.0,103.23,90.71
2022061301_T202,17,full,256,65536,0.000249,128.075,649.3,658.9,26.460,344.0,108.18,108.18
2022061301_T202,17,zero-filled,70,17920,30.952814,26.194,179.4,186.5,26.188,340.4,108.18,85.91
2022061301_T203,0,full,256,65536,0.000236,127.524,649.5,985.7,26.452,343.9,105.97,105.97
2022061301_T203,0,zero-filled,70,17920,28.805861,25.808,186.5,202.0,25.184,327.4,105.97,78.50
2022061301_T203,1,full,256,65536,0.000235,127.433,675.4,693.9,25.437,330.7,106.54,106.54
2022061301_T203,1,zero-filled,70,17920,27.099880,26.205,188.1,201.9,24.968,324.6,106.54,76.62
2022061301_T203,2,full,256,65536,0.000231,127.775,679.7,703.2,25.274,328.6,107.33,107.33
2022061301_T203,2,zero-filled,70,17920,27.723138,26.174,185.9,199.0,25.269,328.5,107.33,84.30
2022061301_T203,3,full,256,65536,0.000227,128.130,670.7,686.8,25.617,333.0,109.28,109.28
2022061301_T203,3,zero-filled,70,17920,27.485074,26.457,188.4,201.2,24.934,324.1,109.28,93.76
2022061301_T203,4,full,256,65536,0.000224,127.695,683.2,706.0,25.146,326.9,101.35,101.35
2022061301_T203,4,zero-filled,70,17920,27.613965,25.893,191.9,213.4,24.477,318.2,101.35,78.10
2022061301_T203,5,full,256,65536,0.000224,127.354,671.9,690.5,25.571,332.4,101.03,101.03
2022061301_T203,5,zero-filled,70,17920,26.934159,25.743,182.8,193.0,25.695,334.0,101.03,81.73
2022061301_T203,6,full,256,65536,0.000220,128.258,683.1,705.9,25.149,326.9,115.95,115.95
2022061301_T203,6,zero-filled,70,17920,27.121592,26.434,185.6,202.5,25.307,329.0,115.95,94.09
2022061301_T203,7,full,256,65536,0.000222,127.853,679.5,702.1,25.285,328.7,110.46,110.46
2022061301_T203,7,zero-filled,70,17920,27.109476,26.107,186.5,199.5,25.192,327.5,110.46,88.28
2022061301_T203,8,full,256,65536,0.000220,127.722,691.1,719.3,24.858,323.2,109.72,109.72
2022061301_T203,8,zero-filled,70,17920,26.296924,26.172,197.1,221.0,23.840,309.9,109.72,99.18
2022061301_T203,9,full,256,65536,0.000221,127.431,702.3,740.8,24.461,318.0,103.88,103.88
2022061301_T203,9,zero-filled,70,17920,25.693750,26.131,191.8,213.5,24.494,318.4,103.88,95.62
2022061301_T203,10,full,256,65536,0.000220,127.732,682.6,709.7,25.168,327.2,108.83,108.83
2022061301_T203,10,zero-filled,70,17920,26.219219,26.202,191.0,209.1,24.593,319.7,108.83,84.10
2022061301_T203,11,full,256,65536,0.000225,126.758,680.7,703.6,25.238,328.1,102.38,102.38
2022061301_T203,11,zero-filled,70,17920,25.698986,25.617,189.3,201.6,24.814,322.6,102.38,77.67
2022061301_T203,12,full,256,65536,0.000227,127.619,679.1,703.5,25.297,328.9,115.98,115.98
2022061301_T203,12,zero-filled,70,17920,25.842321,26.512,185.5,200.2,25.319,329.2,115.98,92.52
2022061301_T203,13,full,256,65536,0.000235,126.440,732.0,762.9,23.469,305.1,99.57,99.57
2022061301_T203,13,zero-filled,70,17920,26.558107,25.367,201.4,232.7,23.328,303.3,99.57,83.75
2022061301_T203,14,full,256,65536,0.000239,126.690,690.7,715.0,24.874,323.4,97.64,97.64
2022061301_T203,14,zero-filled,70,17920,28.942850,25.036,190.5,209.3,24.658,320.5,97.64,87.68
2022061301_T203,15,full,256,65536,0.000246,128.233,680.6,697.3,25.243,328.2,112.77,112.77
2022061301_T203,15,zero-filled,70,17920,30.519616,26.342,189.6,201.6,24.781,322.1,112.77,66.85
2022061301_T203,16,full,256,65536,0.000250,127.223,666.2,683.8,25.786,335.2,101.67,101.67
2022061301_T203,16,zero-filled,70,17920,30.297660,25.561,181.9,190.7,25.832,335.8,101.67,89.00
2022061301_T203,17,full,256,65536,0.000256,128.272,651.7,661.0,26.362,342.7,113.67,113.67
2022061301_T203,17,zero-filled,70,17920,30.863475,26.644,180.5,188.3,26.025,338.3,113.67,85.09
2022061302_FLAIR01,0,full,256,65536,0.000244,123.794,669.7,972.9,25.654,333.5,80.28,80.28
2022061302_FLAIR01,0,zero-filled,70,17920,25.248566,23.488,180.8,189.4,25.985,337.8,80.28,60.93
2022061302_FLAIR01,1,full,256,65536,0.000239,124.274,657.5,670.8,26.128,339.7,90.54,90.54
2022061302_FLAIR01,1,zero-filled,70,17920,22.891439,24.633,181.2,190.1,25.926,337.0,90.54,63.91
2022061302_FLAIR01,2,full,256,65536,0.000231,124.925,657.3,668.4,26.139,339.8,96.10,96.10
2022061302_FLAIR01,2,zero-filled,70,17920,22.556033,25.142,179.1,186.4,26.234,341.0,96.10,63.08
2022061302_FLAIR01,3,full,256,65536,0.000229,124.458,651.6,661.2,26.368,342.8,93.61,93.61
2022061302_FLAIR01,3,zero-filled,70,17920,22.289889,24.674,179.7,186.7,26.135,339.8,93.61,73.44
2022061302_FLAIR01,4,full,256,65536,0.000225,123.495,650.4,660.1,26.416,343.4,82.15,82.15
2022061302_FLAIR01,4,zero-filled,70,17920,22.316936,23.568,179.5,186.4,26.171,340.2,82.15,64.10
2022061302_FLAIR01,5,full,256,65536,0.000221,123.678,656.4,670.3,26.172,340.2,84.72,84.72
2022061302_FLAIR01,5,zero-filled,70,17920,22.325626,23.608,183.9,194.4,25.549,332.1,84.72,61.43
2022061302_FLAIR01,6,full,256,65536,0.000220,124.525,679.2,703.1,25.295,328.8,92.95,92.95
2022061302_FLAIR01,6,zero-filled,70,17920,23.141736,24.102,190.2,205.8,24.693,321.0,92.95,62.02
2022061302_FLAIR01,7,full,256,65536,0.000215,125.136,661.0,673.7,25.989,337.9,98.90,98.90
2022061302_FLAIR01,7,zero-filled,70,17920,23.056612,24.545,181.4,189.4,25.894,336.6,98.90,64.48
2022061302_FLAIR01,8,full,256,65536,0.000214,125.095,657.1,668.5,26.146,339.9,97.77,97.77
2022061302_FLAIR01,8,zero-filled,70,17920,23.100176,24.444,180.4,188.0,26.046,338.6,97.77,68.40
2022061302_FLAIR01,9,full,256,65536,0.000213,126.082,657.8,669.3,26.119,339.5,109.74,109.74
2022061302_FLAIR01,9,zero-filled,70,17920,22.455195,25.641,181.4,189.4,25.893,336.6,109.74,69.55
2022061302_FLAIR01,10,full,256,65536,0.000213,125.288,668.4,683.1,25.704,334.2,100.43,100.43
2022061302_FLAIR01,10,zero-filled,70,17920,22.398239,24.858,182.2,191.8,25.781,335.2,100.43,73.27
2022061302_FLAIR01,11,full,256,65536,0.000213,124.929,675.4,689.6,25.437,330.7,95.51,95.51
2022061302_FLAIR01,11,zero-filled,70,17920,22.790026,24.346,181.6,194.9,25.872,336.3,95.51,82.13
2022061302_FLAIR01,12,full,256,65536,0.000214,125.118,679.5,701.0,25.281,328.7,97.10,97.10
2022061302_FLAIR01,12,zero-filled,70,17920,22.888325,24.538,184.2,198.0,25.499,331.5,97.10,88.45
2022061302_FLAIR01,13,full,256,65536,0.000216,125.274,673.3,694.3,25.517,331.7,98.51,98.51
2022061302_FLAIR01,13,zero-filled,70,17920,23.516447,24.527,188.7,205.5,24.890,323.6,98.51,93.08
2022061302_FLAIR01,14,full,256,65536,0.000218,125.739,667.4,682.4,25.743,334.7,102.17,102.17
2022061302_FLAIR01,14,zero-filled,70,17920,24.234322,24.838,185.6,198.6,25.313,329.1,102.17,91.36
2022061302_FLAIR01,15,full,256,65536,0.000225,125.564,664.2,678.5,25.866,336.3,98.77,98.77
2022061302_FLAIR01,15,zero-filled,70,17920,25.410353,24.496,181.4,190.1,25.897,336.7,98.77,88.57
2022061302_FLAIR01,16,full,256,65536,0.000230,125.735,657.9,672.8,26.114,339.5,101.58,101.58
2022061302_FLAIR01,16,zero-filled,70,17920,26.136967,24.635,183.7,194.6,25.579,332.5,101.58,85.12
2022061302_FLAIR01,17,full,256,65536,0.000236,125.295,671.1,686.5,25.600,332.8,97.14,97.14
2022061302_FLAIR01,17,zero-filled,70,17920,27.737075,23.901,183.2,193.2,25.637,333.3,97.14,85.18
2022061302_FLAIR02,0,full,256,65536,0.000246,123.951,635.2,1006.5,27.047,351.6,82.85,82.85
2022061302_FLAIR02,0,zero-filled,70,17920,25.080763,23.781,185.5,198.3,25.318,329.1,82.85,61.33
2022061302_FLAIR02,1,full,256,65536,0.000238,124.123,660.6,673.6,26.006,338.1,89.55,89.55
2022061302_FLAIR02,1,zero-filled,70,17920,22.677557,24.542,181.5,190.0,25.878,336.4,89.55,63.18
2022061302_FLAIR02,2,full,256,65536,0.000231,124.332,665.0,678.4,25.835,335.9,89.85,89.85
2022061302_FLAIR02,2,zero-filled,70,17920,22.452423,24.587,186.6,199.6,25.175,327.3,89.85,61.74
2022061302_FLAIR02,3,full,256,65536,0.000229,124.355,657.6,668.8,26.125,339.6,93.35,93.35
2022061302_FLAIR02,3,zero-filled,70,17920,21.986942,24.702,181.2,189.5,25.921,337.0,93.35,71.12
2022061302_FLAIR02,4,full,256,65536,0.000226,123.945,671.8,686.5,25.574,332.5,86.47,86.47
2022061302_FLAIR02,4,zero-filled,70,17920,22.414983,24.028,183.1,193.0,25.660,333.6,86.47,61.66
2022061302_FLAIR02,5,full,256,65536,0.000221,123.595,659.8,671.3,26.040,338.5,83.14,83.14
2022061302_FLAIR02,5,zero-filled,70,17920,22.304750,23.500,181.2,189.2,25.928,337.1,83.14,60.50
2022061302_FLAIR02,6,full,256,65536,0.000219,124.340,656.4,668.2,26.171,340.2,89.89,89.89
2022061302_FLAIR02,6,zero-filled,70,17920,23.281148,23.825,181.2,188.1,25.931,337.1,89.89,58.75
2022061302_FLAIR02,7,full,256,65536,0.000215,124.608,661.7,673.3,25.964,337.5,93.42,93.42
2022061302_FLAIR02,7,zero-filled,70,17920,22.949177,24.047,182.6,191.5,25.724,334.4,93.42,65.41
2022061302_FLAIR02,8,full,256,65536,0.000215,125.030,656.8,667.6,26.156,340.0,97.40,97.40
2022061302_FLAIR02,8,zero-filled,70,17920,23.050986,24.411,180.8,188.9,25.986,337.8,97.40,65.90
2022061302_FLAIR02,9,full,256,65536,0.000214,126.115,678.9,690.2,25.305,329.0,109.82,109.82
2022061302_FLAIR02,9,zero-filled,70,17920,22.616496,25.631,199.7,208.9,23.518,305.7,109.82,69.50
2022061302_FLAIR02,10,full,256,65536,0.000213,125.227,730.6,745.0,23.514,305.7,99.87,99.87
2022061302_FLAIR02,10,zero-filled,70,17920,22.458510,24.770,183.1,191.7,25.655,333.5,99.87,75.38
2022061302_FLAIR02,11,full,256,65536,0.000214,124.469,656.5,667.4,26.167,340.2,91.58,91.58
2022061302_FLAIR02,11,zero-filled,70,17920,22.656106,23.985,180.7,188.2,26.004,338.0,91.58,79.60
2022061302_FLAIR02,12,full,256,65536,0.000216,125.088,654.6,666.4,26.244,341.2,97.99,97.99
2022061302_FLAIR02,12,zero-filled,70,17920,22.832242,24.587,182.2,191.3,25.784,335.2,97.99,90.37
2022061302_FLAIR02,13,full,256,65536,0.000213,125.658,661.7,673.2,25.962,337.5,101.60,101.60
2022061302_FLAIR02,13,zero-filled,70,17920,23.638554,24.757,182.6,192.2,25.720,334.4,101.60,92.65
2022061302_FLAIR02,14,full,256,65536,0.000219,125.939,660.0,671.6,26.029,338.4,105.40,105.40
2022061302_FLAIR02,14,zero-filled,70,17920,24.152347,25.102,181.6,189.0,25.874,336.4,105.40,90.66
2022061302_FLAIR02,15,full,256,65536,0.000227,125.917,656.5,668.2,26.168,340.2,104.19,104.19
2022061302_FLAIR02,15,zero-filled,70,17920,25.327308,24.958,180.2,187.8,26.067,338.9,104.19,92.25
2022061302_FLAIR02,16,full,256,65536,0.000231,125.254,655.6,665.8,26.205,340.7,96.36,96.36
2022061302_FLAIR02,16,zero-filled,70,17920,26.026668,24.207,181.8,190.1,25.838,335.9,96.36,82.12
2022061302_FLAIR02,17,full,256,65536,0.000236,125.936,665.6,682.0,25.811,335.5,103.64,103.64
2022061302_FLAIR02,17,zero-filled,70,17920,28.028660,24.459,182.3,191.6,25.764,334.9,103.64,80.68
2022061302_T101,0,full,256,65536,0.000234,125.658,654.0,1010.1,26.268,341.5,108.07,108.07
2022061302_T101,0,zero-filled,70,17920,24.052015,25.414,182.5,194.1,25.737,334.6,108.07,74.97
2022061302_T101,1,full,256,65536,0.000226,126.208,659.8,672.1,26.038,338.5,108.54,108.54
2022061302_T101,1,zero-filled,70,17920,24.976831,25.330,181.0,189.6,25.957,337.4,108.54,75.32
2022061302_T101,2,full,256,65536,0.000224,126.043,684.0,699.4,25.118,326.5,111.19,111.19
2022061302_T101,2,zero-filled,70,17920,24.580127,25.234,196.7,212.1,23.884,310.5,111.19,68.14
2022061302_T101,3,full,256,65536,0.000221,125.843,677.3,694.5,25.364,329.7,109.72,109.72
2022061302_T101,3,zero-filled,70,17920,24.299372,25.034,185.6,202.7,25.312,329.1,109.72,66.02
2022061302_T101,4,full,256,65536,0.000216,125.606,692.0,722.4,24.827,322.8,106.90,106.90
2022061302_T101,4,zero-filled,70,17920,23.440267,24.899,189.2,207.8,24.834,322.8,106.90,67.35
2022061302_T101,5,full,256,65536,0.000213,125.702,759.0,788.5,22.633,294.2,107.00,107.00
2022061302_T101,5,zero-filled,70,17920,23.919371,24.708,202.2,221.7,23.228,302.0,107.00,69.42
2022061302_T101,6,full,256,65536,0.000210,125.513,745.0,775.3,23.062,299.8,105.65,105.65
2022061302_T101,6,zero-filled,70,17920,24.144435,24.300,196.6,214.8,23.898,310.7,105.65,66.27
2022061302_T101,7,full,256,65536,0.000208,125.927,866.4,904.1,19.828,257.8,107.88,107.88
2022061302_T101,7,zero-filled,70,17920,23.804953,24.764,202.1,224.4,23.249,302.2,107.88,67.54
2022061302_T101,8,full,256,65536,0.000206,125.842,848.0,922.6,20.259,263.4,107.64,107.64
2022061302_T101,8,zero-filled,70,17920,23.458030,24.718,186.7,205.6,25.164,327.1,107.64,77.79
2022061302_T101,9,full,256,65536,0.000206,126.055,678.8,707.4,25.311,329.0,109.66,109.66
2022061302_T101,9,zero-filled,70,17920,22.853880,25.142,186.0,199.0,25.256,328.3,109.66,71.35
2022061302_T101,10,full,256,65536,0.000207,125.856,681.1,705.4,25.225,327.9,110.47,110.47
2022061302_T101,10,zero-filled,70,17920,22.987618,24.959,191.1,207.4,24.583,319.6,110.47,78.26
2022061302_T101,11,full,256,65536,0.000209,126.537,679.9,701.4,25.268,328.5,117.29,117.29
2022061302_T101,11,zero-filled,70,17920,23.694830,25.434,188.0,202.6,24.983,324.8,117.29,101.72
2022061302_T101,12,full,256,65536,0.000209,126.765,677.7,699.7,25.351,329.6,123.52,123.52
2022061302_T101,12,zero-filled,70,17920,23.942129,25.605,185.2,198.4,25.363,329.7,123.52,107.70
2022061302_T101,13,full,256,65536,0.000212,126.543,725.5,753.9,23.680,307.8,121.19,121.19
2022061302_T101,13,zero-filled,70,17920,24.670528,25.243,200.4,223.7,23.439,304.7,121.19,105.71
2022061302_T101,14,full,256,65536,0.000211,126.474,823.0,874.2,20.876,271.4,120.58,120.58
2022061302_T101,14,zero-filled,70,17920,24.634810,25.146,272.1,322.9,17.265,224.4,120.58,108.71
2022061302_T101,15,full,256,65536,0.000214,126.678,696.3,732.7,24.672,320.7,120.93,120.93
2022061302_T101,15,zero-filled,70,17920,26.050821,24.973,208.4,232.0,22.543,293.1,120.93,100.33
2022061302_T101,16,full,256,65536,0.000219,126.939,713.8,749.1,24.069,312.9,129.19,129.19
2022061302_T101,16,zero-filled,70,17920,26.261062,25.356,188.2,208.1,24.967,324.6,129.19,108.92
2022061302_T101,17,full,256,65536,0.000222,125.975,690.4,718.3,24.885,323.5,123.13,123.13
2022061302_T101,17,zero-filled,70,17920,26.993538,24.281,190.6,210.1,24.650,320.4,123.13,108.75
2022061302_T102,0,full,256,65536,0.000230,126.044,645.6,1373.4,26.612,346.0,108.41,108.41
2022061302_T102,0,zero-filled,70,17920,24.399061,25.515,205.0,227.8,22.915,297.9,108.41,76.36
2022061302_T102,1,full,256,65536,0.000227,126.473,693.6,726.5,24.768,322.0,109.19,109.20
2022061302_T102,1,zero-filled,70,17920,25.511377,25.472,193.2,218.3,24.312,316.1,109.19,77.93
2022061302_T102,2,full,256,65536,0.000226,126.018,779.1,820.9,22.050,286.7,109.54,109.54
2022061302_T102,2,zero-filled,70,17920,24.861867,25.190,189.4,207.6,24.797,322.4,109.54,69.05
2022061302_T102,3,full,256,65536,0.000222,126.037,713.4,741.5,24.081,313.0,109.78,109.78
2022061302_T102,3,zero-filled,70,17920,24.751617,25.088,191.0,210.2,24.595,319.7,109.78,66.92
2022061302_T102,4,full,256,65536,0.000217,125.094,669.6,686.9,25.656,333.5,100.57,100.57
2022061302_T102,4,zero-filled,70,17920,23.523662,24.381,183.7,195.6,25.568,332.4,100.57,66.21
2022061302_T102,5,full,256,65536,0.000216,125.532,696.6,716.2,24.663,320.6,104.07,104.07
2022061302_T102,5,zero-filled,70,17920,24.283414,24.514,191.6,208.7,24.513,318.7,104.07,67.21
2022061302_T102,6,full,256,65536,0.000211,125.416,694.2,722.8,24.747,321.7,103.48,103.48
2022061302_T102,6,zero-filled,70,17920,24.353983,24.179,183.5,197.0,25.594,332.7,103.48,64.61
2022061302_T102,7,full,256,65536,0.000211,125.955,665.5,679.6,25.814,335.6,107.74,107.74
2022061302_T102,7,zero-filled,70,17920,24.292877,24.731,181.6,190.5,25.870,336.3,107.74,68.92
2022061302_T102,8,full,256,65536,0.000210,125.602,658.8,670.6,26.076,339.0,104.21,104.21
2022061302_T102,8,zero-filled,70,17920,23.899150,24.487,180.3,188.3,26.052,338.7,104.21,73.13
2022061302_T102,9,full,256,65536,0.000210,125.798,658.1,669.8,26.106,339.4,106.25,106.25
2022061302_T102,9,zero-filled,70,17920,23.343895,24.884,180.9,188.0,25.970,337.6,106.25,69.47
2022061302_T102,10,full,256,65536,0.000208,125.921,669.0,681.1,25.681,333.8,109.62,109.62
2022061302_T102,10,zero-filled,70,17920,23.450092,24.900,182.3,192.5,25.774,335.1,109.62,75.04
2022061302_T102,11,full,256,65536,0.000212,126.482,661.6,675.5,25.968,337.6,114.98,114.98
2022061302_T102,11,zero-filled,70,17920,24.299267,25.278,181.4,189.6,25.899,336.7,114.98,94.22
2022061302_T102,12,full,256,65536,0.000210,126.530,662.4,678.1,25.934,337.1,119.17,119.17
2022061302_T102,12,zero-filled,70,17920,24.156524,25.327,182.2,191.0,25.778,335.1,119.17,103.97
2022061302_T102,13,full,256,65536,0.000212,126.746,683.0,700.0,25.152,327.0,121.03,121.03
2022061302_T102,13,zero-filled,70,17920,25.040038,25.281,213.6,235.6,21.997,286.0,121.03,104.50
2022061302_T102,14,full,256,65536,0.000212,126.430,675.2,693.3,25.445,330.8,119.29,119.29
2022061302_T102,14,zero-filled,70,17920,24.596167,25.138,183.8,194.5,25.555,332.2,119.29,103.40
2022061302_T102,15,full,256,65536,0.000220,126.456,615.3,635.2,27.919,363.0,118.96,118.96
2022061302_T102,15,zero-filled,70,17920,26.202258,24.927,169.7,179.4,27.690,360.0,118.96,101.08
2022061302_T102,16,full,256,65536,0.000219,127.197,611.3,626.7,28.102,365.3,131.28,131.28
2022061302_T102,16,zero-filled,70,17920,26.448185,25.551,180.9,191.0,25.968,337.6,131.28,105.32
2022061302_T102,17,full,256,65536,0.000221,126.016,670.8,686.7,25.609,332.9,121.56,121.56
2022061302_T102,17,zero-filled,70,17920,27.222261,24.220,183.8,194.1,25.551,332.2,121.56,107.54
2022061302_T103,0,full,256,65536,0.000232,125.864,671.1,966.3,25.599,332.8,107.21,107.21
2022061302_T103,0,zero-filled,70,17920,24.364650,25.448,186.6,198.7,25.177,327.3,107.21,76.06
2022061302_T103,1,full,256,65536,0.000228,126.108,687.2,707.2,25.002,325.0,105.84,105.84
2022061302_T103,1,zero-filled,70,17920,25.331537,25.202,190.4,217.1,24.673,320.8,105.84,75.60
2022061302_T103,2,full,256,65536,0.000224,126.213,677.5,694.0,25.359,329.7,110.79,110.79
2022061302_T103,2,zero-filled,70,17920,24.821842,25.304,183.7,194.5,25.566,332.4,110.79,68.84
2022061302_T103,3,full,256,65536,0.000221,126.293,661.3,673.5,25.978,337.7,112.49,112.49
2022061302_T103,3,zero-filled,70,17920,24.784429,25.295,182.3,191.1,25.770,335.0,112.49,65.21
2022061302_T103,4,full,256,65536,0.000216,125.746,662.6,674.2,25.926,337.0,106.84,106.84
2022061302_T103,4,zero-filled,70,17920,23.655967,24.968,185.4,196.8,25.334,329.3,106.84,66.13
2022061302_T103,5,full,256,65536,0.000214,125.586,667.4,682.9,25.741,334.6,103.80,103.80
2022061302_T103,5,zero-filled,70,17920,24.118594,24.549,183.3,192.7,25.635,333.2,103.80,67.53
2022061302_T103,6,full,256,65536,0.000211,125.499,683.0,703.5,25.153,327.0,103.81,103.81
2022061302_T103,6,zero-filled,70,17920,24.381714,24.246,187.0,200.1,25.119,326.5,103.81,64.98
2022061302_T103,7,full,256,65536,0.000209,125.821,785.9,822.3,21.860,284.2,104.66,104.66
2022061302_T103,7,zero-filled,70,17920,24.298630,24.513,189.8,209.4,24.754,321.8,104.66,67.57
2022061302_T103,8,full,256,65536,0.000210,125.625,679.6,703.7,25.281,328.6,105.22,105.22
2022061302_T103,8,zero-filled,70,17920,23.773816,24.537,188.8,206.1,24.884,323.5,105.22,73.02
2022061302_T103,9,full,256,65536,0.000211,125.865,668.3,684.1,25.705,334.2,106.71,106.72
2022061302_T103,9,zero-filled,70,17920,23.469625,24.948,184.8,194.6,25.421,330.5,106.71,71.73
2022061302_T103,10,full,256,65536,0.000208,126.001,684.1,705.7,25.114,326.5,110.45,110.45
2022061302_T103,10,zero-filled,70,17920,23.309728,25.006,187.2,201.8,25.091,326.2,110.45,72.75
2022061302_T103,11,full,256,65536,0.000211,126.498,677.2,701.7,25.367,329.8,115.50,115.49
2022061302_T103,11,zero-filled,70,17920,24.170045,25.337,198.4,218.4,23.675,307.8,115.50,94.94
2022061302_T103,12,full,256,65536,0.000209,126.559,715.4,746.2,24.015,312.2,118.23,118.23
2022061302_T103,12,zero-filled,70,17920,24.209580,25.282,188.0,206.7,24.984,324.8,118.23,101.25
2022061302_T103,13,full,256,65536,0.000213,126.339,680.0,703.0,25.266,328.5,116.92,116.92
2022061302_T103,13,zero-filled,70,17920,24.824805,25.006,184.0,197.7,25.530,331.9,116.92,103.05
2022061302_T103,14,full,256,65536,0.000212,126.479,706.4,736.1,24.319,316.1,119.29,119.29
2022061302_T103,14,zero-filled,70,17920,24.822428,25.107,223.4,247.2,21.028,273.4,119.29,101.48
2022061302_T103,15,full,256,65536,0.000216,126.476,689.0,719.2,24.935,324.2,117.08,117.08
2022061302_T103,15,zero-filled,70,17920,26.113194,24.822,188.9,203.6,24.874,323.4,117.08,100.84
2022061302_T103,16,full,256,65536,0.000219,127.149,685.3,707.5,25.070,325.9,130.13,130.13
2022061302_T103,16,zero-filled,70,17920,26.425241,25.498,187.9,202.2,24.996,325.0,130.13,104.17
2022061302_T103,17,full,256,65536,0.000222,126.070,666.1,683.0,25.792,335.3,121.56,121.56
2022061302_T103,17,zero-filled,70,17920,27.210733,24.304,181.3,189.4,25.915,336.9,121.56,109.41
2022061302_T201,0,full,256,65536,0.000251,127.060,671.5,1082.3,25.582,332.6,105.59,105.59
2022061302_T201,0,zero-filled,70,17920,27.897304,26.129,182.8,191.9,25.698,334.1,105.59,89.03
2022061302_T201,1,full,256,65536,0.000245,126.405,678.4,697.1,25.326,329.2,98.00,98.00
2022061302_T201,1,zero-filled,70,17920,27.142253,25.513,269.0,293.9,17.462,227.0,98.00,80.95
2022061302_T201,2,full,256,65536,0.000247,126.663,798.0,852.2,21.530,279.9,100.74,100.74
2022061302_T201,2,zero-filled,70,17920,27.211272,25.831,189.7,211.0,24.759,321.9,100.74,82.98
2022061302_T201,3,full,256,65536,0.000244,126.775,677.4,700.8,25.361,329.7,100.05,100.05
2022061302_T201,3,zero-filled,70,17920,27.152063,25.855,185.0,196.9,25.391,330.1,100.05,76.24
2022061302_T201,4,full,256,65536,0.000240,127.050,658.3,669.9,26.098,339.3,103.52,103.52
2022061302_T201,4,zero-filled,70,17920,26.739582,26.116,180.5,187.9,26.032,338.4,103.52,81.79
2022061302_T201,5,full,256,65536,0.000238,127.128,651.8,662.2,26.359,342.7,104.69,104.69
2022061302_T201,5,zero-filled,70,17920,27.366405,25.902,180.4,188.1,26.040,338.5,104.69,82.30
2022061302_T201,6,full,256,65536,0.000229,127.339,672.3,687.1,25.553,332.2,110.34,110.34
2022061302_T201,6,zero-filled,70,17920,26.115449,26.192,186.7,201.7,25.158,327.0,110.34,91.07
2022061302_T201,7,full,256,65536,0.000227,127.377,683.1,712.7,25.150,327.0,109.92,109.92
2022061302_T201,7,zero-filled,70,17920,26.460336,26.029,185.6,198.6,25.316,329.1,109.92,87.16
2022061302_T201,8,full,256,65536,0.000221,127.750,659.5,671.5,26.050,338.6,114.19,114.19
2022061302_T201,8,zero-filled,70,17920,26.640482,26.135,180.9,188.4,25.962,337.5,114.19,88.89
2022061302_T201,9,full,256,65536,0.000217,127.658,664.0,674.5,25.873,336.3,109.83,109.83
2022061302_T201,9,zero-filled,70,17920,25.587944,26.240,179.8,188.6,26.120,339.6,109.83,85.96
2022061302_T201,10,full,256,65536,0.000218,126.970,658.0,670.0,26.109,339.4,102.77,102.77
2022061302_T201,10,zero-filled,70,17920,25.621833,25.557,182.5,191.8,25.746,334.7,102.77,82.57
2022061302_T201,11,full,256,65536,0.000215,126.364,684.4,718.2,25.101,326.3,96.01,96.01
2022061302_T201,11,zero-filled,70,17920,25.919824,24.755,188.3,203.5,24.948,324.3,96.01,79.48
2022061302_T201,12,full,256,65536,0.000217,125.921,707.3,745.3,24.288,315.7,94.49,94.49
2022061302_T201,12,zero-filled,70,17920,25.049329,24.678,186.1,200.9,25.245,328.2,94.49,87.17
2022061302_T201,13,full,256,65536,0.000220,125.934,698.3,722.3,24.602,319.8,94.32,94.32
2022061302_T201,13,zero-filled,70,17920,25.508446,24.637,188.5,206.1,24.916,323.9,94.32,89.46
2022061302_T201,14,full,256,65536,0.000223,126.912,759.3,794.0,22.626,294.1,105.81,105.81
2022061302_T201,14,zero-filled,70,17920,26.430015,25.438,209.4,240.2,22.431,291.6,105.81,83.29
2022061302_T201,15,full,256,65536,0.000232,127.858,693.7,723.0,24.765,321.9,113.91,113.91
2022061302_T201,15,zero-filled,70,17920,28.848982,25.964,232.3,257.1,20.221,262.9,113.91,81.68
2022061302_T201,16,full,256,65536,0.000239,127.613,686.5,717.5,25.025,325.3,106.85,106.85
2022061302_T201,16,zero-filled,70,17920,29.850086,25.686,186.1,199.5,25.238,328.1,106.85,78.39
2022061302_T201,17,full,256,65536,0.000243,128.065,667.9,687.5,25.723,334.4,114.55,114.55
2022061302_T201,17,zero-filled,70,17920,30.080399,26.218,187.6,199.9,25.034,325.4,114.55,110.02
2022061302_T202,0,full,256,65536,0.000249,127.015,691.2,2373.9,24.857,323.1,103.55,103.55
2022061302_T202,0,zero-filled,70,17920,28.037480,25.970,191.9,212.4,24.484,318.3,103.55,90.44
2022061302_T202,1,full,256,65536,0.000247,125.898,690.2,725.2,24.890,323.6,92.41,92.41
2022061302_T202,1,zero-filled,70,17920,27.220128,25.059,192.8,210.4,24.360,316.7,92.41,80.82
2022061302_T202,2,full,256,65536,0.000244,126.888,678.4,702.7,25.323,329.2,101.51,101.51
2022061302_T202,2,zero-filled,70,17920,27.381641,25.878,186.8,198.3,25.149,326.9,101.51,85.05
2022061302_T202,3,full,256,65536,0.000244,127.121,744.6,784.7,23.073,299.9,103.03,103.03
2022061302_T202,3,zero-filled,70,17920,27.301643,26.144,198.6,222.5,23.651,307.5,103.03,74.55
2022061302_T202,4,full,256,65536,0.000238,127.182,691.4,713.7,24.849,323.0,103.92,103.92
2022061302_T202,4,zero-filled,70,17920,26.920415,26.130,201.4,223.6,23.320,303.2,103.92,80.49
2022061302_T202,5,full,256,65536,0.000239,127.152,687.5,716.4,24.991,324.9,104.61,104.61
2022061302_T202,5,zero-filled,70,17920,27.717486,25.851,195.2,213.8,24.071,312.9,104.61,84.90
2022061302_T202,6,full,256,65536,0.000230,127.059,676.1,694.4,25.409,330.3,107.00,107.00
2022061302_T202,6,zero-filled,70,17920,26.242511,25.903,184.0,195.7,25.535,332.0,107.00,90.36
2022061302_T202,7,full,256,65536,0.000224,127.119,678.6,696.1,25.318,329.1,105.25,105.25
2022061302_T202,7,zero-filled,70,17920,26.598343,25.635,187.0,201.7,25.127,326.7,105.25,85.97
2022061302_T202,8,full,256,65536,0.000223,127.569,731.8,767.1,23.475,305.2,111.47,111.47
2022061302_T202,8,zero-filled,70,17920,26.931908,25.941,256.4,298.1,18.322,238.2,111.47,88.11
2022061302_T202,9,full,256,65536,0.000219,127.748,765.6,799.8,22.441,291.7,110.70,110.70
2022061302_T202,9,zero-filled,70,17920,25.936750,26.265,188.5,205.2,24.923,324.0,110.70,84.09
2022061302_T202,10,full,256,65536,0.000218,127.020,688.9,714.1,24.939,324.2,102.34,102.34
2022061302_T202,10,zero-filled,70,17920,25.525601,25.637,187.1,200.4,25.106,326.4,102.34,82.76
2022061302_T202,11,full,256,65536,0.000217,126.698,681.5,700.3,25.208,327.7,99.83,99.83
2022061302_T202,11,zero-filled,70,17920,26.129453,25.102,185.8,198.6,25.277,328.6,99.83,78.51
2022061302_T202,12,full,256,65536,0.000215,126.077,689.1,708.2,24.930,324.1,96.71,96.71
2022061302_T202,12,zero-filled,70,17920,24.923091,24.811,181.9,193.4,25.823,335.7,96.71,87.37
2022061302_T202,13,full,256,65536,0.000220,125.785,674.2,692.1,25.481,331.3,93.54,93.54
2022061302_T202,13,zero-filled,70,17920,25.308591,24.579,182.9,195.7,25.689,334.0,93.54,86.56
2022061302_T202,14,full,256,65536,0.000224,127.110,678.3,701.3,25.329,329.3,107.45,107.45
2022061302_T202,14,zero-filled,70,17920,26.631415,25.589,188.7,202.9,24.893,323.6,107.45,84.23
2022061302_T202,15,full,256,65536,0.000232,127.779,660.8,673.6,26.000,338.0,111.92,111.92
2022061302_T202,15,zero-filled,70,17920,28.973745,25.847,181.4,190.1,25.900,336.7,111.92,81.05
2022061302_T202,16,full,256,65536,0.000239,127.275,670.4,689.4,25.625,333.1,102.12,102.12
2022061302_T202,16,zero-filled,70,17920,29.910054,25.334,182.5,197.1,25.738,334.6,102.12,70.93
2022061302_T202,17,full,256,65536,0.000242,128.139,667.5,684.9,25.739,334.6,114.00,114.00
2022061302_T202,17,zero-filled,70,17920,30.168101,26.237,184.4,198.8,25.477,331.2,114.00,105.94
2022061302_T203,0,full,256,65536,0.000248,126.829,612.7,1194.6,28.039,364.5,100.38,100.38
2022061302_T203,0,zero-filled,70,17920,28.125937,25.735,186.9,200.1,25.139,326.8,100.38,84.65
2022061302_T203,1,full,256,65536,0.000244,126.454,659.9,674.9,26.033,338.4,97.21,97.21
2022061302_T203,1,zero-filled,70,17920,27.229920,25.495,181.9,191.2,25.822,335.7,97.21,82.59
2022061302_T203,2,full,256,65536,0.000245,127.231,658.9,671.6,26.075,339.0,106.52,106.52
2022061302_T203,2,zero-filled,70,17920,27.376167,26.282,183.3,191.6,25.628,333.2,106.52,87.01
2022061302_T203,3,full,256,65536,0.000244,126.818,661.9,675.8,25.957,337.4,99.31,99.31
2022061302_T203,3,zero-filled,70,17920,27.281826,25.832,181.5,189.3,25.880,336.4,99.31,74.00
2022061302_T203,4,full,256,65536,0.000241,127.250,655.5,667.0,26.210,340.7,105.94,105.94
2022061302_T203,4,zero-filled,70,17920,26.915042,26.280,180.6,188.4,26.018,338.2,105.94,81.71
2022061302_T203,5,full,256,65536,0.000237,127.448,651.8,660.9,26.359,342.7,107.81,107.81
2022061302_T203,5,zero-filled,70,17920,27.417052,26.172,179.6,186.8,26.157,340.0,107.81,81.33
2022061302_T203,6,full,256,65536,0.000231,127.012,654.3,665.2,26.256,341.3,105.92,105.92
2022061302_T203,6,zero-filled,70,17920,26.391414,25.854,180.5,187.9,26.019,338.2,105.92,91.08
2022061302_T203,7,full,256,65536,0.000225,127.005,651.9,661.4,26.355,342.6,104.39,104.39
2022061302_T203,7,zero-filled,70,17920,26.396695,25.608,180.2,187.3,26.070,338.9,104.39,88.09
2022061302_T203,8,full,256,65536,0.000225,127.023,650.0,660.0,26.429,343.6,105.48,105.48
2022061302_T203,8,zero-filled,70,17920,26.713220,25.536,179.7,186.9,26.144,339.9,105.48,90.96
2022061302_T203,9,full,256,65536,0.000219,127.707,657.2,668.7,26.139,339.8,109.96,109.96
2022061302_T203,9,zero-filled,70,17920,25.932053,26.254,180.3,188.1,26.048,338.6,109.96,82.61
2022061302_T203,10,full,256,65536,0.000219,127.030,651.9,661.0,26.352,342.6,103.62,103.62
2022061302_T203,10,zero-filled,70,17920,25.404290,25.749,179.6,186.6,26.151,340.0,103.62,82.93
2022061302_T203,11,full,256,65536,0.000215,126.641,651.4,661.9,26.375,342.9,96.92,96.92
2022061302_T203,11,zero-filled,70,17920,26.074211,24.971,178.7,185.3,26.289,341.8,96.92,85.87
2022061302_T203,12,full,256,65536,0.000216,125.879,656.5,666.6,26.170,340.2,94.28,94.28
2022061302_T203,12,zero-filled,70,17920,24.958617,24.642,180.3,187.7,26.052,338.7,94.28,86.54
2022061302_T203,13,full,256,65536,0.000220,125.783,652.1,662.3,26.346,342.5,93.70,93.70
2022061302_T203,13,zero-filled,70,17920,25.163677,24.610,177.4,184.0,26.484,344.3,93.70,87.48
2022061302_T203,14,full,256,65536,0.000223,126.640,650.6,660.4,26.406,343.3,101.70,101.70
2022061302_T203,14,zero-filled,70,17920,26.286495,25.204,179.3,185.8,26.202,340.6,101.70,86.72
2022061302_T203,15,full,256,65536,0.000232,128.150,655.0,665.7,26.230,341.0,116.36,116.36
2022061302_T203,15,zero-filled,70,17920,28.916190,26.227,180.2,187.8,26.066,338.9,116.36,82.44
2022061302_T203,16,full,256,65536,0.000238,126.843,651.7,682.9,26.361,342.7,98.25,98.25
2022061302_T203,16,zero-filled,70,17920,29.750134,24.908,179.6,186.6,26.157,340.0,98.25,75.30
2022061302_T203,17,full,256,65536,0.000241,128.126,651.7,661.6,26.362,342.7,113.68,113.68
2022061302_T203,17,zero-filled,70,17920,30.107378,26.205,179.6,186.2,26.151,340.0,113.68,102.88
2022062303_FLAIR01,0,full,256,65536,0.000231,124.802,663.4,987.9,25.898,336.7,91.79,91.79
2022062303_FLAIR01,0,zero-filled,70,17920,23.390887,24.690,181.1,189.7,25.934,337.1,91.79,70.05
2022062303_FLAIR01,1,full,256,65536,0.000225,123.948,657.8,670.5,26.119,339.5,89.48,89.48
2022062303_FLAIR01,1,zero-filled,70,17920,21.279345,24.440,180.4,188.0,26.035,338.5,89.48,78.55
2022062303_FLAIR01,2,full,256,65536,0.000220,124.502,651.2,662.3,26.382,343.0,94.01,94.01
2022062303_FLAIR01,2,zero-filled,70,17920,21.758246,24.601,179.4,186.0,26.188,340.4,94.01,83.11
2022062303_FLAIR01,3,full,256,65536,0.000214,124.484,654.6,665.4,26.246,341.2,95.75,95.75
2022062303_FLAIR01,3,zero-filled,70,17920,21.135762,24.611,179.3,187.1,26.207,340.7,95.75,89.87
2022062303_FLAIR01,4,full,256,65536,0.000212,124.949,656.5,667.9,26.168,340.2,99.72,99.72
2022062303_FLAIR01,4,zero-filled,70,17920,21.943497,24.645,179.9,187.7,26.113,339.5,99.72,94.12
2022062303_FLAIR01,5,full,256,65536,0.000211,125.476,650.1,664.6,26.428,343.6,105.67,105.67
2022062303_FLAIR01,5,zero-filled,70,17920,22.485402,24.923,179.9,187.2,26.118,339.5,105.67,98.72
2022062303_FLAIR01,6,full,256,65536,0.000210,125.436,649.6,658.9,26.449,343.8,106.02,106.02
2022062303_FLAIR01,6,zero-filled,70,17920,23.426509,24.506,178.5,185.4,26.311,342.0,106.02,100.61
2022062303_FLAIR01,7,full,256,65536,0.000211,125.489,657.8,668.5,26.118,339.5,108.51,108.51
2022062303_FLAIR01,7,zero-filled,70,17920,23.655062,24.502,180.0,187.1,26.104,339.4,108.51,100.28
2022062303_FLAIR01,8,full,256,65536,0.000210,125.854,651.1,661.7,26.384,343.0,113.77,113.77
2022062303_FLAIR01,8,zero-filled,70,17920,23.533230,24.858,179.1,185.9,26.230,341.0,113.77,98.86
2022062303_FLAIR01,9,full,256,65536,0.000210,125.683,650.8,660.9,26.399,343.2,111.77,111.77
2022062303_FLAIR01,9,zero-filled,70,17920,23.104300,24.850,179.2,185.4,26.221,340.9,111.77,98.57
2022062303_FLAIR01,10,full,256,65536,0.000212,125.750,656.2,666.7,26.183,340.4,112.36,112.36
2022062303_FLAIR01,10,zero-filled,70,17920,22.627586,25.174,179.9,187.0,26.107,339.4,112.36,99.54
2022062303_FLAIR01,11,full,256,65536,0.000211,126.444,652.4,663.1,26.333,342.3,118.97,118.97
2022062303_FLAIR01,11,zero-filled,70,17920,22.068070,26.041,179.1,186.0,26.228,341.0,118.97,101.90
2022062303_FLAIR01,12,full,256,65536,0.000214,125.525,652.0,663.4,26.348,342.5,107.67,107.67
2022062303_FLAIR01,12,zero-filled,70,17920,21.835531,25.348,179.0,185.9,26.243,341.2,107.67,101.06
2022062303_FLAIR01,13,full,256,65536,0.000218,125.243,653.5,663.7,26.290,341.8,106.24,106.24
2022062303_FLAIR01,13,zero-filled,70,17920,22.027056,25.150,179.6,187.2,26.151,340.0,106.24,95.49
2022062303_FLAIR01,14,full,256,65536,0.000223,125.122,651.3,660.9,26.379,342.9,103.91,103.91
2022062303_FLAIR01,14,zero-filled,70,17920,23.043186,24.841,178.0,184.4,26.394,343.1,103.91,96.49
2022062303_FLAIR01,15,full,256,65536,0.000230,125.215,650.5,660.4,26.411,343.3,105.02,105.02
2022062303_FLAIR01,15,zero-filled,70,17920,23.712194,24.943,178.1,184.5,26.375,342.9,105.02,101.36
2022062303_FLAIR01,16,full,256,65536,0.000238,125.601,654.9,666.4,26.231,341.0,111.45,111.45
2022062303_FLAIR01,16,zero-filled,70,17920,24.002198,25.515,180.9,188.6,25.967,337.6,111.45,105.53
2022062303_FLAIR01,17,full,256,65536,0.000244,125.919,653.2,665.3,26.303,341.9,119.20,119.20
2022062303_FLAIR01,17,zero-filled,70,17920,24.370662,25.920,179.9,186.5,26.119,339.5,119.20,111.08
2022062303_FLAIR02,0,full,256,65536,0.000233,124.561,659.3,943.4,26.058,338.8,89.98,89.98
2022062303_FLAIR02,0,zero-filled,70,17920,23.322186,24.545,181.9,192.5,25.822,335.7,89.98,70.98
2022062303_FLAIR02,1,full,256,65536,0.000225,123.856,658.0,670.4,26.108,339.4,88.04,88.04
2022062303_FLAIR02,1,zero-filled,70,17920,21.348385,24.304,181.9,191.7,25.830,335.8,88.04,78.02
2022062303_FLAIR02,2,full,256,65536,0.000218,124.495,650.7,660.6,26.404,343.2,93.54,93.54
2022062303_FLAIR02,2,zero-filled,70,17920,21.715520,24.543,179.4,186.3,26.191,340.5,93.54,83.72
2022062303_FLAIR02,3,full,256,65536,0.000213,125.083,652.5,662.0,26.330,342.3,101.59,101.59
2022062303_FLAIR02,3,zero-filled,70,17920,21.145944,25.149,178.5,185.1,26.316,342.1,101.59,89.15
2022062303_FLAIR02,4,full,256,65536,0.000212,125.207,649.5,658.7,26.451,343.9,102.14,102.14
2022062303_FLAIR02,4,zero-filled,70,17920,22.070712,24.856,178.9,185.0,26.260,341.4,102.14,92.60
2022062303_FLAIR02,5,full,256,65536,0.000210,125.469,657.2,668.9,26.142,339.8,105.61,105.61
2022062303_FLAIR02,5,zero-filled,70,17920,22.322357,24.946,180.2,187.4,26.068,338.9,105.61,101.52
2022062303_FLAIR02,6,full,256,65536,0.000209,125.724,652.6,662.2,26.324,342.2,108.80,108.80
2022062303_FLAIR02,6,zero-filled,70,17920,23.329165,24.789,179.3,186.0,26.197,340.6,108.80,102.78
2022062303_FLAIR02,7,full,256,65536,0.000211,125.657,650.7,659.9,26.404,343.3,110.58,110.58
2022062303_FLAIR02,7,zero-filled,70,17920,23.618905,24.665,178.8,185.6,26.276,341.6,110.58,98.63
2022062303_FLAIR02,8,full,256,65536,0.000211,125.716,655.9,666.7,26.192,340.5,112.50,112.50
2022062303_FLAIR02,8,zero-filled,70,17920,23.502655,24.783,180.0,187.9,26.092,339.2,112.50,102.23
2022062303_FLAIR02,9,full,256,65536,0.000210,125.778,652.7,663.1,26.321,342.2,112.28,112.28
2022062303_FLAIR02,9,zero-filled,70,17920,22.994271,24.976,179.9,186.6,26.109,339.4,112.28,100.25
2022062303_FLAIR02,10,full,256,65536,0.000213,125.334,651.7,662.7,26.360,342.7,108.41,108.41
2022062303_FLAIR02,10,zero-filled,70,17920,22.623475,24.817,178.9,185.9,26.253,341.3,108.41,99.28
2022062303_FLAIR02,11,full,256,65536,0.000212,126.820,655.8,665.8,26.197,340.6,125.47,125.47
2022062303_FLAIR02,11,zero-filled,70,17920,21.974892,26.496,180.8,188.3,25.988,337.8,125.47,101.82
2022062303_FLAIR02,12,full,256,65536,0.000215,125.415,652.7,661.8,26.320,342.2,107.18,107.18
2022062303_FLAIR02,12,zero-filled,70,17920,21.822579,25.279,179.5,186.3,26.172,340.2,107.18,97.61
2022062303_FLAIR02,13,full,256,65536,0.000220,124.926,651.5,662.1,26.371,342.8,103.71,103.71
2022062303_FLAIR02,13,zero-filled,70,17920,21.905240,24.951,179.4,186.5,26.192,340.5,103.71,97.10
2022062303_FLAIR02,14,full,256,65536,0.000223,125.061,653.5,666.8,26.291,341.8,103.70,103.70
2022062303_FLAIR02,14,zero-filled,70,17920,23.031856,24.791,180.6,187.9,26.010,338.1,103.70,97.64
2022062303_FLAIR02,15,full,256,65536,0.000231,125.444,651.8,662.7,26.358,342.7,108.66,108.66
2022062303_FLAIR02,15,zero-filled,70,17920,23.652683,25.244,179.0,185.9,26.249,341.2,108.66,102.18
2022062303_FLAIR02,16,full,256,65536,0.000236,125.424,650.5,660.2,26.411,343.3,109.07,109.07
2022062303_FLAIR02,16,zero-filled,70,17920,23.959987,25.290,178.3,186.9,26.351,342.6,109.07,105.08
2022062303_FLAIR02,17,full,256,65536,0.000245,126.076,654.0,664.3,26.269,341.5,121.69,121.69
2022062303_FLAIR02,17,zero-filled,70,17920,24.508675,26.066,180.5,188.5,26.027,338.3,121.69,113.92
2022062303_T101,0,full,256,65536,0.000219,126.391,680.7,1010.5,25.238,328.1,118.00,118.00
2022062303_T101,0,zero-filled,70,17920,24.615601,25.386,184.5,195.9,25.464,331.0,118.00,91.05
2022062303_T101,1,full,256,65536,0.000214,126.269,664.2,676.9,25.865,336.2,111.43,111.43
2022062303_T101,1,zero-filled,70,17920,25.452770,24.749,181.9,191.5,25.821,335.7,111.43,93.86
2022062303_T101,2,full,256,65536,0.000209,126.246,657.1,668.6,26.144,339.9,115.34,115.34
2022062303_T101,2,zero-filled,70,17920,25.251113,24.586,180.1,188.7,26.081,339.1,115.34,101.58
2022062303_T101,3,full,256,65536,0.000207,126.168,652.8,662.5,26.318,342.1,116.69,116.69
2022062303_T101,3,zero-filled,70,17920,25.095384,24.498,179.3,185.8,26.193,340.5,116.69,105.39
2022062303_T101,4,full,256,65536,0.000201,126.622,655.7,668.1,26.201,340.6,122.89,122.89
2022062303_T101,4,zero-filled,70,17920,25.156681,24.689,179.9,187.1,26.111,339.4,122.89,109.71
2022062303_T101,5,full,256,65536,0.000201,127.059,650.9,661.4,26.395,343.1,127.13,127.13
2022062303_T101,5,zero-filled,70,17920,25.708816,24.916,179.5,186.1,26.174,340.3,127.13,105.04
2022062303_T101,6,full,256,65536,0.000204,126.847,655.9,666.1,26.193,340.5,131.03,131.03
2022062303_T101,6,zero-filled,70,17920,25.636906,24.879,181.0,188.6,25.959,337.5,131.03,111.59
2022062303_T101,7,full,256,65536,0.000207,126.725,652.0,661.5,26.349,342.5,129.11,129.11
2022062303_T101,7,zero-filled,70,17920,26.013920,24.737,179.6,186.6,26.159,340.1,129.11,112.25
2022062303_T101,8,full,256,65536,0.000208,126.705,651.4,660.5,26.373,342.9,132.58,132.58
2022062303_T101,8,zero-filled,70,17920,25.567425,24.908,179.0,185.5,26.248,341.2,132.58,116.53
2022062303_T101,9,full,256,65536,0.000208,126.973,654.0,664.2,26.270,341.5,133.68,133.68
2022062303_T101,9,zero-filled,70,17920,25.896031,25.088,181.5,189.5,25.884,336.5,133.68,109.21
2022062303_T101,10,full,256,65536,0.000207,126.963,651.2,661.0,26.383,343.0,133.76,133.76
2022062303_T101,10,zero-filled,70,17920,25.519124,25.146,179.4,186.1,26.191,340.5,133.76,110.31
2022062303_T101,11,full,256,65536,0.000211,126.532,648.2,657.2,26.503,344.5,125.13,125.13
2022062303_T101,11,zero-filled,70,17920,25.885292,24.760,179.2,186.2,26.219,340.8,125.13,102.49
2022062303_T101,12,full,256,65536,0.000210,126.440,651.7,661.1,26.363,342.7,130.15,130.15
2022062303_T101,12,zero-filled,70,17920,24.993667,24.929,180.1,187.6,26.081,339.1,130.15,113.41
2022062303_T101,13,full,256,65536,0.000214,126.089,651.3,662.4,26.376,342.9,126.90,126.90
2022062303_T101,13,zero-filled,70,17920,25.762327,24.474,179.4,186.4,26.181,340.4,126.90,113.54
2022062303_T101,14,full,256,65536,0.000218,126.095,649.9,661.8,26.435,343.7,131.40,131.40
2022062303_T101,14,zero-filled,70,17920,26.001548,24.582,178.7,185.5,26.284,341.7,131.40,117.22
2022062303_T101,15,full,256,65536,0.000223,125.996,651.9,661.9,26.354,342.6,130.24,130.24
2022062303_T101,15,zero-filled,70,17920,26.045517,24.650,180.2,187.6,26.072,338.9,130.24,119.18
2022062303_T101,16,full,256,65536,0.000231,126.460,656.7,667.7,26.163,340.1,145.15,145.15
2022062303_T101,16,zero-filled,70,17920,26.374820,25.291,181.3,189.7,25.910,336.8,145.15,125.27
2022062303_T101,17,full,256,65536,0.000241,126.625,652.2,662.6,26.343,342.5,161.69,161.69
2022062303_T101,17,zero-filled,70,17920,26.404166,25.832,180.3,188.0,26.052,338.7,161.69,130.29
2022062303_T102,0,full,256,65536,0.000220,126.357,666.8,970.7,25.764,334.9,117.05,117.05
2022062303_T102,0,zero-filled,70,17920,24.921627,25.278,181.4,191.2,25.890,336.6,117.05,92.32
2022062303_T102,1,full,256,65536,0.000216,126.056,656.5,670.0,26.169,340.2,109.68,109.68
2022062303_T102,1,zero-filled,70,17920,25.482190,24.628,180.9,189.5,25.967,337.6,109.68,95.72
2022062303_T102,2,full,256,65536,0.000211,126.195,658.0,669.5,26.107,339.4,115.55,115.55
2022062303_T102,2,zero-filled,70,17920,25.402024,24.580,181.2,190.0,25.925,337.0,115.55,102.64
2022062303_T102,3,full,256,65536,0.000204,126.445,663.1,676.1,25.910,336.8,117.94,117.94
2022062303_T102,3,zero-filled,70,17920,25.242026,24.608,183.0,191.9,25.672,333.7,117.94,106.79
2022062303_T102,4,full,256,65536,0.000200,126.720,653.4,663.9,26.295,341.8,123.77,123.77
2022062303_T102,4,zero-filled,70,17920,25.174312,24.728,179.2,186.3,26.209,340.7,123.77,110.79
2022062303_T102,5,full,256,65536,0.000203,127.096,651.5,662.1,26.370,342.8,128.80,128.80
2022062303_T102,5,zero-filled,70,17920,25.742989,25.052,178.2,184.7,26.368,342.8,128.80,106.04
2022062303_T102,6,full,256,65536,0.000203,126.729,652.9,662.3,26.315,342.1,128.43,128.43
2022062303_T102,6,zero-filled,70,17920,25.695921,24.695,179.6,186.4,26.163,340.1,128.43,110.36
2022062303_T102,7,full,256,65536,0.000208,126.765,653.6,664.1,26.283,341.7,130.35,130.35
2022062303_T102,7,zero-filled,70,17920,26.077153,24.802,179.9,187.7,26.112,339.5,130.35,110.03
2022062303_T102,8,full,256,65536,0.000207,126.719,651.9,661.8,26.354,342.6,132.35,132.35
2022062303_T102,8,zero-filled,70,17920,25.585527,24.895,179.0,185.6,26.239,341.1,132.35,119.53
2022062303_T102,9,full,256,65536,0.000209,127.113,653.1,663.9,26.306,342.0,136.34,136.34
2022062303_T102,9,zero-filled,70,17920,25.796906,25.292,179.2,186.7,26.214,340.8,136.34,110.55
2022062303_T102,10,full,256,65536,0.000206,126.846,650.0,684.6,26.431,343.6,131.58,131.58
2022062303_T102,10,zero-filled,70,17920,25.450380,25.021,180.0,187.6,26.092,339.2,131.58,115.04
2022062303_T102,11,full,256,65536,0.000210,126.917,656.5,669.8,26.170,340.2,129.84,129.84
2022062303_T102,11,zero-filled,70,17920,26.015352,25.038,180.4,188.1,26.042,338.5,129.84,104.96
2022062303_T102,12,full,256,65536,0.000210,126.506,651.6,703.0,26.364,342.7,131.03,131.03
2022062303_T102,12,zero-filled,70,17920,25.105212,24.976,179.7,186.6,26.145,339.9,131.03,113.14
2022062303_T102,13,full,256,65536,0.000214,126.131,651.6,660.9,26.366,342.8,127.44,127.44
2022062303_T102,13,zero-filled,70,17920,25.737696,24.508,179.3,185.9,26.206,340.7,127.44,115.29
2022062303_T102,14,full,256,65536,0.000217,126.044,655.8,666.8,26.198,340.6,130.11,130.11
2022062303_T102,14,zero-filled,70,17920,25.942618,24.512,180.4,188.5,26.039,338.5,130.11,117.78
2022062303_T102,15,full,256,65536,0.000224,125.887,652.4,663.3,26.332,342.3,129.80,129.80
2022062303_T102,15,zero-filled,70,17920,26.098425,24.578,179.1,187.0,26.234,341.0,129.80,121.12
2022062303_T102,16,full,256,65536,0.000235,126.033,650.0,659.9,26.430,343.6,140.96,140.96
2022062303_T102,16,zero-filled,70,17920,26.378627,25.024,179.1,185.7,26.235,341.1,140.96,122.09
2022062303_T102,17,full,256,65536,0.000240,126.305,656.4,666.8,26.173,340.3,156.09,156.09
2022062303_T102,17,zero-filled,70,17920,26.408277,25.481,180.8,188.2,25.981,337.8,156.09,127.95
2022062303_T103,0,full,256,65536,0.000220,126.414,658.5,966.8,26.090,339.2,118.83,118.83
2022062303_T103,0,zero-filled,70,17920,24.695667,25.421,181.2,190.1,25.927,337.1,118.83,93.45
2022062303_T103,1,full,256,65536,0.000213,126.186,660.7,674.1,26.004,338.0,109.89,109.89
2022062303_T103,1,zero-filled,70,17920,25.344583,24.688,181.6,190.5,25.874,336.4,109.89,96.61
2022062303_T103,2,full,256,65536,0.000209,126.134,652.3,662.1,26.338,342.4,114.88,114.88
2022062303_T103,2,zero-filled,70,17920,25.041999,24.565,179.8,186.7,26.128,339.7,114.88,103.68
2022062303_T103,3,full,256,65536,0.000204,126.350,650.5,661.0,26.409,343.3,116.91,116.91
2022062303_T103,3,zero-filled,70,17920,25.136860,24.534,178.3,184.9,26.349,342.5,116.91,109.98
2022062303_T103,4,full,256,65536,0.000199,126.480,661.2,675.6,25.983,337.8,120.66,120.66
2022062303_T103,4,zero-filled,70,17920,24.963066,24.519,182.1,191.6,25.802,335.4,120.66,110.15
2022062303_T103,5,full,256,65536,0.000201,126.634,659.4,672.1,26.054,338.7,121.95,121.95
2022062303_T103,5,zero-filled,70,17920,25.482891,24.581,180.5,188.4,26.025,338.3,121.95,104.57
2022062303_T103,6,full,256,65536,0.000204,126.579,650.8,661.4,26.397,343.2,127.25,127.25
2022062303_T103,6,zero-filled,70,17920,25.492575,24.624,179.7,186.4,26.138,339.8,127.25,113.97
2022062303_T103,7,full,256,65536,0.000206,126.538,650.3,660.8,26.417,343.4,127.08,127.08
2022062303_T103,7,zero-filled,70,17920,25.824376,24.581,179.1,185.9,26.230,341.0,127.08,110.26
2022062303_T103,8,full,256,65536,0.000205,127.019,651.9,662.3,26.353,342.6,136.67,136.67
2022062303_T103,8,zero-filled,70,17920,25.491800,25.129,179.8,186.7,26.128,339.7,136.67,119.95
2022062303_T103,9,full,256,65536,0.000208,127.325,657.4,668.7,26.133,339.7,139.57,139.57
2022062303_T103,9,zero-filled,70,17920,25.676326,25.485,179.8,187.1,26.132,339.7,139.57,110.45
2022062303_T103,10,full,256,65536,0.000208,126.938,650.8,660.5,26.399,343.2,135.05,135.05
2022062303_T103,10,zero-filled,70,17920,25.190610,25.269,179.9,186.8,26.116,339.5,135.05,114.24
2022062303_T103,11,full,256,65536,0.000207,126.619,652.9,663.3,26.315,342.1,125.59,125.60
2022062303_T103,11,zero-filled,70,17920,25.649304,24.774,179.3,186.0,26.200,340.6,125.59,105.20
2022062303_T103,12,full,256,65536,0.000211,126.429,657.9,668.3,26.114,339.5,131.16,131.16
2022062303_T103,12,zero-filled,70,17920,24.785410,25.043,180.9,188.0,25.968,337.6,131.16,114.50
2022062303_T103,13,full,256,65536,0.000215,126.003,651.6,661.2,26.364,342.7,127.64,127.64
2022062303_T103,13,zero-filled,70,17920,25.417609,24.547,178.4,184.9,26.332,342.3,127.64,114.49
2022062303_T103,14,full,256,65536,0.000218,125.977,650.6,660.0,26.406,343.3,130.92,130.92
2022062303_T103,14,zero-filled,70,17920,25.811819,24.522,179.1,194.0,26.230,341.0,130.92,122.02
2022062303_T103,15,full,256,65536,0.000227,125.780,655.3,666.5,26.218,340.8,130.53,130.53
2022062303_T103,15,zero-filled,70,17920,25.915486,24.631,179.4,187.0,26.191,340.5,130.53,119.24
2022062303_T103,16,full,256,65536,0.000231,126.218,650.8,665.7,26.398,343.2,142.49,142.49
2022062303_T103,16,zero-filled,70,17920,26.244853,25.098,178.8,185.6,26.275,341.6,142.49,123.87
2022062303_T103,17,full,256,65536,0.000238,126.517,649.1,659.1,26.468,344.1,158.71,158.71
2022062303_T103,17,zero-filled,70,17920,26.428185,25.595,178.5,185.6,26.321,342.2,158.71,129.40
2022062303_T201,0,full,256,65536,0.000235,127.048,660.2,953.1,26.022,338.3,112.88,112.88
2022062303_T201,0,zero-filled,70,17920,26.351606,26.043,181.8,191.9,25.845,336.0,112.88,99.32
2022062303_T201,1,full,256,65536,0.000233,126.745,651.8,662.7,26.359,342.7,106.62,106.62
2022062303_T201,1,zero-filled,70,17920,25.941024,25.830,179.1,185.6,26.228,341.0,106.62,97.89
2022062303_T201,2,full,256,65536,0.000229,126.611,652.6,663.2,26.326,342.2,101.27,101.27
2022062303_T201,2,zero-filled,70,17920,26.167516,25.460,179.5,187.3,26.167,340.2,101.27,88.10
2022062303_T201,3,full,256,65536,0.000225,127.546,651.4,661.1,26.375,342.9,107.47,107.47
2022062303_T201,3,zero-filled,70,17920,26.001750,26.297,179.0,187.1,26.237,341.1,107.47,96.91
2022062303_T201,4,full,256,65536,0.000223,127.672,651.1,660.2,26.387,343.0,110.96,110.96
2022062303_T201,4,zero-filled,70,17920,26.093214,26.316,179.9,187.0,26.109,339.4,110.96,100.34
2022062303_T201,5,full,256,65536,0.000217,127.112,654.1,664.5,26.265,341.4,108.81,108.81
2022062303_T201,5,zero-filled,70,17920,25.237805,25.782,181.4,190.4,25.893,336.6,108.81,99.22
2022062303_T201,6,full,256,65536,0.000217,127.738,652.1,662.0,26.346,342.5,116.05,116.05
2022062303_T201,6,zero-filled,70,17920,26.563725,25.980,180.0,187.3,26.096,339.2,116.05,101.53
2022062303_T201,7,full,256,65536,0.000218,126.788,650.5,660.2,26.408,343.3,103.40,103.40
2022062303_T201,7,zero-filled,70,17920,26.793499,25.005,179.0,185.6,26.248,341.2,103.40,92.09
2022062303_T201,8,full,256,65536,0.000216,126.868,650.1,660.1,26.427,343.6,106.50,106.50
2022062303_T201,8,zero-filled,70,17920,25.704941,25.368,178.4,184.6,26.339,342.4,106.50,100.99
2022062303_T201,9,full,256,65536,0.000219,126.780,651.4,661.0,26.372,342.8,103.97,103.97
2022062303_T201,9,zero-filled,70,17920,24.987415,25.635,178.2,184.7,26.357,342.6,103.97,99.32
2022062303_T201,10,full,256,65536,0.000219,126.824,657.1,668.1,26.144,339.9,104.04,104.04
2022062303_T201,10,zero-filled,70,17920,25.456805,25.520,180.4,187.9,26.042,338.5,104.04,82.29
2022062303_T201,11,full,256,65536,0.000220,126.053,652.8,663.1,26.319,342.1,96.99,96.99
2022062303_T201,11,zero-filled,70,17920,24.958014,24.960,179.9,186.8,26.114,339.5,96.99,80.42
2022062303_T201,12,full,256,65536,0.000223,127.122,651.1,660.9,26.387,343.0,114.02,114.02
2022062303_T201,12,zero-filled,70,17920,24.494701,26.304,178.8,185.7,26.273,341.6,114.02,81.83
2022062303_T201,13,full,256,65536,0.000226,125.925,655.4,666.3,26.211,340.7,97.69,97.69
2022062303_T201,13,zero-filled,70,17920,24.804300,25.127,180.6,188.5,26.011,338.1,97.69,81.26
2022062303_T201,14,full,256,65536,0.000234,126.483,651.0,660.5,26.391,343.1,101.33,101.33
2022062303_T201,14,zero-filled,70,17920,26.587315,25.366,179.3,186.3,26.200,340.6,101.33,78.71
2022062303_T201,15,full,256,65536,0.000241,127.097,649.9,659.5,26.433,343.6,102.84,102.84
2022062303_T201,15,zero-filled,70,17920,28.389197,25.659,178.3,185.0,26.349,342.5,102.84,62.93
2022062303_T201,16,full,256,65536,0.000248,127.836,654.8,664.9,26.237,341.1,110.28,110.28
2022062303_T201,16,zero-filled,70,17920,29.317761,26.397,181.0,188.3,25.958,337.5,110.28,84.68
2022062303_T201,17,full,256,65536,0.000250,126.683,650.7,661.7,26.401,343.2,94.32,94.32
2022062303_T201,17,zero-filled,70,17920,29.543143,25.245,179.6,186.8,26.161,340.1,94.32,68.12
2022062303_T202,0,full,256,65536,0.000233,127.174,665.8,1000.0,25.804,335.5,112.54,112.54
2022062303_T202,0,zero-filled,70,17920,26.633810,25.997,187.4,202.3,25.064,325.8,112.54,99.90
2022062303_T202,1,full,256,65536,0.000235,126.949,664.3,679.0,25.863,336.2,109.09,109.09
2022062303_T202,1,zero-filled,70,17920,26.090661,26.027,178.9,186.4,26.253,341.3,109.09,97.54
2022062303_T202,2,full,256,65536,0.000230,126.926,650.5,660.0,26.409,343.3,105.50,105.50
2022062303_T202,2,zero-filled,70,17920,26.236620,25.794,178.8,185.5,26.271,341.5,105.50,88.88
2022062303_T202,3,full,256,65536,0.000227,127.233,651.9,661.7,26.352,342.6,103.88,103.88
2022062303_T202,3,zero-filled,70,17920,26.010032,26.041,179.2,186.5,26.222,340.9,103.88,94.46
2022062303_T202,4,full,256,65536,0.000221,127.727,657.6,668.5,26.124,339.6,111.35,111.35
2022062303_T202,4,zero-filled,70,17920,26.059152,26.307,180.0,187.3,26.092,339.2,111.35,97.20
2022062303_T202,5,full,256,65536,0.000216,127.077,651.0,661.1,26.388,343.0,108.32,108.32
2022062303_T202,5,zero-filled,70,17920,25.277035,25.728,179.0,185.8,26.241,341.1,108.32,98.61
2022062303_T202,6,full,256,65536,0.000218,127.591,661.6,671.4,25.969,337.6,114.35,114.35
2022062303_T202,6,zero-filled,70,17920,26.652315,25.831,197.2,206.6,23.825,309.7,114.35,103.75
2022062303_T202,7,full,256,65536,0.000217,127.484,711.7,722.6,24.141,313.8,111.16,111.16
2022062303_T202,7,zero-filled,70,17920,26.844215,25.644,194.6,201.6,24.138,313.8,111.16,93.27
2022062303_T202,8,full,256,65536,0.000215,127.456,726.9,737.4,23.635,307.3,113.70,113.70
2022062303_T202,8,zero-filled,70,17920,25.835671,25.873,194.5,201.4,24.158,314.1,113.70,100.23
2022062303_T202,9,full,256,65536,0.000216,127.037,703.6,713.3,24.416,317.4,106.48,106.48
2022062303_T202,9,zero-filled,70,17920,24.895807,25.821,194.5,201.2,24.154,314.0,106.48,100.42
2022062303_T202,10,full,256,65536,0.000220,126.598,674.4,684.6,25.475,331.2,101.64,101.64
2022062303_T202,10,zero-filled,70,17920,25.594415,25.291,179.6,187.2,26.150,339.9,101.64,84.93
2022062303_T202,11,full,256,65536,0.000220,126.344,656.6,668.3,26.165,340.2,99.60,99.60
2022062303_T202,11,zero-filled,70,17920,24.985355,25.229,181.0,188.8,25.952,337.4,99.60,79.41
2022062303_T202,12,full,256,65536,0.000222,127.348,651.4,662.2,26.372,342.8,116.99,116.99
2022062303_T202,12,zero-filled,70,17920,24.398357,26.529,179.1,185.7,26.235,341.0,116.99,79.36
2022062303_T202,13,full,256,65536,0.000227,126.438,652.9,663.4,26.315,342.1,103.11,103.11
2022062303_T202,13,zero-filled,70,17920,24.940754,25.631,179.4,186.3,26.188,340.4,103.11,78.00
2022062303_T202,14,full,256,65536,0.000236,126.024,656.9,667.9,26.151,340.0,95.91,95.91
2022062303_T202,14,zero-filled,70,17920,26.780773,24.917,180.6,188.1,26.012,338.2,95.91,80.31
2022062303_T202,15,full,256,65536,0.000241,126.835,651.6,661.7,26.366,342.8,99.61,99.61
2022062303_T202,15,zero-filled,70,17920,28.290794,25.431,179.4,186.3,26.188,340.4,99.61,64.80
2022062303_T202,16,full,256,65536,0.000249,127.584,649.4,658.4,26.456,343.9,108.23,108.23
2022062303_T202,16,zero-filled,70,17920,29.179718,26.221,179.0,185.6,26.240,341.1,108.23,85.26
2022062303_T202,17,full,256,65536,0.000253,126.520,657.7,669.1,26.122,339.6,93.33,93.33
2022062303_T202,17,zero-filled,70,17920,29.614331,25.152,180.8,188.5,25.984,337.8,93.33,68.95
2022062303_T203,0,full,256,65536,0.000233,127.188,664.7,931.6,25.847,336.0,113.37,113.37
2022062303_T203,0,zero-filled,70,17920,26.548329,26.038,181.9,191.7,25.826,335.7,113.37,103.05
2022062303_T203,1,full,256,65536,0.000234,126.751,660.5,673.7,26.010,338.1,107.42,107.42
2022062303_T203,1,zero-filled,70,17920,25.903289,25.878,181.0,189.3,25.956,337.4,107.42,99.81
2022062303_T203,2,full,256,65536,0.000230,126.904,653.1,664.8,26.305,342.0,104.96,104.96
2022062303_T203,2,zero-filled,70,17920,26.297761,25.726,179.9,186.9,26.106,339.4,104.96,86.93
2022062303_T203,3,full,256,65536,0.000229,127.066,651.3,661.4,26.376,342.9,102.96,102.96
2022062303_T203,3,zero-filled,70,17920,26.027684,25.956,179.3,186.2,26.204,340.6,102.96,95.58
2022062303_T203,4,full,256,65536,0.000221,127.906,655.3,665.4,26.217,340.8,113.58,113.58
2022062303_T203,4,zero-filled,70,17920,26.129147,26.470,180.2,188.0,26.064,338.8,113.58,97.97
2022062303_T203,5,full,256,65536,0.000221,126.961,652.0,660.9,26.351,342.6,108.31,108.31
2022062303_T203,5,zero-filled,70,17920,25.477285,25.723,178.7,185.9,26.281,341.7,108.31,98.78
2022062303_T203,6,full,256,65536,0.000218,127.539,650.5,659.8,26.411,343.3,114.79,114.79
2022062303_T203,6,zero-filled,70,17920,26.491164,25.837,177.9,184.3,26.400,343.2,114.79,106.53
2022062303_T203,7,full,256,65536,0.000218,127.341,654.1,668.7,26.266,341.5,110.61,110.61
2022062303_T203,7,zero-filled,70,17920,26.904727,25.522,181.2,190.4,25.923,337.0,110.61,94.64
2022062303_T203,8,full,256,65536,0.000217,126.990,651.7,661.9,26.360,342.7,108.17,108.17
2022062303_T203,8,zero-filled,70,17920,26.019761,25.419,189.6,196.3,24.776,322.1,108.17,98.93
2022062303_T203,9,full,256,65536,0.000217,126.793,710.3,719.9,24.188,314.4,103.33,103.33
2022062303_T203,9,zero-filled,70,17920,24.995232,25.557,195.2,202.3,24.066,312.9,103.33,98.55
2022062303_T203,10,full,256,65536,0.000220,126.334,727.6,737.7,23.610,306.9,98.89,98.89
2022062303_T203,10,zero-filled,70,17920,25.471973,25.066,193.0,200.2,24.345,316.5,98.89,87.36
2022062303_T203,11,full,256,65536,0.000220,126.703,708.3,718.3,24.255,315.3,104.60,104.60
2022062303_T203,11,zero-filled,70,17920,25.079434,25.578,195.3,203.3,24.058,312.8,104.60,81.84
2022062303_T203,12,full,256,65536,0.000222,127.496,702.1,712.9,24.468,318.1,118.17,118.17
2022062303_T203,12,zero-filled,70,17920,24.537662,26.619,179.5,187.0,26.167,340.2,118.17,82.74
2022062303_T203,13,full,256,65536,0.000226,126.156,650.7,661.7,26.400,343.2,99.17,99.17
2022062303_T203,13,zero-filled,70,17920,24.865773,25.314,179.0,185.7,26.246,341.2,99.17,77.89
2022062303_T203,14,full,256,65536,0.000234,126.803,648.8,657.8,26.479,344.2,105.52,105.52
2022062303_T203,14,zero-filled,70,17920,26.746816,25.653,180.6,187.6,26.016,338.2,105.52,80.09
2022062303_T203,15,full,256,65536,0.000241,127.409,653.9,664.6,26.274,341.6,107.41,107.41
2022062303_T203,15,zero-filled,70,17920,28.264137,26.030,180.6,187.8,26.004,338.1,107.41,65.38
2022062303_T203,16,full,256,65536,0.000252,127.878,651.2,661.4,26.382,343.0,112.74,112.74
2022062303_T203,16,zero-filled,70,17920,29.377503,26.540,178.9,186.0,26.252,341.3,112.74,86.22
2022062303_T203,17,full,256,65536,0.000251,126.146,652.8,663.4,26.316,342.1,88.84,88.84
2022062303_T203,17,zero-filled,70,17920,29.503497,24.750,180.0,187.0,26.098,339.3,88.84,66.73
2022062501_FLAIR01,0,full,256,65536,0.000278,121.660,662.2,965.9,25.944,337.3,65.06,65.06
2022062501_FLAIR01,0,zero-filled,70,17920,26.052814,22.232,181.6,190.2,25.873,336.3,65.06,57.45
2022062501_FLAIR01,1,full,256,65536,0.000265,121.017,650.5,660.8,26.410,343.3,63.17,63.17
2022062501_FLAIR01,1,zero-filled,70,17920,22.981050,22.266,178.7,185.3,26.285,341.7,63.17,57.80
2022062501_FLAIR01,2,full,256,65536,0.000251,121.864,657.5,668.6,26.130,339.7,67.11,67.11
2022062501_FLAIR01,2,zero-filled,70,17920,22.772403,22.705,180.4,188.1,26.034,338.4,67.11,55.49
2022062501_FLAIR01,3,full,256,65536,0.000243,123.455,652.3,662.1,26.339,342.4,82.69,82.69
2022062501_FLAIR01,3,zero-filled,70,17920,21.666206,24.456,179.3,186.0,26.201,340.6,82.69,53.13
2022062501_FLAIR01,4,full,256,65536,0.000242,123.147,649.4,664.6,26.454,343.9,81.28,81.28
2022062501_FLAIR01,4,zero-filled,70,17920,21.648606,24.107,178.3,184.9,26.350,342.5,81.28,62.02
2022062501_FLAIR01,5,full,256,65536,0.000243,123.410,655.5,665.9,26.208,340.7,88.04,88.04
2022062501_FLAIR01,5,zero-filled,70,17920,21.726063,24.367,179.6,186.9,26.156,340.0,88.04,67.10
2022062501_FLAIR01,6,full,256,65536,0.000241,123.538,651.2,661.3,26.381,343.0,90.79,90.79
2022062501_FLAIR01,6,zero-filled,70,17920,22.059096,24.303,177.3,183.5,26.491,344.4,90.79,67.20
2022062501_FLAIR01,7,full,256,65536,0.000239,124.221,650.8,662.5,26.398,343.2,99.07,99.07
2022062501_FLAIR01,7,zero-filled,70,17920,21.833752,25.017,179.0,185.9,26.242,341.1,99.07,71.49
2022062501_FLAIR01,8,full,256,65536,0.000233,123.698,651.8,661.4,26.359,342.7,90.11,90.11
2022062501_FLAIR01,8,zero-filled,70,17920,21.821616,24.253,180.3,187.9,26.051,338.7,90.11,74.26
2022062501_FLAIR01,9,full,256,65536,0.000224,124.058,652.3,662.8,26.335,342.4,91.03,91.03
2022062501_FLAIR01,9,zero-filled,70,17920,21.402451,24.460,179.7,191.7,26.140,339.8,91.03,70.08
2022062501_FLAIR01,10,full,256,65536,0.000222,124.951,650.7,660.4,26.403,343.2,98.04,98.04
2022062501_FLAIR01,10,zero-filled,70,17920,22.059772,24.997,179.2,186.2,26.219,340.9,98.04,72.23
2022062501_FLAIR01,11,full,256,65536,0.000218,124.431,649.0,659.3,26.471,344.1,89.62,89.62
2022062501_FLAIR01,11,zero-filled,70,17920,22.481133,24.176,177.9,184.6,26.403,343.2,89.62,66.69
2022062501_FLAIR01,12,full,256,65536,0.000217,125.268,653.8,663.7,26.278,341.6,95.96,95.96
2022062501_FLAIR01,12,zero-filled,70,17920,23.267259,24.643,181.3,190.0,25.915,336.9,95.96,73.70
2022062501_FLAIR01,13,full,256,65536,0.000214,126.622,660.4,672.6,26.013,338.2,108.84,108.84
2022062501_FLAIR01,13,zero-filled,70,17920,23.602492,25.788,179.4,187.0,26.187,340.4,108.84,90.46
2022062501_FLAIR01,14,full,256,65536,0.000215,126.163,651.6,661.8,26.366,342.8,100.81,100.81
2022062501_FLAIR01,14,zero-filled,70,17920,24.046042,25.174,179.0,186.1,26.240,341.1,100.81,95.00
2022062501_FLAIR01,15,full,256,65536,0.000219,127.173,651.1,660.4,26.387,343.0,109.80,109.80
2022062501_FLAIR01,15,zero-filled,70,17920,25.196987,25.935,179.7,186.5,26.138,339.8,109.80,100.73
2022062501_FLAIR01,16,full,256,65536,0.000224,127.218,666.9,680.5,25.760,334.9,109.07,109.07
2022062501_FLAIR01,16,zero-filled,70,17920,27.129707,25.546,182.7,192.4,25.707,334.2,109.07,99.51
2022062501_FLAIR01,17,full,256,65536,0.000226,126.976,654.9,666.5,26.231,341.0,106.12,106.12
2022062501_FLAIR01,17,zero-filled,70,17920,27.987289,25.101,180.2,187.4,26.070,338.9,106.12,85.49
2022062501_FLAIR02,0,full,256,65536,0.000276,121.281,668.2,1042.4,25.710,334.2,61.15,61.15
2022062501_FLAIR02,0,zero-filled,70,17920,25.885607,21.838,183.1,194.1,25.652,333.5,61.15,55.06
2022062501_FLAIR02,1,full,256,65536,0.000267,121.427,665.7,682.2,25.809,335.5,66.41,66.41
2022062501_FLAIR02,1,zero-filled,70,17920,22.852043,22.782,181.6,191.1,25.869,336.3,66.41,57.15
2022062501_FLAIR02,2,full,256,65536,0.000251,121.613,655.9,666.2,26.193,340.5,63.42,63.42
2022062501_FLAIR02,2,zero-filled,70,17920,23.293384,22.266,180.3,187.7,26.055,338.7,63.42,55.30
2022062501_FLAIR02,3,full,256,65536,0.000245,123.365,653.9,664.9,26.273,341.5,81.70,81.70
2022062501_FLAIR02,3,zero-filled,70,17920,21.643141,24.434,180.8,188.8,25.977,337.7,81.70,53.82
2022062501_FLAIR02,4,full,256,65536,0.000242,122.702,653.7,664.5,26.282,341.7,75.41,75.41
2022062501_FLAIR02,4,zero-filled,70,17920,21.960958,23.538,179.5,186.4,26.168,340.2,75.41,56.34
2022062501_FLAIR02,5,full,256,65536,0.000241,122.948,652.4,663.1,26.332,342.3,82.35,82.35
2022062501_FLAIR02,5,zero-filled,70,17920,21.725633,23.848,179.2,186.0,26.215,340.8,82.35,65.84
2022062501_FLAIR02,6,full,256,65536,0.000242,123.433,652.1,662.8,26.345,342.5,88.00,88.00
2022062501_FLAIR02,6,zero-filled,70,17920,22.323528,24.142,180.0,187.6,26.093,339.2,88.00,66.06
2022062501_FLAIR02,7,full,256,65536,0.000236,124.036,655.1,666.0,26.225,340.9,95.25,95.25
2022062501_FLAIR02,7,zero-filled,70,17920,21.695790,24.767,179.0,186.5,26.243,341.2,95.25,70.69
2022062501_FLAIR02,8,full,256,65536,0.000235,124.238,652.9,662.6,26.312,342.1,95.62,95.62
2022062501_FLAIR02,8,zero-filled,70,17920,21.958687,24.829,179.3,186.7,26.200,340.6,95.62,71.69
2022062501_FLAIR02,9,full,256,65536,0.000226,124.181,652.1,662.3,26.347,342.5,92.94,92.94
2022062501_FLAIR02,9,zero-filled,70,17920,21.318005,24.704,193.3,200.8,24.306,316.0,92.94,69.10
2022062501_FLAIR02,10,full,256,65536,0.000222,124.802,713.8,725.0,24.069,312.9,94.29,94.29
2022062501_FLAIR02,10,zero-filled,70,17920,22.279090,24.770,196.3,203.8,23.926,311.0,94.29,67.55
2022062501_FLAIR02,11,full,256,65536,0.000220,124.680,739.9,750.1,23.218,301.8,91.64,91.64
2022062501_FLAIR02,11,zero-filled,70,17920,22.652610,24.418,193.8,200.7,24.238,315.1,91.64,67.31
2022062501_FLAIR02,12,full,256,65536,0.000219,125.195,707.3,722.7,24.290,315.8,94.94,94.94
2022062501_FLAIR02,12,zero-filled,70,17920,23.236149,24.672,195.1,203.0,24.080,313.0,94.94,68.11
2022062501_FLAIR02,13,full,256,65536,0.000215,125.765,694.9,705.6,24.722,321.4,97.60,97.60
2022062501_FLAIR02,13,zero-filled,70,17920,23.749040,24.911,181.0,189.2,25.956,337.4,97.60,85.02
2022062501_FLAIR02,14,full,256,65536,0.000216,126.156,656.7,667.5,26.162,340.1,99.75,99.75
2022062501_FLAIR02,14,zero-filled,70,17920,24.136733,25.177,180.6,188.1,26.012,338.2,99.75,91.99
2022062501_FLAIR02,15,full,256,65536,0.000219,126.889,653.7,663.8,26.282,341.7,104.85,104.85
2022062501_FLAIR02,15,zero-filled,70,17920,25.446718,25.594,179.5,186.6,26.166,340.2,104.85,102.04
2022062501_FLAIR02,16,full,256,65536,0.000224,126.951,655.9,668.2,26.193,340.5,105.64,105.64
2022062501_FLAIR02,16,zero-filled,70,17920,26.916289,25.342,181.1,190.0,25.939,337.2,105.64,99.13
2022062501_FLAIR02,17,full,256,65536,0.000227,127.151,656.0,669.1,26.190,340.5,106.69,106.69
2022062501_FLAIR02,17,zero-filled,70,17920,28.043320,25.297,180.7,188.3,25.992,337.9,106.69,87.75
2022062501_T101,0,full,256,65536,0.000264,122.590,661.6,957.3,25.967,337.6,73.88,73.88
2022062501_T101,0,zero-filled,70,17920,24.257009,23.323,182.7,192.7,25.710,334.2,73.88,53.45
2022062501_T101,1,full,256,65536,0.000249,123.755,665.3,678.8,25.821,335.7,76.48,76.48
2022062501_T101,1,zero-filled,70,17920,25.004923,23.718,181.2,189.5,25.925,337.0,76.48,49.74
2022062501_T101,2,full,256,65536,0.000241,123.389,654.2,664.9,26.261,341.4,76.88,76.88
2022062501_T101,2,zero-filled,70,17920,23.602525,23.555,179.2,186.7,26.216,340.8,76.88,56.20
2022062501_T101,3,full,256,65536,0.000236,124.679,652.8,663.2,26.316,342.1,90.47,90.47
2022062501_T101,3,zero-filled,70,17920,23.252947,24.804,180.2,187.3,26.062,338.8,90.47,58.15
2022062501_T101,4,full,256,65536,0.000232,123.753,658.8,669.7,26.079,339.0,86.51,86.51
2022062501_T101,4,zero-filled,70,17920,22.418956,24.037,179.7,187.2,26.145,339.9,86.51,67.43
2022062501_T101,5,full,256,65536,0.000230,124.847,652.8,663.7,26.318,342.1,99.24,99.24
2022062501_T101,5,zero-filled,70,17920,22.876002,24.904,179.8,186.8,26.128,339.7,99.24,62.69
2022062501_T101,6,full,256,65536,0.000233,124.806,651.4,661.3,26.373,342.9,103.95,103.95
2022062501_T101,6,zero-filled,70,17920,22.879673,24.966,178.8,185.8,26.268,341.5,103.95,70.81
2022062501_T101,7,full,256,65536,0.000230,125.349,659.1,670.3,26.064,338.8,107.33,107.33
2022062501_T101,7,zero-filled,70,17920,23.199849,25.273,180.6,188.6,26.011,338.1,107.33,73.24
2022062501_T101,8,full,256,65536,0.000225,125.047,652.9,663.3,26.314,342.1,105.19,105.19
2022062501_T101,8,zero-filled,70,17920,22.412863,25.076,180.1,187.6,26.080,339.0,105.19,75.31
2022062501_T101,9,full,256,65536,0.000223,125.500,655.7,666.5,26.202,340.6,106.00,106.00
2022062501_T101,9,zero-filled,70,17920,23.370367,25.101,179.8,187.1,26.133,339.7,106.00,69.54
2022062501_T101,10,full,256,65536,0.000219,125.689,656.6,666.7,26.164,340.1,107.21,107.21
2022062501_T101,10,zero-filled,70,17920,23.462961,25.072,181.1,189.8,25.940,337.2,107.21,75.22
2022062501_T101,11,full,256,65536,0.000215,126.277,654.6,665.0,26.245,341.2,110.33,110.33
2022062501_T101,11,zero-filled,70,17920,23.788867,25.391,180.9,189.3,25.964,337.5,110.33,77.37
2022062501_T101,12,full,256,65536,0.000212,126.644,651.7,663.2,26.361,342.7,114.13,114.13
2022062501_T101,12,zero-filled,70,17920,24.652303,25.342,178.7,185.7,26.281,341.7,114.13,79.10
2022062501_T101,13,full,256,65536,0.000212,127.922,652.0,661.4,26.351,342.6,125.88,125.88
2022062501_T101,13,zero-filled,70,17920,25.218287,26.396,179.6,186.8,26.161,340.1,125.88,101.35
2022062501_T101,14,full,256,65536,0.000209,128.000,655.8,666.5,26.199,340.6,126.93,126.93
2022062501_T101,14,zero-filled,70,17920,25.277553,26.352,181.7,190.9,25.848,336.0,126.93,109.92
2022062501_T101,15,full,256,65536,0.000212,128.838,657.9,668.9,26.114,339.5,137.31,137.31
2022062501_T101,15,zero-filled,70,17920,26.082344,27.037,180.3,187.5,26.060,338.8,137.31,118.28
2022062501_T101,16,full,256,65536,0.000212,128.306,653.2,663.0,26.302,341.9,132.15,132.15
2022062501_T101,16,zero-filled,70,17920,26.803134,26.287,179.5,186.5,26.177,340.3,132.15,114.97
2022062501_T101,17,full,256,65536,0.000213,128.052,651.3,660.9,26.378,342.9,130.91,130.91
2022062501_T101,17,zero-filled,70,17920,27.493407,25.848,180.5,187.6,26.026,338.3,130.91,99.70
2022062501_T102,0,full,256,65536,0.000265,122.878,661.8,943.0,25.958,337.4,75.18,75.18
2022062501_T102,0,zero-filled,70,17920,24.473399,23.579,181.1,190.5,25.942,337.2,75.18,53.61
2022062501_T102,1,full,256,65536,0.000245,124.051,665.9,678.3,25.800,335.4,77.05,77.05
2022062501_T102,1,zero-filled,70,17920,25.342264,23.755,180.1,188.3,26.088,339.1,77.05,48.18
2022062501_T102,2,full,256,65536,0.000241,123.473,659.0,671.6,26.068,338.9,76.72,76.72
2022062501_T102,2,zero-filled,70,17920,23.888796,23.567,180.4,188.3,26.044,338.6,76.72,51.90
2022062501_T102,3,full,256,65536,0.000234,124.245,655.9,667.2,26.194,340.5,84.79,84.79
2022062501_T102,3,zero-filled,70,17920,23.340964,24.276,180.5,188.2,26.023,338.3,84.79,56.99
2022062501_T102,4,full,256,65536,0.000231,123.933,653.9,663.5,26.274,341.6,86.65,86.65
2022062501_T102,4,zero-filled,70,17920,22.639828,24.099,191.6,198.1,24.523,318.8,86.65,65.36
2022062501_T102,5,full,256,65536,0.000232,124.938,715.1,726.3,24.025,312.3,98.85,98.85
2022062501_T102,5,zero-filled,70,17920,23.267134,24.895,195.1,202.8,24.076,313.0,98.85,64.91
2022062501_T102,6,full,256,65536,0.000232,124.988,737.9,748.0,23.281,302.6,104.07,104.07
2022062501_T102,6,zero-filled,70,17920,22.953894,25.066,194.1,201.0,24.197,314.6,104.07,72.53
2022062501_T102,7,full,256,65536,0.000233,125.199,709.2,719.9,24.224,314.9,105.20,105.20
2022062501_T102,7,zero-filled,70,17920,23.499898,25.135,194.2,201.4,24.187,314.4,105.20,67.12
2022062501_T102,8,full,256,65536,0.000228,124.854,693.9,705.5,24.757,321.8,103.38,103.38
2022062501_T102,8,zero-filled,70,17920,22.595186,24.940,180.3,187.9,26.051,338.7,103.38,74.07
2022062501_T102,9,full,256,65536,0.000225,125.544,654.8,665.4,26.237,341.1,106.50,106.50
2022062501_T102,9,zero-filled,70,17920,23.399333,25.202,179.5,186.4,26.164,340.1,106.50,71.38
2022062501_T102,10,full,256,65536,0.000219,125.566,651.9,661.9,26.352,342.6,105.47,105.47
2022062501_T102,10,zero-filled,70,17920,23.502910,24.967,179.7,186.4,26.141,339.8,105.47,73.39
2022062501_T102,11,full,256,65536,0.000215,125.819,659.3,670.5,26.059,338.8,104.31,104.31
2022062501_T102,11,zero-filled,70,17920,23.832210,24.943,180.1,187.9,26.078,339.0,104.31,75.89
2022062501_T102,12,full,256,65536,0.000214,126.745,655.4,665.4,26.212,340.8,115.71,115.71
2022062501_T102,12,zero-filled,70,17920,24.567790,25.526,180.2,187.8,26.067,338.9,115.71,79.86
2022062501_T102,13,full,256,65536,0.000215,127.928,652.8,664.2,26.315,342.1,127.62,127.62
2022062501_T102,13,zero-filled,70,17920,25.412076,26.461,179.8,186.7,26.125,339.6,127.62,97.01
2022062501_T102,14,full,256,65536,0.000212,128.168,651.8,661.7,26.359,342.7,130.90,130.90
2022062501_T102,14,zero-filled,70,17920,25.233279,26.648,178.8,186.1,26.269,341.5,130.90,110.37
2022062501_T102,15,full,256,65536,0.000212,128.656,663.1,676.5,25.908,336.8,134.02,134.02
2022062501_T102,15,zero-filled,70,17920,26.011937,26.861,181.3,190.2,25.916,336.9,134.02,114.83
2022062501_T102,16,full,256,65536,0.000212,128.609,657.0,669.0,26.148,339.9,136.18,136.18
2022062501_T102,16,zero-filled,70,17920,26.848266,26.575,180.3,187.7,26.057,338.7,136.18,115.37
2022062501_T102,17,full,256,65536,0.000215,128.141,649.2,658.9,26.462,344.0,132.11,132.11
2022062501_T102,17,zero-filled,70,17920,27.698374,25.929,178.8,186.1,26.272,341.5,132.11,100.37
2022062501_T103,0,full,256,65536,0.000264,122.729,661.7,970.9,25.965,337.5,76.01,76.01
2022062501_T103,0,zero-filled,70,17920,23.898597,23.607,180.0,189.0,26.100,339.3,76.01,56.56
2022062501_T103,1,full,256,65536,0.000253,123.553,658.3,671.0,26.097,339.3,77.49,77.49
2022062501_T103,1,zero-filled,70,17920,24.836296,23.701,181.4,189.4,25.896,336.6,77.49,49.94
2022062501_T103,2,full,256,65536,0.000241,123.411,655.1,665.3,26.227,340.9,78.61,78.61
2022062501_T103,2,zero-filled,70,17920,23.318558,23.702,180.6,188.2,26.012,338.2,78.61,52.89
2022062501_T103,3,full,256,65536,0.000234,123.705,658.0,669.8,26.110,339.4,81.58,81.58
2022062501_T103,3,zero-filled,70,17920,22.961544,23.852,179.6,186.7,26.156,340.0,81.58,58.41
2022062501_T103,4,full,256,65536,0.000231,123.869,650.8,660.2,26.399,343.2,88.63,88.63
2022062501_T103,4,zero-filled,70,17920,22.054359,24.253,178.3,184.8,26.350,342.6,88.63,67.39
2022062501_T103,5,full,256,65536,0.000230,124.320,652.6,662.8,26.323,342.2,94.89,94.89
2022062501_T103,5,zero-filled,70,17920,22.622415,24.475,179.2,186.0,26.215,340.8,94.89,66.88
2022062501_T103,6,full,256,65536,0.000231,125.310,658.4,669.8,26.092,339.2,111.91,111.91
2022062501_T103,6,zero-filled,70,17920,22.457453,25.567,180.8,188.5,25.980,337.7,111.91,75.29
2022062501_T103,7,full,256,65536,0.000233,125.128,653.6,663.8,26.286,341.7,107.61,107.61
2022062501_T103,7,zero-filled,70,17920,23.075770,25.219,179.9,187.0,26.109,339.4,107.61,69.36
2022062501_T103,8,full,256,65536,0.000223,125.323,654.1,664.0,26.265,341.4,109.47,109.47
2022062501_T103,8,zero-filled,70,17920,22.073775,25.403,179.6,186.9,26.150,339.9,109.47,74.67
2022062501_T103,9,full,256,65536,0.000221,125.477,659.6,671.1,26.046,338.6,106.73,106.73
2022062501_T103,9,zero-filled,70,17920,22.954845,25.159,180.4,188.6,26.035,338.4,106.73,72.96
2022062501_T103,10,full,256,65536,0.000215,125.552,653.7,664.1,26.281,341.6,105.51,105.51
2022062501_T103,10,zero-filled,70,17920,23.172823,24.905,180.1,187.2,26.080,339.0,105.51,71.47
2022062501_T103,11,full,256,65536,0.000212,125.633,653.0,663.3,26.310,342.0,102.82,102.82
2022062501_T103,11,zero-filled,70,17920,23.391276,24.798,179.6,186.7,26.150,339.9,102.82,75.98
2022062501_T103,12,full,256,65536,0.000209,126.772,653.9,664.7,26.274,341.6,116.28,116.28
2022062501_T103,12,zero-filled,70,17920,24.224131,25.497,180.8,189.6,25.985,337.8,116.28,82.76
2022062501_T103,13,full,256,65536,0.000210,127.946,656.4,666.9,26.172,340.2,127.68,127.68
2022062501_T103,13,zero-filled,70,17920,24.955395,26.441,179.0,186.2,26.248,341.2,127.68,99.73
2022062501_T103,14,full,256,65536,0.000210,128.043,653.7,665.0,26.280,341.6,130.82,130.82
2022062501_T103,14,zero-filled,70,17920,24.757215,26.617,179.3,186.9,26.194,340.5,130.82,112.37
2022062501_T103,15,full,256,65536,0.000211,128.680,653.2,662.0,26.302,341.9,137.64,137.64
2022062501_T103,15,zero-filled,70,17920,25.590278,27.021,179.4,186.5,26.190,340.5,137.64,118.03
2022062501_T103,16,full,256,65536,0.000212,128.519,657.2,668.7,26.140,339.8,137.64,137.64
2022062501_T103,16,zero-filled,70,17920,26.433433,26.610,181.1,189.3,25.938,337.2,137.64,118.59
2022062501_T103,17,full,256,65536,0.000212,128.330,652.2,665.3,26.340,342.4,136.66,136.66
2022062501_T103,17,zero-filled,70,17920,27.283913,26.156,179.7,187.4,26.136,339.8,136.66,104.01
2022062501_T201,0,full,256,65536,0.000266,127.031,664.9,929.5,25.840,335.9,100.46,100.47
2022062501_T201,0,zero-filled,70,17920,29.822069,26.033,181.7,192.9,25.855,336.1,100.46,85.27
2022062501_T201,1,full,256,65536,0.000262,126.802,663.8,680.9,25.883,336.5,96.10,96.10
2022062501_T201,1,zero-filled,70,17920,29.098488,25.902,180.6,189.2,26.015,338.2,96.10,77.06
2022062501_T201,2,full,256,65536,0.000256,126.862,655.2,665.6,26.219,340.9,98.39,98.39
2022062501_T201,2,zero-filled,70,17920,28.230692,26.019,179.6,187.0,26.152,340.0,98.39,73.70
2022062501_T201,3,full,256,65536,0.000255,126.021,651.7,661.1,26.362,342.7,89.56,89.56
2022062501_T201,3,zero-filled,70,17920,27.614035,25.319,179.5,186.6,26.171,340.2,89.56,77.67
2022062501_T201,4,full,256,65536,0.000252,126.416,653.9,665.4,26.273,341.5,92.94,92.94
2022062501_T201,4,zero-filled,70,17920,27.618996,25.636,180.5,188.4,26.032,338.4,92.94,74.24
2022062501_T201,5,full,256,65536,0.000254,126.687,654.5,666.3,26.250,341.2,100.17,100.17
2022062501_T201,5,zero-filled,70,17920,27.169329,26.103,180.7,189.2,26.002,338.0,100.17,74.71
2022062501_T201,6,full,256,65536,0.000253,126.634,654.9,667.4,26.235,341.1,105.14,105.14
2022062501_T201,6,zero-filled,70,17920,27.496957,25.902,195.6,204.8,24.017,312.2,105.14,89.34
2022062501_T201,7,full,256,65536,0.000248,126.578,660.6,673.8,26.006,338.1,104.43,104.43
2022062501_T201,7,zero-filled,70,17920,27.251978,25.773,183.7,193.5,25.574,332.5,104.43,82.95
2022062501_T201,8,full,256,65536,0.000244,126.572,656.3,668.4,26.176,340.3,102.88,102.88
2022062501_T201,8,zero-filled,70,17920,26.575646,25.834,179.9,187.1,26.119,339.5,102.88,79.66
2022062501_T201,9,full,256,65536,0.000239,126.380,654.0,664.4,26.269,341.5,97.53,97.53
2022062501_T201,9,zero-filled,70,17920,25.769023,25.727,188.1,195.1,24.971,324.6,97.53,77.13
2022062501_T201,10,full,256,65536,0.000232,126.246,717.0,727.4,23.962,311.5,93.21,93.21
2022062501_T201,10,zero-filled,70,17920,25.589371,25.380,196.4,204.4,23.916,310.9,93.21,80.90
2022062501_T201,11,full,256,65536,0.000229,126.297,742.4,753.1,23.140,300.8,93.61,93.61
2022062501_T201,11,zero-filled,70,17920,25.627533,25.332,193.3,200.4,24.303,315.9,93.61,76.40
2022062501_T201,12,full,256,65536,0.000222,125.961,710.9,721.1,24.165,314.1,92.24,92.24
2022062501_T201,12,zero-filled,70,17920,25.616856,24.723,195.7,202.8,24.001,312.0,92.24,84.11
2022062501_T201,13,full,256,65536,0.000220,126.084,693.1,703.5,24.787,322.2,92.53,92.53
2022062501_T201,13,zero-filled,70,17920,25.602425,24.755,181.4,189.3,25.893,336.6,92.53,85.30
2022062501_T201,14,full,256,65536,0.000218,126.713,652.6,663.4,26.327,342.2,97.88,97.88
2022062501_T201,14,zero-filled,70,17920,25.884453,25.207,178.3,185.1,26.344,342.5,97.88,88.19
2022062501_T201,15,full,256,65536,0.000223,127.851,651.1,660.5,26.385,343.0,104.13,104.13
2022062501_T201,15,zero-filled,70,17920,28.673490,25.667,178.9,185.5,26.265,341.4,104.13,85.54
2022062501_T201,16,full,256,65536,0.000227,128.750,651.8,661.5,26.357,342.6,110.44,110.44
2022062501_T201,16,zero-filled,70,17920,31.475630,25.911,179.6,186.3,26.153,340.0,110.44,69.54
2022062501_T201,17,full,256,65536,0.000231,127.474,655.9,666.7,26.191,340.5,96.11,96.11
2022062501_T201,17,zero-filled,70,17920,31.087119,24.896,180.5,187.9,26.024,338.3,96.11,75.29
2022062501_T202,0,full,256,65536,0.000266,126.904,667.3,1030.7,25.744,334.7,101.30,101.30
2022062501_T202,0,zero-filled,70,17920,29.165559,26.102,179.9,189.2,26.111,339.4,101.30,85.58
2022062501_T202,1,full,256,65536,0.000265,126.728,665.7,679.9,25.808,335.5,95.91,95.91
2022062501_T202,1,zero-filled,70,17920,29.074375,25.929,182.2,192.6,25.781,335.2,95.91,74.88
2022062501_T202,2,full,256,65536,0.000256,126.923,655.6,667.6,26.204,340.7,97.19,97.19
2022062501_T202,2,zero-filled,70,17920,28.498765,25.984,179.9,187.0,26.111,339.4,97.19,75.90
2022062501_T202,3,full,256,65536,0.000252,126.315,653.2,663.0,26.303,341.9,90.35,90.35
2022062501_T202,3,zero-filled,70,17920,28.051763,25.376,179.5,186.2,26.170,340.2,90.35,79.88
2022062501_T202,4,full,256,65536,0.000254,126.547,652.5,667.3,26.330,342.3,96.01,96.01
2022062501_T202,4,zero-filled,70,17920,27.584791,25.832,179.5,186.6,26.174,340.3,96.01,76.53
2022062501_T202,5,full,256,65536,0.000254,126.413,657.0,667.4,26.150,340.0,97.39,97.39
2022062501_T202,5,zero-filled,70,17920,27.260151,25.788,178.5,185.5,26.322,342.2,97.39,72.14
2022062501_T202,6,full,256,65536,0.000251,126.503,652.7,664.5,26.320,342.2,104.81,104.81
2022062501_T202,6,zero-filled,70,17920,26.814263,25.932,179.3,186.4,26.194,340.5,104.81,87.34
2022062501_T202,7,full,256,65536,0.000250,126.297,653.3,663.7,26.296,341.8,101.86,101.86
2022062501_T202,7,zero-filled,70,17920,27.134628,25.585,179.9,187.2,26.113,339.5,101.86,82.77
2022062501_T202,8,full,256,65536,0.000245,127.023,656.2,667.3,26.180,340.3,107.44,107.44
2022062501_T202,8,zero-filled,70,17920,26.719242,26.265,180.8,188.5,25.982,337.8,107.44,79.76
2022062501_T202,9,full,256,65536,0.000240,126.895,652.9,663.0,26.313,342.1,104.40,104.40
2022062501_T202,9,zero-filled,70,17920,25.640516,26.310,179.2,186.0,26.212,340.8,104.40,79.77
2022062501_T202,10,full,256,65536,0.000233,126.184,653.7,663.9,26.279,341.6,93.69,93.69
2022062501_T202,10,zero-filled,70,17920,25.184697,25.510,179.0,185.7,26.242,341.1,93.69,79.49
2022062501_T202,11,full,256,65536,0.000228,125.661,657.5,668.3,26.129,339.7,86.70,86.70
2022062501_T202,11,zero-filled,70,17920,25.596140,24.657,181.0,188.9,25.961,337.5,86.70,73.46
2022062501_T202,12,full,256,65536,0.000224,125.289,652.6,662.8,26.325,342.2,86.25,86.25
2022062501_T202,12,zero-filled,70,17920,25.429759,24.198,178.8,186.0,26.277,341.6,86.25,84.95
2022062501_T202,13,full,256,65536,0.000219,125.991,651.4,663.3,26.375,342.9,91.30,91.30
2022062501_T202,13,zero-filled,70,17920,25.495452,24.664,184.6,191.8,25.445,330.8,91.30,82.68
2022062501_T202,14,full,256,65536,0.000218,127.046,658.8,671.2,26.078,339.0,102.58,102.58
2022062501_T202,14,zero-filled,70,17920,25.890246,25.559,206.1,215.4,22.790,296.3,102.58,86.56
2022062501_T202,15,full,256,65536,0.000221,127.329,656.4,667.6,26.173,340.2,98.02,98.02
2022062501_T202,15,zero-filled,70,17920,28.438674,25.147,181.4,189.2,25.893,336.6,98.02,83.53
2022062501_T202,16,full,256,65536,0.000226,128.320,653.9,664.5,26.275,341.6,105.00,105.00
2022062501_T202,16,zero-filled,70,17920,31.276012,25.496,188.6,195.7,24.908,323.8,105.00,69.08
2022062501_T202,17,full,256,65536,0.000231,127.491,652.0,661.9,26.347,342.5,95.32,95.32
2022062501_T202,17,zero-filled,70,17920,31.291391,24.870,222.8,230.5,21.085,274.1,95.32,74.85
2022062501_T203,0,full,256,65536,0.000268,126.987,659.3,960.1,26.056,338.7,101.29,101.29
2022062501_T203,0,zero-filled,70,17920,29.864590,26.050,181.5,190.5,25.883,336.5,101.29,85.81
2022062501_T203,1,full,256,65536,0.000262,126.362,652.8,664.5,26.316,342.1,91.84,91.84
2022062501_T203,1,zero-filled,70,17920,28.570451,25.612,179.6,187.7,26.158,340.0,91.84,72.95
2022062501_T203,2,full,256,65536,0.000257,127.032,689.7,720.2,24.908,323.8,99.40,99.40
2022062501_T203,2,zero-filled,70,17920,28.409461,26.167,213.3,229.0,22.025,286.3,99.40,79.92
2022062501_T203,3,full,256,65536,0.000254,126.125,722.8,742.3,23.770,309.0,89.38,89.37
2022062501_T203,3,zero-filled,70,17920,27.763571,25.336,197.8,213.1,23.749,308.7,89.38,77.30
2022062501_T203,4,full,256,65536,0.000252,126.384,746.4,766.3,23.016,299.2,93.89,93.90
2022062501_T203,4,zero-filled,70,17920,27.205974,25.726,200.6,220.4,23.414,304.4,93.89,74.53
2022062501_T203,5,full,256,65536,0.000254,126.455,721.0,746.6,23.827,309.8,95.75,95.75
2022062501_T203,5,zero-filled,70,17920,27.917213,25.619,197.1,210.5,23.834,309.8,95.75,74.35
2022062501_T203,6,full,256,65536,0.000251,126.550,691.3,713.4,24.852,323.1,102.80,102.80
2022062501_T203,6,zero-filled,70,17920,27.355756,25.812,185.6,198.2,25.306,329.0,102.80,84.69
2022062501_T203,7,full,256,65536,0.000247,126.456,674.2,693.6,25.482,331.3,103.51,103.51
2022062501_T203,7,zero-filled,70,17920,26.987044,25.700,187.5,205.1,25.050,325.7,103.51,82.15
2022062501_T203,8,full,256,65536,0.000243,126.895,675.2,694.0,25.443,330.8,106.08,106.08
2022062501_T203,8,zero-filled,70,17920,26.661610,26.099,185.4,198.3,25.333,329.3,106.08,81.64
2022062501_T203,9,full,256,65536,0.000240,127.059,673.4,693.1,25.510,331.6,105.98,105.98
2022062501_T203,9,zero-filled,70,17920,25.781628,26.455,184.6,196.8,25.447,330.8,105.98,82.00
2022062501_T203,10,full,256,65536,0.000233,125.828,669.0,685.4,25.679,333.8,88.59,88.59
2022062501_T203,10,zero-filled,70,17920,25.529293,25.022,184.0,195.4,25.530,331.9,88.59,80.62
2022062501_T203,11,full,256,65536,0.000229,125.992,658.3,671.0,26.097,339.3,89.80,89.80
2022062501_T203,11,zero-filled,70,17920,25.845241,24.937,182.4,191.2,25.760,334.9,89.80,74.41
2022062501_T203,12,full,256,65536,0.000222,125.619,662.2,675.3,25.943,337.3,88.40,88.40
2022062501_T203,12,zero-filled,70,17920,25.510621,24.416,181.8,191.1,25.843,336.0,88.40,84.42
2022062501_T203,13,full,256,65536,0.000220,125.932,666.6,681.8,25.774,335.1,90.80,90.80
2022062501_T203,13,zero-filled,70,17920,25.539184,24.629,182.8,192.4,25.692,334.0,90.80,82.44
2022062501_T203,14,full,256,65536,0.000218,127.333,655.5,668.9,26.209,340.7,105.35,105.35
2022062501_T203,14,zero-filled,70,17920,25.909656,25.823,180.2,188.4,26.067,338.9,105.35,84.98
2022062501_T203,15,full,256,65536,0.000223,127.130,651.3,664.3,26.378,342.9,96.60,96.60
2022062501_T203,15,zero-filled,70,17920,28.392837,25.049,179.0,186.8,26.243,341.2,96.60,83.55
2022062501_T203,16,full,256,65536,0.000230,128.717,653.4,665.2,26.292,341.8,110.58,110.58
2022062501_T203,16,zero-filled,70,17920,31.737566,25.922,181.0,189.2,25.960,337.5,110.58,71.39
2022062501_T203,17,full,256,65536,0.000230,127.436,658.9,672.6,26.075,339.0,94.92,94.92
2022062501_T203,17,zero-filled,70,17920,31.172559,24.808,182.3,191.0,25.765,334.9,94.92,73.45
2022062604_FLAIR01,0,full,256,65536,0.000242,124.438,710.3,1289.2,24.186,314.4,85.35,85.35
2022062604_FLAIR01,0,zero-filled,70,17920,25.193802,24.093,196.4,209.2,23.920,311.0,85.35,59.55
2022062604_FLAIR01,1,full,256,65536,0.000238,124.056,706.2,719.7,24.328,316.3,90.00,90.00
2022062604_FLAIR01,1,zero-filled,70,17920,22.979355,24.343,193.4,201.9,24.283,315.7,90.00,67.03
2022062604_FLAIR01,2,full,256,65536,0.000236,123.410,663.5,678.1,25.892,336.6,84.88,84.88
2022062604_FLAIR01,2,zero-filled,70,17920,22.528764,23.809,182.4,193.7,25.753,334.8,84.88,73.78
2022062604_FLAIR01,3,full,256,65536,0.000233,123.186,673.4,690.6,25.511,331.6,85.17,85.17
2022062604_FLAIR01,3,zero-filled,70,17920,21.643192,23.820,186.8,201.6,25.150,326.9,85.17,73.86
2022062604_FLAIR01,4,full,256,65536,0.000229,124.467,665.6,683.2,25.811,335.5,97.69,97.69
2022062604_FLAIR01,4,zero-filled,70,17920,21.749836,24.920,182.0,193.5,25.810,335.5,97.69,80.02
2022062604_FLAIR01,5,full,256,65536,0.000223,125.949,662.7,676.3,25.922,337.0,116.01,116.01
2022062604_FLAIR01,5,zero-filled,70,17920,21.284879,26.358,182.8,192.9,25.703,334.1,116.01,82.08
2022062604_FLAIR01,6,full,256,65536,0.000223,125.126,659.7,675.6,26.043,338.6,104.37,104.37
2022062604_FLAIR01,6,zero-filled,70,17920,22.224552,25.137,179.2,189.0,26.211,340.7,104.37,90.75
2022062604_FLAIR01,7,full,256,65536,0.000225,125.370,660.8,675.7,26.000,338.0,108.58,108.58
2022062604_FLAIR01,7,zero-filled,70,17920,22.665986,25.301,196.2,206.9,23.937,311.2,108.58,94.12
2022062604_FLAIR01,8,full,256,65536,0.000224,126.900,717.8,734.4,23.934,311.1,129.88,129.88
2022062604_FLAIR01,8,zero-filled,70,17920,23.078142,26.660,198.5,209.4,23.666,307.7,129.88,99.83
2022062604_FLAIR01,9,full,256,65536,0.000224,126.910,740.4,760.4,23.204,301.7,129.75,129.75
2022062604_FLAIR01,9,zero-filled,70,17920,22.513499,26.852,195.6,208.7,24.013,312.2,129.75,89.81
2022062604_FLAIR01,10,full,256,65536,0.000222,128.590,712.5,726.4,24.112,313.5,156.24,156.24
2022062604_FLAIR01,10,zero-filled,70,17920,22.334978,28.546,196.1,205.0,23.958,311.5,156.24,99.79
2022062604_FLAIR01,11,full,256,65536,0.000220,125.904,688.1,701.1,24.965,324.6,113.28,113.28
2022062604_FLAIR01,11,zero-filled,70,17920,22.081239,25.891,181.6,192.4,25.865,336.2,113.28,79.76
2022062604_FLAIR01,12,full,256,65536,0.000220,124.962,659.2,673.6,26.063,338.8,100.95,100.95
2022062604_FLAIR01,12,zero-filled,70,17920,21.919517,25.002,183.2,195.2,25.639,333.3,100.95,84.00
2022062604_FLAIR01,13,full,256,65536,0.000220,126.079,666.2,683.1,25.789,335.3,115.05,115.05
2022062604_FLAIR01,13,zero-filled,70,17920,21.964137,26.093,181.2,191.6,25.930,337.1,115.05,85.24
2022062604_FLAIR01,14,full,256,65536,0.000220,126.379,653.0,665.6,26.309,342.0,118.17,118.17
2022062604_FLAIR01,14,zero-filled,70,17920,22.132938,26.318,180.5,189.8,26.023,338.3,118.17,92.22
2022062604_FLAIR01,15,full,256,65536,0.000224,126.149,658.7,673.5,26.081,339.1,114.78,114.78
2022062604_FLAIR01,15,zero-filled,70,17920,22.244520,26.212,181.0,190.7,25.948,337.3,114.78,97.95
2022062604_FLAIR01,16,full,256,65536,0.000229,126.513,664.3,678.6,25.863,336.2,118.63,118.63
2022062604_FLAIR01,16,zero-filled,70,17920,23.214670,26.407,180.3,190.5,26.059,338.8,118.63,109.45
2022062604_FLAIR01,17,full,256,65536,0.000236,126.410,654.1,669.0,26.264,341.4,118.95,118.95
2022062604_FLAIR01,17,zero-filled,70,17920,23.796170,26.340,180.3,188.8,26.061,338.8,118.95,105.48
2022062604_FLAIR02,0,full,256,65536,0.000242,124.428,663.1,1074.1,25.908,336.8,84.90,84.90
2022062604_FLAIR02,0,zero-filled,70,17920,25.117097,24.107,182.4,193.3,25.750,334.8,84.90,61.12
2022062604_FLAIR02,1,full,256,65536,0.000240,123.862,664.7,689.9,25.844,336.0,88.91,88.91
2022062604_FLAIR02,1,zero-filled,70,17920,22.855468,24.270,191.2,204.8,24.572,319.4,88.91,64.75
2022062604_FLAIR02,2,full,256,65536,0.000235,123.979,684.7,707.2,25.091,326.2,89.99,89.99
2022062604_FLAIR02,2,zero-filled,70,17920,22.588653,24.320,185.8,199.2,25.278,328.6,89.99,71.42
2022062604_FLAIR02,3,full,256,65536,0.000232,124.002,666.3,682.3,25.783,335.2,93.54,93.54
2022062604_FLAIR02,3,zero-filled,70,17920,21.519829,24.642,181.4,190.4,25.896,336.7,93.54,71.34
2022062604_FLAIR02,4,full,256,65536,0.000228,124.796,654.8,668.4,26.235,341.1,101.00,101.00
2022062604_FLAIR02,4,zero-filled,70,17920,21.650816,25.227,180.6,191.2,26.006,338.1,101.00,78.33
2022062604_FLAIR02,5,full,256,65536,0.000222,125.263,654.1,668.4,26.263,341.4,106.64,106.64
2022062604_FLAIR02,5,zero-filled,70,17920,21.271440,25.631,183.7,193.9,25.574,332.5,106.64,79.01
2022062604_FLAIR02,6,full,256,65536,0.000223,125.389,660.6,675.6,26.007,338.1,107.51,107.51
2022062604_FLAIR02,6,zero-filled,70,17920,22.202927,25.415,182.1,193.4,25.793,335.3,107.51,91.54
2022062604_FLAIR02,7,full,256,65536,0.000222,125.697,664.9,681.3,25.836,335.9,111.22,111.22
2022062604_FLAIR02,7,zero-filled,70,17920,22.613249,25.518,182.2,193.4,25.776,335.1,111.22,88.87
2022062604_FLAIR02,8,full,256,65536,0.000225,126.566,662.7,679.9,25.922,337.0,124.19,124.19
2022062604_FLAIR02,8,zero-filled,70,17920,23.181470,26.300,183.7,195.4,25.565,332.4,124.19,99.84
2022062604_FLAIR02,9,full,256,65536,0.000223,127.119,666.6,682.8,25.773,335.1,132.41,132.41
2022062604_FLAIR02,9,zero-filled,70,17920,22.536347,27.024,181.8,192.7,25.842,336.0,132.41,90.93
2022062604_FLAIR02,10,full,256,65536,0.000223,127.938,664.4,681.5,25.859,336.2,145.14,145.14
2022062604_FLAIR02,10,zero-filled,70,17920,22.305965,27.921,183.8,196.2,25.558,332.3,145.14,94.61
2022062604_FLAIR02,11,full,256,65536,0.000218,125.677,667.5,683.9,25.738,334.6,109.63,109.63
2022062604_FLAIR02,11,zero-filled,70,17920,21.892273,25.621,185.0,197.0,25.394,330.1,109.63,79.61
2022062604_FLAIR02,12,full,256,65536,0.000222,125.152,775.4,837.2,22.155,288.0,104.02,104.01
2022062604_FLAIR02,12,zero-filled,70,17920,21.949915,25.241,204.2,248.5,23.007,299.1,104.02,85.03
2022062604_FLAIR02,13,full,256,65536,0.000220,125.908,670.7,691.7,25.613,333.0,112.82,112.82
2022062604_FLAIR02,13,zero-filled,70,17920,21.969295,25.929,183.7,196.4,25.570,332.4,112.82,85.19
2022062604_FLAIR02,14,full,256,65536,0.000223,126.048,661.3,676.4,25.981,337.8,115.49,115.49
2022062604_FLAIR02,14,zero-filled,70,17920,22.046803,26.137,210.1,219.7,22.360,290.7,115.49,94.63
2022062604_FLAIR02,15,full,256,65536,0.000223,126.161,717.6,733.3,23.940,311.2,115.63,115.63
2022062604_FLAIR02,15,zero-filled,70,17920,21.824823,26.357,197.6,208.4,23.772,309.0,115.63,99.85
2022062604_FLAIR02,16,full,256,65536,0.000230,126.334,728.4,745.2,23.587,306.6,116.66,116.66
2022062604_FLAIR02,16,zero-filled,70,17920,23.115391,26.285,197.4,207.7,23.802,309.4,116.66,104.20
2022062604_FLAIR02,17,full,256,65536,0.000238,125.898,715.8,733.4,24.000,312.0,111.68,111.68
2022062604_FLAIR02,17,zero-filled,70,17920,23.934130,25.838,196.3,207.7,23.930,311.1,111.68,106.68
2022062604_T101,0,full,256,65536,0.000232,124.226,671.9,1088.8,25.569,332.4,96.97,96.97
2022062604_T101,0,zero-filled,70,17920,23.209919,24.235,187.4,202.0,25.064,325.8,96.97,72.65
2022062604_T101,1,full,256,65536,0.000228,124.276,673.2,694.1,25.519,331.8,96.02,96.02
2022062604_T101,1,zero-filled,70,17920,24.074594,23.788,184.8,197.3,25.417,330.4,96.02,76.52
2022062604_T101,2,full,256,65536,0.000223,124.776,663.0,678.4,25.912,336.9,104.02,104.02
2022062604_T101,2,zero-filled,70,17920,23.911551,24.165,184.9,195.4,25.408,330.3,104.02,79.62
2022062604_T101,3,full,256,65536,0.000219,124.500,661.8,676.7,25.958,337.5,102.59,102.59
2022062604_T101,3,zero-filled,70,17920,23.010508,24.064,182.7,195.9,25.715,334.3,102.59,81.93
2022062604_T101,4,full,256,65536,0.000214,124.883,660.0,674.8,26.032,338.4,108.45,108.45
2022062604_T101,4,zero-filled,70,17920,22.448087,24.457,183.1,193.3,25.663,333.6,108.45,88.57
2022062604_T101,5,full,256,65536,0.000209,125.396,668.6,686.4,25.697,334.1,113.37,113.37
2022062604_T101,5,zero-filled,70,17920,22.200190,24.885,183.0,194.5,25.664,333.6,113.37,94.49
2022062604_T101,6,full,256,65536,0.000209,126.135,675.3,696.4,25.439,330.7,124.96,124.96
2022062604_T101,6,zero-filled,70,17920,22.044532,25.680,184.7,199.0,25.434,330.6,124.96,104.76
2022062604_T101,7,full,256,65536,0.000212,126.973,674.9,695.1,25.455,330.9,137.14,137.14
2022062604_T101,7,zero-filled,70,17920,22.533319,26.453,185.2,199.1,25.364,329.7,137.14,99.76
2022062604_T101,8,full,256,65536,0.000212,126.293,670.0,686.2,25.640,333.3,128.47,128.47
2022062604_T101,8,zero-filled,70,17920,22.388330,25.822,187.1,202.3,25.102,326.3,128.47,106.70
2022062604_T101,9,full,256,65536,0.000215,126.595,674.6,696.5,25.466,331.1,131.53,131.53
2022062604_T101,9,zero-filled,70,17920,21.797260,26.463,183.6,197.4,25.583,332.6,131.53,91.76
2022062604_T101,10,full,256,65536,0.000213,126.047,670.4,687.8,25.627,333.2,124.04,124.04
2022062604_T101,10,zero-filled,70,17920,21.387039,26.014,180.9,192.3,25.972,337.6,124.04,94.25
2022062604_T101,11,full,256,65536,0.000211,125.966,665.3,682.1,25.822,335.7,119.23,119.23
2022062604_T101,11,zero-filled,70,17920,21.405056,25.849,180.7,190.9,26.002,338.0,119.23,94.19
2022062604_T101,12,full,256,65536,0.000208,126.413,666.8,682.4,25.763,334.9,128.36,128.36
2022062604_T101,12,zero-filled,70,17920,21.267347,26.229,182.5,193.6,25.745,334.7,128.36,97.14
2022062604_T101,13,full,256,65536,0.000212,127.593,666.6,683.7,25.773,335.0,146.22,146.22
2022062604_T101,13,zero-filled,70,17920,21.931674,27.297,182.1,193.2,25.792,335.3,146.22,103.03
2022062604_T101,14,full,256,65536,0.000211,127.205,660.7,675.1,26.003,338.0,141.73,141.73
2022062604_T101,14,zero-filled,70,17920,22.586027,26.619,179.2,188.8,26.208,340.7,141.73,113.48
2022062604_T101,15,full,256,65536,0.000217,127.654,668.3,685.2,25.705,334.2,146.58,146.58
2022062604_T101,15,zero-filled,70,17920,23.634877,26.904,184.9,198.6,25.408,330.3,146.58,118.15
2022062604_T101,16,full,256,65536,0.000220,127.519,666.6,682.6,25.772,335.0,150.47,150.47
2022062604_T101,16,zero-filled,70,17920,23.838441,26.835,180.4,189.8,26.046,338.6,150.47,129.50
2022062604_T101,17,full,256,65536,0.000226,126.911,662.5,676.2,25.934,337.1,153.49,153.49
2022062604_T101,17,zero-filled,70,17920,23.985296,26.409,181.5,192.0,25.881,336.5,153.49,139.42
2022062604_T102,0,full,256,65536,0.000232,123.917,738.8,1406.3,23.253,302.3,92.78,92.78
2022062604_T102,0,zero-filled,70,17920,23.222511,23.911,188.4,211.0,24.939,324.2,92.78,74.01
2022062604_T102,1,full,256,65536,0.000227,124.269,768.0,792.7,22.369,290.8,94.92,94.92
2022062604_T102,1,zero-filled,70,17920,24.335876,23.680,186.2,201.9,25.223,327.9,94.92,76.02
2022062604_T102,2,full,256,65536,0.000225,124.835,710.4,729.1,24.183,314.4,104.60,104.60
2022062604_T102,2,zero-filled,70,17920,24.042282,24.244,185.5,197.8,25.322,329.2,104.60,77.07
2022062604_T102,3,full,256,65536,0.000220,124.543,703.9,726.0,24.407,317.3,102.47,102.47
2022062604_T102,3,zero-filled,70,17920,23.306274,24.060,182.8,195.1,25.695,334.0,102.47,82.32
2022062604_T102,4,full,256,65536,0.000215,124.704,665.1,685.3,25.832,335.8,106.06,106.06
2022062604_T102,4,zero-filled,70,17920,22.652725,24.231,187.1,202.7,25.101,326.3,106.06,89.03
2022062604_T102,5,full,256,65536,0.000209,125.496,665.5,685.8,25.815,335.6,113.63,113.63
2022062604_T102,5,zero-filled,70,17920,22.469183,24.868,180.6,191.6,26.018,338.2,113.63,92.21
2022062604_T102,6,full,256,65536,0.000209,125.959,659.9,673.8,26.032,338.4,121.85,121.85
2022062604_T102,6,zero-filled,70,17920,22.146205,25.436,180.3,190.0,26.055,338.7,121.85,103.06
2022062604_T102,7,full,256,65536,0.000213,126.450,661.7,676.6,25.964,337.5,129.28,129.28
2022062604_T102,7,zero-filled,70,17920,22.568605,25.950,183.6,193.9,25.586,332.6,129.28,99.28
2022062604_T102,8,full,256,65536,0.000212,126.806,666.7,683.5,25.770,335.0,136.47,136.47
2022062604_T102,8,zero-filled,70,17920,22.407198,26.343,184.1,196.6,25.515,331.7,136.47,106.41
2022062604_T102,9,full,256,65536,0.000214,126.154,666.2,682.4,25.786,335.2,124.57,124.57
2022062604_T102,9,zero-filled,70,17920,21.834755,25.986,185.4,196.5,25.331,329.3,124.57,94.39
2022062604_T102,10,full,256,65536,0.000211,126.461,671.1,693.8,25.600,332.8,128.63,128.63
2022062604_T102,10,zero-filled,70,17920,21.395676,26.335,183.4,195.4,25.612,333.0,128.63,91.55
2022062604_T102,11,full,256,65536,0.000211,126.207,660.7,674.3,26.002,338.0,122.24,122.24
2022062604_T102,11,zero-filled,70,17920,21.456016,26.047,180.8,191.4,25.977,337.7,122.24,94.74
2022062604_T102,12,full,256,65536,0.000211,126.405,675.3,695.6,25.440,330.7,129.57,129.57
2022062604_T102,12,zero-filled,70,17920,21.402596,26.279,183.5,194.6,25.602,332.8,129.57,95.36
2022062604_T102,13,full,256,65536,0.000212,127.703,658.1,671.6,26.105,339.4,147.36,147.36
2022062604_T102,13,zero-filled,70,17920,21.991766,27.366,179.6,189.2,26.152,340.0,147.36,102.82
2022062604_T102,14,full,256,65536,0.000209,127.044,656.0,669.5,26.188,340.4,138.19,138.19
2022062604_T102,14,zero-filled,70,17920,22.471112,26.430,178.6,187.9,26.298,341.9,138.19,110.65
2022062604_T102,15,full,256,65536,0.000216,127.507,659.4,673.5,26.054,338.7,143.12,143.12
2022062604_T102,15,zero-filled,70,17920,23.803509,26.659,182.0,193.0,25.811,335.5,143.12,115.18
2022062604_T102,16,full,256,65536,0.000221,127.399,666.8,682.8,25.764,334.9,147.36,147.36
2022062604_T102,16,zero-filled,70,17920,23.935319,26.686,182.4,193.2,25.756,334.8,147.36,125.98
2022062604_T102,17,full,256,65536,0.000223,127.015,680.8,703.6,25.235,328.1,153.34,153.34
2022062604_T102,17,zero-filled,70,17920,23.981946,26.398,182.8,196.3,25.695,334.0,153.34,139.59
2022062604_T103,0,full,256,65536,0.000234,124.397,696.2,1267.0,24.677,320.8,98.68,98.68
2022062604_T103,0,zero-filled,70,17920,23.149888,24.490,184.4,198.8,25.471,331.1,98.68,73.92
2022062604_T103,1,full,256,65536,0.000228,124.517,674.9,695.2,25.456,330.9,98.45,98.45
2022062604_T103,1,zero-filled,70,17920,24.252803,23.973,184.4,198.4,25.473,331.2,98.45,73.81
2022062604_T103,2,full,256,65536,0.000225,124.565,671.5,689.3,25.584,332.6,102.07,102.07
2022062604_T103,2,zero-filled,70,17920,23.944758,24.043,182.2,192.6,25.787,335.2,102.07,76.07
2022062604_T103,3,full,256,65536,0.000219,124.558,669.7,686.5,25.653,333.5,102.97,102.97
2022062604_T103,3,zero-filled,70,17920,23.127495,24.093,185.0,197.0,25.397,330.2,102.97,80.08
2022062604_T103,4,full,256,65536,0.000214,124.671,667.5,686.1,25.739,334.6,105.70,105.70
2022062604_T103,4,zero-filled,70,17920,22.457384,24.239,184.9,197.3,25.405,330.3,105.70,88.64
2022062604_T103,5,full,256,65536,0.000210,125.446,667.1,684.0,25.752,334.8,114.01,114.01
2022062604_T103,5,zero-filled,70,17920,22.153557,24.965,181.2,191.4,25.925,337.0,114.01,97.36
2022062604_T103,6,full,256,65536,0.000209,125.929,660.0,677.3,26.032,338.4,122.12,122.12
2022062604_T103,6,zero-filled,70,17920,21.970799,25.476,182.5,192.4,25.744,334.7,122.12,103.50
2022062604_T103,7,full,256,65536,0.000213,126.346,666.0,682.4,25.794,335.3,128.33,128.33
2022062604_T103,7,zero-filled,70,17920,22.509387,25.874,182.8,194.2,25.703,334.1,128.33,101.52
2022062604_T103,8,full,256,65536,0.000213,126.465,662.8,676.9,25.920,337.0,132.32,132.32
2022062604_T103,8,zero-filled,70,17920,22.329271,26.071,182.1,192.0,25.801,335.4,132.32,103.44
2022062604_T103,9,full,256,65536,0.000213,126.415,661.6,677.0,25.967,337.6,128.23,128.23
2022062604_T103,9,zero-filled,70,17920,21.759669,26.219,182.7,193.9,25.717,334.3,128.23,96.91
2022062604_T103,10,full,256,65536,0.000211,126.265,664.6,679.3,25.849,336.0,125.94,125.94
2022062604_T103,10,zero-filled,70,17920,21.233531,26.193,182.7,193.4,25.709,334.2,125.94,93.68
2022062604_T103,11,full,256,65536,0.000210,125.808,667.7,684.8,25.729,334.5,117.05,117.05
2022062604_T103,11,zero-filled,70,17920,21.308158,25.678,181.1,192.4,25.935,337.2,117.05,91.38
2022062604_T103,12,full,256,65536,0.000208,126.654,663.1,677.4,25.907,336.8,131.98,131.98
2022062604_T103,12,zero-filled,70,17920,21.119630,26.525,181.7,192.3,25.854,336.1,131.98,94.82
2022062604_T103,13,full,256,65536,0.000212,127.766,665.2,680.3,25.826,335.7,149.83,149.83
2022062604_T103,13,zero-filled,70,17920,21.755373,27.531,181.3,194.2,25.908,336.8,149.83,100.75
2022062604_T103,14,full,256,65536,0.000212,127.364,658.7,673.6,26.081,339.1,146.09,146.09
2022062604_T103,14,zero-filled,70,17920,22.295861,26.934,184.5,195.6,25.464,331.0,146.09,110.04
2022062604_T103,15,full,256,65536,0.000218,127.269,661.3,675.6,25.980,337.7,141.78,141.78
2022062604_T103,15,zero-filled,70,17920,23.628173,26.558,180.8,191.0,25.978,337.7,141.78,116.19
2022062604_T103,16,full,256,65536,0.000217,127.511,664.5,682.5,25.852,336.1,147.31,147.31
2022062604_T103,16,zero-filled,70,17920,23.812971,26.688,183.8,196.1,25.557,332.2,147.31,128.79
2022062604_T103,17,full,256,65536,0.000227,126.690,668.0,684.9,25.719,334.4,150.19,150.19
2022062604_T103,17,zero-filled,70,17920,23.874664,26.241,184.8,196.0,25.427,330.5,150.19,140.63
2022062604_T201,0,full,256,65536,0.000239,126.441,678.0,1198.3,25.337,329.4,114.04,114.04
2022062604_T201,0,zero-filled,70,17920,25.295200,25.951,184.4,198.2,25.479,331.2,114.04,107.99
2022062604_T201,1,full,256,65536,0.000236,125.978,669.5,689.7,25.663,333.6,108.22,108.22
2022062604_T201,1,zero-filled,70,17920,24.974840,25.499,183.5,196.4,25.593,332.7,108.22,98.38
2022062604_T201,2,full,256,65536,0.000236,125.655,664.5,680.9,25.854,336.1,106.95,106.95
2022062604_T201,2,zero-filled,70,17920,24.307386,25.387,181.2,191.9,25.920,337.0,106.95,103.16
2022062604_T201,3,full,256,65536,0.000240,125.807,661.1,675.9,25.985,337.8,106.02,106.02
2022062604_T201,3,zero-filled,70,17920,24.566911,25.598,182.1,192.9,25.795,335.3,106.02,96.63
2022062604_T201,4,full,256,65536,0.000232,126.680,664.7,681.8,25.847,336.0,112.85,112.85
2022062604_T201,4,zero-filled,70,17920,25.000213,26.043,180.9,191.1,25.961,337.5,112.85,104.73
2022062604_T201,5,full,256,65536,0.000235,126.369,664.6,681.4,25.849,336.0,104.70,104.70
2022062604_T201,5,zero-filled,70,17920,26.119275,25.446,180.9,191.5,25.970,337.6,104.70,99.15
2022062604_T201,6,full,256,65536,0.000232,127.064,659.0,672.5,26.070,338.9,116.01,116.01
2022062604_T201,6,zero-filled,70,17920,26.065431,26.048,258.4,267.9,18.183,236.4,116.01,104.66
2022062604_T201,7,full,256,65536,0.000224,127.174,717.9,735.6,23.930,311.1,121.37,121.37
2022062604_T201,7,zero-filled,70,17920,24.254496,26.500,198.5,211.9,23.662,307.6,121.37,101.63
2022062604_T201,8,full,256,65536,0.000220,127.047,730.2,747.9,23.527,305.8,121.60,121.60
2022062604_T201,8,zero-filled,70,17920,24.587315,26.094,194.2,205.3,24.195,314.5,121.60,107.08
2022062604_T201,9,full,256,65536,0.000224,127.172,708.2,720.9,24.259,315.4,116.56,116.56
2022062604_T201,9,zero-filled,70,17920,25.831503,25.931,194.1,202.5,24.204,314.7,116.56,111.10
2022062604_T201,10,full,256,65536,0.000222,128.434,688.0,703.3,24.972,324.6,129.11,129.11
2022062604_T201,10,zero-filled,70,17920,25.628968,27.190,183.8,195.1,25.556,332.2,129.11,98.40
2022062604_T201,11,full,256,65536,0.000223,127.245,666.6,682.3,25.772,335.0,110.85,110.85
2022062604_T201,11,zero-filled,70,17920,25.051597,26.218,183.8,195.0,25.563,332.3,110.85,101.07
2022062604_T201,12,full,256,65536,0.000224,126.554,668.3,682.6,25.707,334.2,102.20,102.20
2022062604_T201,12,zero-filled,70,17920,25.466603,25.453,183.2,194.5,25.637,333.3,102.20,89.96
2022062604_T201,13,full,256,65536,0.000224,126.376,666.6,681.4,25.773,335.0,101.00,101.00
2022062604_T201,13,zero-filled,70,17920,25.472068,25.251,183.7,194.1,25.568,332.4,101.00,97.17
2022062604_T201,14,full,256,65536,0.000230,125.696,675.4,690.9,25.438,330.7,96.69,96.69
2022062604_T201,14,zero-filled,70,17920,25.067396,24.932,182.8,193.9,25.695,334.0,96.69,77.10
2022062604_T201,15,full,256,65536,0.000231,124.861,668.9,687.5,25.686,333.9,85.04,85.04
2022062604_T201,15,zero-filled,70,17920,25.301913,24.071,183.8,195.6,25.554,332.2,85.04,67.22
2022062604_T201,16,full,256,65536,0.000233,127.464,673.1,691.3,25.523,331.8,121.00,121.00
2022062604_T201,16,zero-filled,70,17920,25.994367,26.526,184.8,196.5,25.414,330.4,121.00,97.93
2022062604_T201,17,full,256,65536,0.000240,127.899,665.5,681.7,25.814,335.6,125.20,125.20
2022062604_T201,17,zero-filled,70,17920,27.913323,26.598,184.3,195.5,25.485,331.3,125.20,93.44
2022062604_T202,0,full,256,65536,0.000241,126.156,696.5,1201.4,24.667,320.7,111.88,111.88
2022062604_T202,0,zero-filled,70,17920,25.153200,25.796,182.6,197.2,25.732,334.5,111.88,106.86
2022062604_T202,1,full,256,65536,0.000239,125.615,673.0,691.0,25.527,331.8,104.25,104.25
2022062604_T202,1,zero-filled,70,17920,24.989826,25.225,183.0,193.7,25.663,333.6,104.25,99.03
2022062604_T202,2,full,256,65536,0.000236,125.471,660.3,675.2,26.017,338.2,105.50,105.50
2022062604_T202,2,zero-filled,70,17920,24.173376,25.250,181.1,191.3,25.942,337.2,105.50,100.41
2022062604_T202,3,full,256,65536,0.000239,125.780,673.6,691.7,25.506,331.6,105.08,105.08
2022062604_T202,3,zero-filled,70,17920,24.440632,25.576,183.8,196.5,25.555,332.2,105.08,96.80
2022062604_T202,4,full,256,65536,0.000235,126.491,659.8,674.5,26.039,338.5,111.34,111.34
2022062604_T202,4,zero-filled,70,17920,25.011613,25.935,180.1,190.1,26.081,339.1,111.34,103.50
2022062604_T202,5,full,256,65536,0.000234,126.321,663.0,677.5,25.912,336.9,103.99,103.99
2022062604_T202,5,zero-filled,70,17920,26.140798,25.368,182.4,194.0,25.751,334.8,103.99,95.63
2022062604_T202,6,full,256,65536,0.000233,127.441,668.7,683.3,25.691,334.0,121.55,121.55
2022062604_T202,6,zero-filled,70,17920,26.017058,26.471,183.6,194.9,25.588,332.6,121.55,104.19
2022062604_T202,7,full,256,65536,0.000224,126.633,668.3,686.1,25.707,334.2,114.53,114.53
2022062604_T202,7,zero-filled,70,17920,23.976321,26.046,185.3,198.1,25.350,329.5,114.53,102.66
2022062604_T202,8,full,256,65536,0.000218,127.299,676.7,697.2,25.387,330.0,124.27,124.27
2022062604_T202,8,zero-filled,70,17920,24.413111,26.327,183.5,194.3,25.596,332.7,124.27,104.82
2022062604_T202,9,full,256,65536,0.000223,127.016,657.9,672.3,26.112,339.5,114.38,114.38
2022062604_T202,9,zero-filled,70,17920,25.761351,25.769,180.5,190.0,26.025,338.3,114.38,111.46
2022062604_T202,10,full,256,65536,0.000221,128.158,678.1,710.3,25.334,329.3,124.98,124.98
2022062604_T202,10,zero-filled,70,17920,25.619833,26.877,188.8,207.6,24.878,323.4,124.98,96.74
2022062604_T202,11,full,256,65536,0.000223,126.816,679.4,700.6,25.289,328.8,105.86,105.86
2022062604_T202,11,zero-filled,70,17920,25.014422,25.817,186.0,199.2,25.250,328.2,105.86,99.78
2022062604_T202,12,full,256,65536,0.000225,126.605,657.2,671.0,26.140,339.8,103.13,103.13
2022062604_T202,12,zero-filled,70,17920,25.530930,25.499,183.8,193.7,25.562,332.3,103.13,88.73
2022062604_T202,13,full,256,65536,0.000224,126.530,661.9,676.2,25.954,337.4,103.86,103.86
2022062604_T202,13,zero-filled,70,17920,25.355920,25.469,204.7,216.2,22.949,298.3,103.86,98.53
2022062604_T202,14,full,256,65536,0.000228,125.652,728.7,756.2,23.577,306.5,96.27,96.27
2022062604_T202,14,zero-filled,70,17920,25.013617,24.856,198.7,212.0,23.642,307.3,96.27,78.91
2022062604_T202,15,full,256,65536,0.000230,125.140,733.2,749.0,23.431,304.6,87.22,87.22
2022062604_T202,15,zero-filled,70,17920,25.244561,24.334,197.1,207.2,23.833,309.8,87.22,66.86
2022062604_T202,16,full,256,65536,0.000237,126.903,719.2,738.3,23.887,310.5,115.68,115.68
2022062604_T202,16,zero-filled,70,17920,25.912731,26.134,197.8,210.6,23.747,308.7,115.68,95.04
2022062604_T202,17,full,256,65536,0.000239,128.025,684.7,700.8,25.089,326.2,126.98,126.98
2022062604_T202,17,zero-filled,70,17920,27.997886,26.667,183.1,196.7,25.660,333.6,126.98,96.52
2022062604_T203,0,full,256,65536,0.000239,126.302,697.3,1163.3,24.637,320.3,112.13,112.13
2022062604_T203,0,zero-filled,70,17920,25.150662,25.863,185.5,199.5,25.323,329.2,112.13,108.26
2022062604_T203,1,full,256,65536,0.000237,125.529,669.3,684.4,25.669,333.7,102.20,102.20
2022062604_T203,1,zero-filled,70,17920,25.119985,25.017,179.1,188.9,26.231,341.0,102.20,97.40
2022062604_T203,2,full,256,65536,0.000237,125.590,668.3,684.2,25.705,334.2,106.03,106.03
2022062604_T203,2,zero-filled,70,17920,24.562666,25.274,184.2,195.2,25.501,331.5,106.03,101.54
2022062604_T203,3,full,256,65536,0.000238,125.854,671.2,689.3,25.594,332.7,106.04,106.04
2022062604_T203,3,zero-filled,70,17920,24.511441,25.600,181.5,193.1,25.880,336.4,106.04,96.12
2022062604_T203,4,full,256,65536,0.000235,127.349,665.1,681.4,25.829,335.8,123.62,123.63
2022062604_T203,4,zero-filled,70,17920,25.013502,26.805,184.5,195.8,25.468,331.1,123.62,105.63
2022062604_T203,5,full,256,65536,0.000233,126.424,667.1,685.1,25.754,334.8,104.67,104.67
2022062604_T203,5,zero-filled,70,17920,25.951910,25.469,183.5,194.3,25.606,332.9,104.67,96.39
2022062604_T203,6,full,256,65536,0.000230,127.081,669.8,687.5,25.651,333.5,116.00,116.00
2022062604_T203,6,zero-filled,70,17920,25.979999,26.035,186.7,202.2,25.165,327.1,116.00,101.93
2022062604_T203,7,full,256,65536,0.000224,127.082,665.7,683.9,25.809,335.5,119.30,119.30
2022062604_T203,7,zero-filled,70,17920,24.357642,26.359,181.9,191.6,25.819,335.6,119.30,102.07
2022062604_T203,8,full,256,65536,0.000222,126.847,661.3,675.3,25.980,337.7,119.99,119.99
2022062604_T203,8,zero-filled,70,17920,24.576599,25.976,181.7,192.1,25.852,336.1,119.99,107.78
2022062604_T203,9,full,256,65536,0.000223,126.892,665.9,680.7,25.800,335.4,112.77,112.77
2022062604_T203,9,zero-filled,70,17920,25.725035,25.670,181.8,191.5,25.833,335.8,112.77,112.14
2022062604_T203,10,full,256,65536,0.000225,128.007,668.4,686.2,25.703,334.1,123.82,123.82
2022062604_T203,10,zero-filled,70,17920,25.870477,26.783,183.6,195.3,25.588,332.6,123.82,97.73
2022062604_T203,11,full,256,65536,0.000223,127.568,667.4,683.9,25.741,334.6,115.77,115.77
2022062604_T203,11,zero-filled,70,17920,24.844681,26.618,179.8,190.7,26.128,339.7,115.77,97.41
2022062604_T203,12,full,256,65536,0.000223,126.704,660.8,678.2,25.997,338.0,103.90,103.90
2022062604_T203,12,zero-filled,70,17920,25.368534,25.590,181.6,191.7,25.875,336.4,103.90,92.44
2022062604_T203,13,full,256,65536,0.000225,126.543,664.2,678.7,25.864,336.2,102.83,102.83
2022062604_T203,13,zero-filled,70,17920,25.644812,25.416,184.3,194.9,25.492,331.4,102.83,97.50
2022062604_T203,14,full,256,65536,0.000228,125.552,666.5,682.9,25.778,335.1,95.45,95.45
2022062604_T203,14,zero-filled,70,17920,25.081573,24.738,182.6,193.1,25.728,334.5,95.45,76.25
2022062604_T203,15,full,256,65536,0.000232,124.721,668.5,686.4,25.698,334.1,84.14,84.14
2022062604_T203,15,zero-filled,70,17920,25.244632,24.005,184.8,198.3,25.425,330.5,84.14,64.74
2022062604_T203,16,full,256,65536,0.000236,127.280,670.9,692.4,25.608,332.9,119.23,119.23
2022062604_T203,16,zero-filled,70,17920,26.071766,26.429,211.8,225.0,22.184,288.4,119.23,96.71
2022062604_T203,17,full,256,65536,0.000240,127.606,718.6,734.1,23.907,310.8,121.75,121.75
2022062604_T203,17,zero-filled,70,17920,27.937131,26.294,197.7,208.8,23.759,308.9,121.75,92.27
2022062612_FLAIR01,0,full,256,65536,0.000246,122.516,735.6,1212.3,23.354,303.6,72.27,72.27
2022062612_FLAIR01,0,zero-filled,70,17920,23.863976,22.785,196.8,212.0,23.873,310.4,72.27,59.03
2022062612_FLAIR01,1,full,256,65536,0.000237,123.856,663.2,679.6,25.903,336.7,89.06,89.06
2022062612_FLAIR01,1,zero-filled,70,17920,21.202389,24.829,189.2,203.8,24.823,322.7,89.06,65.92
2022062612_FLAIR01,2,full,256,65536,0.000232,123.313,664.7,681.4,25.847,336.0,81.61,81.61
2022062612_FLAIR01,2,zero-filled,70,17920,21.863019,23.817,180.7,190.0,26.000,338.0,81.61,62.45
2022062612_FLAIR01,3,full,256,65536,0.000228,124.143,665.7,681.4,25.808,335.5,93.20,93.20
2022062612_FLAIR01,3,zero-filled,70,17920,21.195952,24.766,184.5,197.3,25.462,331.0,93.20,63.80
2022062612_FLAIR01,4,full,256,65536,0.000227,124.617,670.2,685.6,25.633,333.2,95.92,95.92
2022062612_FLAIR01,4,zero-filled,70,17920,21.979104,24.900,183.5,193.1,25.597,332.8,95.92,61.99
2022062612_FLAIR01,5,full,256,65536,0.000224,123.691,663.1,679.0,25.909,336.8,86.92,86.92
2022062612_FLAIR01,5,zero-filled,70,17920,21.921655,23.897,188.2,203.3,24.960,324.5,86.92,62.20
2022062612_FLAIR01,6,full,256,65536,0.000221,124.686,674.7,694.7,25.462,331.0,94.72,94.72
2022062612_FLAIR01,6,zero-filled,70,17920,22.536232,24.513,181.9,192.6,25.820,335.7,94.72,61.92
2022062612_FLAIR01,7,full,256,65536,0.000216,124.114,660.9,675.8,25.993,337.9,85.64,85.64
2022062612_FLAIR01,7,zero-filled,70,17920,22.551388,23.759,182.6,195.1,25.725,334.4,85.64,60.18
2022062612_FLAIR01,8,full,256,65536,0.000215,124.444,664.4,681.4,25.857,336.1,88.83,88.83
2022062612_FLAIR01,8,zero-filled,70,17920,22.424478,24.072,183.0,193.4,25.673,333.7,88.83,61.10
2022062612_FLAIR01,9,full,256,65536,0.000217,126.026,660.7,675.3,26.001,338.0,107.12,107.12
2022062612_FLAIR01,9,zero-filled,70,17920,22.453819,25.715,183.1,193.6,25.658,333.6,107.12,79.34
2022062612_FLAIR01,10,full,256,65536,0.000217,125.397,665.3,684.2,25.824,335.7,99.64,99.64
2022062612_FLAIR01,10,zero-filled,70,17920,22.424196,25.102,184.5,196.3,25.465,331.1,99.64,73.17
2022062612_FLAIR01,11,full,256,65536,0.000214,125.978,675.5,695.7,25.434,330.6,104.05,104.05
2022062612_FLAIR01,11,zero-filled,70,17920,22.759885,25.443,185.1,198.7,25.384,330.0,104.05,83.18
2022062612_FLAIR01,12,full,256,65536,0.000216,126.696,670.8,689.5,25.612,333.0,111.61,111.60
2022062612_FLAIR01,12,zero-filled,70,17920,23.207386,26.061,186.7,202.1,25.157,327.0,111.61,78.86
2022062612_FLAIR01,13,full,256,65536,0.000216,126.422,688.6,713.1,24.948,324.3,106.63,106.63
2022062612_FLAIR01,13,zero-filled,70,17920,23.528518,25.688,188.7,213.5,24.895,323.6,106.63,87.61
2022062612_FLAIR01,14,full,256,65536,0.000219,126.809,670.0,689.4,25.641,333.3,109.90,109.90
2022062612_FLAIR01,14,zero-filled,70,17920,24.061631,25.979,184.1,196.2,25.510,331.6,109.90,94.45
2022062612_FLAIR01,15,full,256,65536,0.000225,126.850,668.6,686.7,25.694,334.0,108.17,108.17
2022062612_FLAIR01,15,zero-filled,70,17920,25.153721,25.869,187.7,201.7,25.031,325.4,108.17,97.10
2022062612_FLAIR01,16,full,256,65536,0.000235,127.050,665.5,682.4,25.814,335.6,109.89,109.89
2022062612_FLAIR01,16,zero-filled,70,17920,27.489094,25.702,183.4,194.2,25.610,332.9,109.89,78.19
2022062612_FLAIR01,17,full,256,65536,0.000241,126.242,668.2,684.1,25.711,334.2,104.00,104.00
2022062612_FLAIR01,17,zero-filled,70,17920,28.343099,24.834,179.2,190.0,26.214,340.8,104.00,77.29
2022062612_FLAIR02,0,full,256,65536,0.000244,122.868,677.0,1154.1,25.376,329.9,74.28,74.28
2022062612_FLAIR02,0,zero-filled,70,17920,23.864217,23.045,183.1,198.4,25.662,333.6,74.28,57.51
2022062612_FLAIR02,1,full,256,65536,0.000237,122.892,678.5,696.7,25.319,329.2,79.29,79.29
2022062612_FLAIR02,1,zero-filled,70,17920,21.291576,23.821,183.8,195.8,25.554,332.2,79.29,62.89
2022062612_FLAIR02,2,full,256,65536,0.000231,123.281,660.8,676.3,25.999,338.0,81.84,81.84
2022062612_FLAIR02,2,zero-filled,70,17920,21.654526,23.860,180.1,190.4,26.078,339.0,81.84,61.04
2022062612_FLAIR02,3,full,256,65536,0.000227,123.612,667.9,686.6,25.723,334.4,87.00,87.00
2022062612_FLAIR02,3,zero-filled,70,17920,21.219688,24.187,182.8,193.5,25.701,334.1,87.00,62.77
2022062612_FLAIR02,4,full,256,65536,0.000229,124.951,663.7,684.7,25.884,336.5,101.27,101.27
2022062612_FLAIR02,4,zero-filled,70,17920,21.854804,25.369,179.0,190.3,26.244,341.2,101.27,64.83
2022062612_FLAIR02,5,full,256,65536,0.000224,124.907,665.3,681.0,25.821,335.7,99.47,99.47
2022062612_FLAIR02,5,zero-filled,70,17920,21.980344,25.084,181.6,191.5,25.873,336.4,99.47,64.72
2022062612_FLAIR02,6,full,256,65536,0.000222,124.530,668.3,683.2,25.705,334.2,93.07,93.07
2022062612_FLAIR02,6,zero-filled,70,17920,22.529942,24.396,182.5,194.0,25.740,334.6,93.07,61.19
2022062612_FLAIR02,7,full,256,65536,0.000215,124.626,664.9,683.8,25.837,335.9,91.65,91.65
2022062612_FLAIR02,7,zero-filled,70,17920,22.366359,24.301,181.7,193.7,25.853,336.1,91.65,61.85
2022062612_FLAIR02,8,full,256,65536,0.000217,124.525,662.6,680.7,25.929,337.1,89.75,89.75
2022062612_FLAIR02,8,zero-filled,70,17920,22.515470,24.198,182.1,192.7,25.801,335.4,89.75,63.33
2022062612_FLAIR02,9,full,256,65536,0.000217,126.269,665.0,683.9,25.836,335.9,110.42,110.42
2022062612_FLAIR02,9,zero-filled,70,17920,22.468603,25.959,182.8,195.2,25.702,334.1,110.42,80.54
2022062612_FLAIR02,10,full,256,65536,0.000214,124.765,669.5,687.2,25.659,333.6,91.65,91.65
2022062612_FLAIR02,10,zero-filled,70,17920,22.623381,24.290,183.6,194.5,25.583,332.6,91.65,71.56
2022062612_FLAIR02,11,full,256,65536,0.000215,125.293,667.0,686.6,25.757,334.8,97.15,97.15
2022062612_FLAIR02,11,zero-filled,70,17920,22.737994,24.824,188.5,204.3,24.918,323.9,97.15,75.92
2022062612_FLAIR02,12,full,256,65536,0.000218,126.685,662.3,677.4,25.938,337.2,112.46,112.46
2022062612_FLAIR02,12,zero-filled,70,17920,23.350816,26.080,181.8,191.4,25.846,336.0,112.46,81.98
2022062612_FLAIR02,13,full,256,65536,0.000214,126.446,660.5,675.8,26.009,338.1,106.05,106.05
2022062612_FLAIR02,13,zero-filled,70,17920,23.614661,25.610,183.1,193.1,25.651,333.5,106.05,86.77
2022062612_FLAIR02,14,full,256,65536,0.000220,126.744,663.1,677.9,25.907,336.8,109.14,109.14
2022062612_FLAIR02,14,zero-filled,70,17920,24.036569,25.973,181.0,191.0,25.961,337.5,109.14,95.12
2022062612_FLAIR02,15,full,256,65536,0.000227,126.868,665.8,681.3,25.802,335.4,109.75,109.75
2022062612_FLAIR02,15,zero-filled,70,17920,24.860147,26.071,183.0,194.6,25.664,333.6,109.75,94.82
2022062612_FLAIR02,16,full,256,65536,0.000235,127.543,674.1,692.3,25.487,331.3,115.33,115.33
2022062612_FLAIR02,16,zero-filled,70,17920,27.560771,26.175,183.1,193.6,25.650,333.5,115.33,75.43
2022062612_FLAIR02,17,full,256,65536,0.000241,126.040,668.3,684.1,25.708,334.2,100.49,100.49
2022062612_FLAIR02,17,zero-filled,70,17920,28.462340,24.584,205.7,216.1,22.836,296.9,100.49,73.23
2022062612_T101,0,full,256,65536,0.000235,123.952,714.1,1378.6,24.057,312.7,90.51,90.51
2022062612_T101,0,zero-filled,70,17920,22.385137,24.392,195.9,213.5,23.979,311.7,90.51,60.94
2022062612_T101,1,full,256,65536,0.000225,124.662,711.9,730.4,24.132,313.7,92.54,92.54
2022062612_T101,1,zero-filled,70,17920,22.588268,24.630,194.6,204.7,24.142,313.8,92.54,59.64
2022062612_T101,2,full,256,65536,0.000223,124.226,665.1,680.4,25.832,335.8,92.75,92.75
2022062612_T101,2,zero-filled,70,17920,22.200821,24.251,185.5,195.7,25.321,329.2,92.75,62.02
2022062612_T101,3,full,256,65536,0.000217,124.758,664.5,680.8,25.853,336.1,98.98,98.98
2022062612_T101,3,zero-filled,70,17920,21.641801,24.763,184.8,197.1,25.422,330.5,98.98,65.22
2022062612_T101,4,full,256,65536,0.000215,125.127,663.2,677.9,25.906,336.8,105.89,105.89
2022062612_T101,4,zero-filled,70,17920,21.208874,25.249,181.6,191.4,25.866,336.3,105.89,67.05
2022062612_T101,5,full,256,65536,0.000209,125.565,661.6,677.0,25.966,337.6,107.41,107.41
2022062612_T101,5,zero-filled,70,17920,21.388363,25.384,212.2,222.4,22.137,287.8,107.41,66.58
2022062612_T101,6,full,256,65536,0.000205,125.737,719.3,735.9,23.886,310.5,107.96,107.96
2022062612_T101,6,zero-filled,70,17920,21.679473,25.268,197.3,210.8,23.806,309.5,107.96,69.37
2022062612_T101,7,full,256,65536,0.000204,125.709,748.3,767.1,22.960,298.5,105.21,105.21
2022062612_T101,7,zero-filled,70,17920,21.650088,25.194,196.8,207.7,23.869,310.3,105.21,62.85
2022062612_T101,8,full,256,65536,0.000203,126.248,717.2,732.4,23.953,311.4,111.91,111.91
2022062612_T101,8,zero-filled,70,17920,21.802146,25.624,195.6,205.7,24.018,312.2,111.91,63.26
2022062612_T101,9,full,256,65536,0.000207,126.106,679.8,692.7,25.272,328.5,110.45,110.45
2022062612_T101,9,zero-filled,70,17920,22.248686,25.487,182.2,192.4,25.782,335.2,110.45,63.69
2022062612_T101,10,full,256,65536,0.000204,126.296,664.3,679.0,25.862,336.2,114.21,114.21
2022062612_T101,10,zero-filled,70,17920,22.249309,25.552,183.3,194.1,25.630,333.2,114.21,74.97
2022062612_T101,11,full,256,65536,0.000207,127.250,662.0,675.5,25.953,337.4,126.42,126.43
2022062612_T101,11,zero-filled,70,17920,23.147787,26.298,182.3,191.4,25.775,335.1,126.42,81.78
2022062612_T101,12,full,256,65536,0.000206,128.415,661.1,673.9,25.989,337.9,143.06,143.06
2022062612_T101,12,zero-filled,70,17920,23.733286,27.189,182.2,191.9,25.782,335.2,143.06,95.88
2022062612_T101,13,full,256,65536,0.000209,127.566,659.8,672.6,26.038,338.5,128.99,128.99
2022062612_T101,13,zero-filled,70,17920,24.308275,26.243,180.9,190.0,25.970,337.6,128.99,105.98
2022062612_T101,14,full,256,65536,0.000211,128.065,659.1,672.5,26.064,338.8,139.76,139.76
2022062612_T101,14,zero-filled,70,17920,24.570983,26.744,180.5,189.6,26.022,338.3,139.76,112.41
2022062612_T101,15,full,256,65536,0.000216,127.889,664.4,681.1,25.856,336.1,137.20,137.20
2022062612_T101,15,zero-filled,70,17920,25.718046,26.354,183.4,194.2,25.620,333.1,137.20,113.03
2022062612_T101,16,full,256,65536,0.000222,128.525,661.5,675.0,25.973,337.6,146.07,146.07
2022062612_T101,16,zero-filled,70,17920,27.582736,26.656,181.4,191.2,25.889,336.6,146.07,102.50
2022062612_T101,17,full,256,65536,0.000227,127.072,660.6,673.4,26.007,338.1,134.65,134.65
2022062612_T101,17,zero-filled,70,17920,27.148420,25.501,182.8,192.0,25.698,334.1,134.65,105.20
2022062612_T102,0,full,256,65536,0.000233,124.293,670.8,1045.5,25.611,332.9,91.72,91.72
2022062612_T102,0,zero-filled,70,17920,22.639323,24.539,182.3,194.1,25.774,335.1,91.72,62.45
2022062612_T102,1,full,256,65536,0.000227,124.714,665.8,679.6,25.805,335.5,93.82,93.82
2022062612_T102,1,zero-filled,70,17920,22.557958,24.773,182.1,190.9,25.792,335.3,93.82,60.65
2022062612_T102,2,full,256,65536,0.000221,124.584,662.0,675.2,25.951,337.4,95.24,95.24
2022062612_T102,2,zero-filled,70,17920,22.230126,24.528,182.0,191.8,25.810,335.5,95.24,63.03
2022062612_T102,3,full,256,65536,0.000218,124.990,664.5,678.4,25.855,336.1,101.73,101.73
2022062612_T102,3,zero-filled,70,17920,21.581530,25.083,182.6,191.9,25.731,334.5,101.73,64.67
2022062612_T102,4,full,256,65536,0.000215,124.857,662.2,674.7,25.943,337.3,102.58,102.58
2022062612_T102,4,zero-filled,70,17920,21.087068,25.014,183.0,193.0,25.666,333.7,102.58,66.81
2022062612_T102,5,full,256,65536,0.000210,125.767,661.8,675.1,25.959,337.5,110.26,110.26
2022062612_T102,5,zero-filled,70,17920,21.484628,25.580,185.6,197.2,25.309,329.0,110.26,64.76
2022062612_T102,6,full,256,65536,0.000207,125.762,665.0,679.5,25.836,335.9,109.09,109.09
2022062612_T102,6,zero-filled,70,17920,21.737186,25.350,183.9,194.2,25.543,332.1,109.09,66.54
2022062612_T102,7,full,256,65536,0.000204,125.981,661.8,674.5,25.958,337.5,107.55,107.55
2022062612_T102,7,zero-filled,70,17920,21.932478,25.339,181.8,192.0,25.840,335.9,107.55,63.77
2022062612_T102,8,full,256,65536,0.000204,126.168,663.5,677.2,25.895,336.6,111.19,111.19
2022062612_T102,8,zero-filled,70,17920,21.946046,25.547,182.2,192.1,25.778,335.1,111.19,63.75
2022062612_T102,9,full,256,65536,0.000205,126.692,665.4,679.4,25.818,335.6,116.77,116.77
2022062612_T102,9,zero-filled,70,17920,22.306933,25.975,182.9,193.1,25.681,333.9,116.77,63.55
2022062612_T102,10,full,256,65536,0.000206,126.157,661.8,674.7,25.960,337.5,112.94,112.94
2022062612_T102,10,zero-filled,70,17920,22.369206,25.450,182.7,192.2,25.708,334.2,112.94,75.05
2022062612_T102,11,full,256,65536,0.000206,127.206,663.2,677.2,25.904,336.8,125.20,125.20
2022062612_T102,11,zero-filled,70,17920,23.197709,26.190,225.9,235.5,20.798,270.4,125.20,83.68
2022062612_T102,12,full,256,65536,0.000206,128.320,661.5,674.4,25.969,337.6,142.89,142.89
2022062612_T102,12,zero-filled,70,17920,23.626017,27.149,183.2,193.8,25.647,333.4,142.89,98.42
2022062612_T102,13,full,256,65536,0.000209,128.059,654.9,667.5,26.234,341.0,135.61,135.61
2022062612_T102,13,zero-filled,70,17920,24.466780,26.685,181.1,188.9,25.938,337.2,135.61,102.76
2022062612_T102,14,full,256,65536,0.000210,127.760,655.9,666.7,26.195,340.5,133.68,133.68
2022062612_T102,14,zero-filled,70,17920,24.656247,26.370,180.4,189.1,26.045,338.6,133.68,110.53
2022062612_T102,15,full,256,65536,0.000216,127.675,655.6,668.7,26.204,340.6,133.72,133.72
2022062612_T102,15,zero-filled,70,17920,25.738816,26.149,191.9,201.6,24.478,318.2,133.72,113.61
2022062612_T102,16,full,256,65536,0.000223,128.477,674.3,693.9,25.477,331.2,144.62,144.62
2022062612_T102,16,zero-filled,70,17920,27.757526,26.569,236.9,248.6,19.826,257.7,144.62,99.77
2022062612_T102,17,full,256,65536,0.000227,127.133,659.8,675.0,26.040,338.5,134.81,134.81
2022062612_T102,17,zero-filled,70,17920,27.341634,25.517,182.5,192.9,25.734,334.5,134.81,103.85
2022062612_T103,0,full,256,65536,0.000235,124.338,679.1,1197.2,25.299,328.9,94.10,94.10
2022062612_T103,0,zero-filled,70,17920,22.377823,24.765,190.1,205.0,24.709,321.2,94.10,61.68
2022062612_T103,1,full,256,65536,0.000224,124.852,688.2,710.0,24.965,324.5,93.99,93.99
2022062612_T103,1,zero-filled,70,17920,22.622609,24.770,187.6,202.0,25.035,325.5,93.99,60.02
2022062612_T103,2,full,256,65536,0.000223,124.212,665.6,680.0,25.810,335.5,93.26,93.26
2022062612_T103,2,zero-filled,70,17920,22.116819,24.292,180.3,189.4,26.048,338.6,93.26,62.38
2022062612_T103,3,full,256,65536,0.000217,124.657,659.5,675.0,26.048,338.6,97.97,97.97
2022062612_T103,3,zero-filled,70,17920,21.609871,24.703,182.5,192.6,25.740,334.6,97.97,66.27
2022062612_T103,4,full,256,65536,0.000213,125.253,661.3,674.9,25.980,337.7,106.89,106.89
2022062612_T103,4,zero-filled,70,17920,21.036991,25.379,180.2,189.7,26.073,339.0,106.89,67.07
2022062612_T103,5,full,256,65536,0.000209,125.316,656.3,670.0,26.175,340.3,104.40,104.40
2022062612_T103,5,zero-filled,70,17920,21.367119,25.121,180.0,188.8,26.099,339.3,104.40,64.09
2022062612_T103,6,full,256,65536,0.000206,125.934,663.2,677.0,25.905,336.8,111.22,111.22
2022062612_T103,6,zero-filled,70,17920,21.568696,25.539,182.6,193.7,25.723,334.4,111.22,71.32
2022062612_T103,7,full,256,65536,0.000204,125.638,667.5,682.6,25.737,334.6,104.48,104.48
2022062612_T103,7,zero-filled,70,17920,21.641381,25.123,182.5,192.4,25.740,334.6,104.48,62.07
2022062612_T103,8,full,256,65536,0.000204,126.323,725.1,738.6,23.695,308.0,113.36,113.36
2022062612_T103,8,zero-filled,70,17920,21.665637,25.782,227.6,236.0,20.644,268.4,113.36,64.84
2022062612_T103,9,full,256,65536,0.000206,126.264,787.3,798.8,21.822,283.7,112.18,112.18
2022062612_T103,9,zero-filled,70,17920,22.217957,25.627,217.1,226.3,21.639,281.3,112.18,62.68
2022062612_T103,10,full,256,65536,0.000206,126.425,786.1,797.6,21.856,284.1,116.67,116.67
2022062612_T103,10,zero-filled,70,17920,22.134621,25.803,195.9,202.9,23.978,311.7,116.67,71.86
2022062612_T103,11,full,256,65536,0.000208,126.686,713.1,724.1,24.093,313.2,119.03,119.03
2022062612_T103,11,zero-filled,70,17920,23.049747,25.800,196.1,203.7,23.958,311.5,119.03,82.00
2022062612_T103,12,full,256,65536,0.000209,127.829,693.2,705.9,24.783,322.2,136.41,136.41
2022062612_T103,12,zero-filled,70,17920,23.603942,26.790,180.4,188.9,26.043,338.6,136.41,96.83
2022062612_T103,13,full,256,65536,0.000210,127.600,654.5,668.5,26.248,341.2,129.76,129.76
2022062612_T103,13,zero-filled,70,17920,24.376643,26.304,181.1,188.9,25.940,337.2,129.76,104.09
2022062612_T103,14,full,256,65536,0.000211,127.732,652.9,664.4,26.315,342.1,134.23,134.23
2022062612_T103,14,zero-filled,70,17920,24.505328,26.422,180.6,188.6,26.015,338.2,134.23,111.12
2022062612_T103,15,full,256,65536,0.000215,127.584,650.4,660.3,26.416,343.4,132.34,132.34
2022062612_T103,15,zero-filled,70,17920,25.711570,26.012,180.3,187.7,26.050,338.7,132.34,115.53
2022062612_T103,16,full,256,65536,0.000221,128.470,663.1,676.0,25.908,336.8,144.09,144.09
2022062612_T103,16,zero-filled,70,17920,27.447459,26.578,182.1,190.7,25.803,335.4,144.09,99.92
2022062612_T103,17,full,256,65536,0.000224,126.938,657.8,671.1,26.116,339.5,130.64,130.64
2022062612_T103,17,zero-filled,70,17920,27.226501,25.233,180.2,187.9,26.063,338.8,130.64,103.88
2022062612_T201,0,full,256,65536,0.000247,127.867,667.4,1058.7,25.742,334.6,116.99,116.99
2022062612_T201,0,zero-filled,70,17920,28.600384,26.593,184.6,197.3,25.454,330.9,116.99,83.36
2022062612_T201,1,full,256,65536,0.000244,126.540,660.4,674.2,26.016,338.2,101.23,101.23
2022062612_T201,1,zero-filled,70,17920,26.586277,25.783,182.0,190.2,25.808,335.5,101.23,91.74
2022062612_T201,2,full,256,65536,0.000244,126.390,656.8,668.7,26.156,340.0,100.36,100.36
2022062612_T201,2,zero-filled,70,17920,27.405264,25.383,207.4,214.9,22.651,294.5,100.36,80.60
2022062612_T201,3,full,256,65536,0.000244,126.299,714.3,726.1,24.052,312.7,96.74,96.74
2022062612_T201,3,zero-filled,70,17920,27.222273,25.343,197.8,205.9,23.745,308.7,96.74,80.06
2022062612_T201,4,full,256,65536,0.000241,127.066,739.3,750.0,23.238,302.1,105.81,105.81
2022062612_T201,4,zero-filled,70,17920,27.535987,25.906,196.1,204.0,23.959,311.5,105.81,90.85
2022062612_T201,5,full,256,65536,0.000237,127.148,710.4,720.9,24.184,314.4,107.55,107.55
2022062612_T201,5,zero-filled,70,17920,26.757847,26.109,197.0,205.2,23.847,310.0,107.55,93.62
2022062612_T201,6,full,256,65536,0.000229,126.930,683.4,694.7,25.140,326.8,106.00,106.00
2022062612_T201,6,zero-filled,70,17920,26.788176,25.565,180.3,187.7,26.057,338.7,106.00,102.97
2022062612_T201,7,full,256,65536,0.000228,127.365,654.6,665.2,26.246,341.2,106.51,106.51
2022062612_T201,7,zero-filled,70,17920,27.519649,25.726,180.4,187.9,26.040,338.5,106.51,98.63
2022062612_T201,8,full,256,65536,0.000224,127.640,657.5,668.4,26.130,339.7,109.19,109.19
2022062612_T201,8,zero-filled,70,17920,26.568568,26.163,179.5,187.1,26.177,340.3,109.19,81.65
2022062612_T201,9,full,256,65536,0.000220,127.259,663.0,675.3,25.912,336.9,102.78,102.78
2022062612_T201,9,zero-filled,70,17920,26.376879,25.691,180.9,191.0,25.968,337.6,102.78,86.13
2022062612_T201,10,full,256,65536,0.000218,128.110,654.8,665.9,26.238,341.1,115.59,115.59
2022062612_T201,10,zero-filled,70,17920,25.563859,26.734,178.3,185.4,26.343,342.5,115.59,92.98
2022062612_T201,11,full,256,65536,0.000216,126.849,655.1,666.2,26.226,340.9,102.84,102.84
2022062612_T201,11,zero-filled,70,17920,25.450611,25.440,181.2,188.5,25.923,337.0,102.84,80.95
2022062612_T201,12,full,256,65536,0.000217,127.077,663.5,675.4,25.892,336.6,105.63,105.63
2022062612_T201,12,zero-filled,70,17920,25.919795,25.538,194.5,202.5,24.157,314.0,105.63,87.50
2022062612_T201,13,full,256,65536,0.000224,126.361,655.1,665.4,26.226,340.9,94.41,94.41
2022062612_T201,13,zero-filled,70,17920,26.489190,24.888,219.6,227.2,21.395,278.1,94.41,78.11
2022062612_T201,14,full,256,65536,0.000226,127.202,654.2,663.6,26.260,341.4,102.97,102.97
2022062612_T201,14,zero-filled,70,17920,27.561524,25.496,194.1,201.4,24.197,314.6,102.97,88.24
2022062612_T201,15,full,256,65536,0.000233,127.143,656.2,667.2,26.182,340.4,96.52,96.52
2022062612_T201,15,zero-filled,70,17920,29.738861,25.023,226.5,235.8,20.738,269.6,96.52,76.66
2022062612_T201,16,full,256,65536,0.000242,127.707,661.8,675.8,25.959,337.5,101.39,101.39
2022062612_T201,16,zero-filled,70,17920,31.177601,25.493,205.9,216.2,22.817,296.6,101.39,68.44
2022062612_T201,17,full,256,65536,0.000245,128.556,660.7,675.9,26.003,338.0,114.43,114.43
2022062612_T201,17,zero-filled,70,17920,31.298331,26.423,181.7,191.3,25.849,336.0,114.43,89.09
2022062612_T202,0,full,256,65536,0.000248,126.936,670.2,1121.9,25.633,333.2,104.40,104.40
2022062612_T202,0,zero-filled,70,17920,28.846389,25.634,183.6,197.4,25.583,332.6,104.40,84.31
2022062612_T202,1,full,256,65536,0.000244,125.934,669.1,685.5,25.674,333.8,94.68,94.68
2022062612_T202,1,zero-filled,70,17920,26.499240,25.201,182.0,192.7,25.808,335.5,94.68,90.44
2022062612_T202,2,full,256,65536,0.000243,126.715,663.3,677.6,25.901,336.7,103.78,103.78
2022062612_T202,2,zero-filled,70,17920,27.193950,25.730,169.3,178.4,27.745,360.7,103.78,83.70
2022062612_T202,3,full,256,65536,0.000244,126.612,603.3,613.5,28.476,370.2,100.66,100.66
2022062612_T202,3,zero-filled,70,17920,27.311806,25.640,165.7,172.8,28.348,368.5,100.66,78.67
2022062612_T202,4,full,256,65536,0.000243,127.484,599.9,609.2,28.640,372.3,111.73,111.73
2022062612_T202,4,zero-filled,70,17920,27.660062,26.344,163.8,170.4,28.677,372.8,111.73,88.60
2022062612_T202,5,full,256,65536,0.000236,127.455,599.3,608.4,28.665,372.6,110.66,110.66
2022062612_T202,5,zero-filled,70,17920,26.677374,26.392,173.7,180.3,27.044,351.6,110.66,92.90
2022062612_T202,6,full,256,65536,0.000227,126.690,717.5,728.6,23.943,311.3,103.29,103.29
2022062612_T202,6,zero-filled,70,17920,26.456749,25.366,195.6,202.5,24.015,312.2,103.29,104.16
2022062612_T202,7,full,256,65536,0.000228,127.481,727.2,737.2,23.623,307.1,107.84,107.84
2022062612_T202,7,zero-filled,70,17920,27.578375,25.832,193.6,200.7,24.263,315.4,107.84,98.34
2022062612_T202,8,full,256,65536,0.000222,127.314,711.9,725.9,24.133,313.7,104.10,104.10
2022062612_T202,8,zero-filled,70,17920,26.654146,25.732,196.6,204.7,23.892,310.6,104.10,81.16
2022062612_T202,9,full,256,65536,0.000221,127.039,693.4,704.7,24.778,322.1,100.85,100.85
2022062612_T202,9,zero-filled,70,17920,26.082705,25.592,179.3,186.7,26.204,340.6,100.85,86.42
2022062612_T202,10,full,256,65536,0.000218,127.864,652.0,663.9,26.350,342.6,111.20,111.20
2022062612_T202,10,zero-filled,70,17920,25.749451,26.407,179.6,187.3,26.155,340.0,111.20,91.79
2022062612_T202,11,full,256,65536,0.000217,127.183,652.8,663.2,26.317,342.1,107.47,107.47
2022062612_T202,11,zero-filled,70,17920,25.315135,25.833,180.5,188.7,26.022,338.3,107.47,77.30
2022062612_T202,12,full,256,65536,0.000220,127.303,655.8,667.2,26.195,340.5,109.80,109.80
2022062612_T202,12,zero-filled,70,17920,25.929562,25.884,180.2,188.1,26.069,338.9,109.80,84.32
2022062612_T202,13,full,256,65536,0.000221,126.400,651.8,661.7,26.359,342.7,94.03,94.03
2022062612_T202,13,zero-filled,70,17920,26.327339,24.897,200.6,207.7,23.423,304.5,94.03,78.54
2022062612_T202,14,full,256,65536,0.000226,127.299,652.3,662.1,26.338,342.4,103.73,103.73
2022062612_T202,14,zero-filled,70,17920,27.568005,25.581,179.4,186.0,26.188,340.4,103.73,86.06
2022062612_T202,15,full,256,65536,0.000237,126.995,654.8,665.8,26.237,341.1,96.76,96.76
2022062612_T202,15,zero-filled,70,17920,29.771552,25.020,188.1,198.4,24.977,324.7,96.76,77.66
2022062612_T202,16,full,256,65536,0.000242,127.533,665.8,681.5,25.805,335.5,99.81,99.81
2022062612_T202,16,zero-filled,70,17920,30.848586,25.419,181.9,190.8,25.825,335.7,99.81,69.44
2022062612_T202,17,full,256,65536,0.000244,128.599,652.6,663.7,26.327,342.2,113.43,113.43
2022062612_T202,17,zero-filled,70,17920,31.558343,26.374,308.4,316.1,15.231,198.0,113.43,86.29
2022062612_T203,0,full,256,65536,0.000246,127.051,670.6,944.8,25.620,333.1,106.45,106.45
2022062612_T203,0,zero-filled,70,17920,28.604957,25.731,180.0,188.9,26.101,339.3,106.45,84.80
2022062612_T203,1,full,256,65536,0.000248,126.132,654.5,666.1,26.249,341.2,98.62,98.62
2022062612_T203,1,zero-filled,70,17920,26.511461,25.541,181.9,190.6,25.831,335.8,98.62,90.74
2022062612_T203,2,full,256,65536,0.000244,126.759,656.1,666.3,26.185,340.4,104.72,104.72
2022062612_T203,2,zero-filled,70,17920,27.309552,25.781,180.8,188.3,25.989,337.9,104.72,82.76
2022062612_T203,3,full,256,65536,0.000244,126.569,657.4,668.9,26.133,339.7,101.04,101.04
2022062612_T203,3,zero-filled,70,17920,27.355030,25.590,217.6,224.9,21.585,280.6,101.04,80.69
2022062612_T203,4,full,256,65536,0.000243,127.252,652.8,662.4,26.316,342.1,109.58,109.58
2022062612_T203,4,zero-filled,70,17920,27.557421,26.167,179.7,186.7,26.143,339.9,109.58,87.15
2022062612_T203,5,full,256,65536,0.000236,127.200,652.5,662.3,26.330,342.3,107.56,107.56
2022062612_T203,5,zero-filled,70,17920,26.789581,26.100,195.9,203.1,23.979,311.7,107.56,92.69
2022062612_T203,6,full,256,65536,0.000230,126.791,657.1,668.0,26.146,339.9,105.20,105.20
2022062612_T203,6,zero-filled,70,17920,26.602972,25.523,222.7,230.0,21.096,274.3,105.20,102.92
2022062612_T203,7,full,256,65536,0.000225,127.304,652.4,662.2,26.333,342.3,104.97,104.96
2022062612_T203,7,zero-filled,70,17920,27.464383,25.575,192.9,199.8,24.358,316.7,104.97,98.08
2022062612_T203,8,full,256,65536,0.000224,127.246,653.0,667.4,26.309,342.0,104.58,104.58
2022062612_T203,8,zero-filled,70,17920,26.615725,25.741,218.1,225.3,21.541,280.0,104.58,81.96
2022062612_T203,9,full,256,65536,0.000219,127.688,657.3,668.5,26.136,339.8,108.32,108.32
2022062612_T203,9,zero-filled,70,17920,26.130226,26.152,230.5,238.3,20.380,264.9,108.32,87.63
2022062612_T203,10,full,256,65536,0.000218,128.138,715.7,725.5,24.003,312.0,115.61,115.61
2022062612_T203,10,zero-filled,70,17920,25.574143,26.750,197.6,204.7,23.777,309.1,115.61,93.06
2022062612_T203,11,full,256,65536,0.000217,127.572,726.5,736.7,23.647,307.4,112.04,112.04
2022062612_T203,11,zero-filled,70,17920,25.505212,26.149,196.6,204.1,23.900,310.7,112.04,79.17
2022062612_T203,12,full,256,65536,0.000220,126.975,716.5,728.3,23.977,311.7,106.27,106.27
2022062612_T203,12,zero-filled,70,17920,25.754478,25.609,197.8,204.7,23.752,308.8,106.27,84.51
2022062612_T203,13,full,256,65536,0.000224,126.399,680.5,691.5,25.248,328.2,95.64,95.64
2022062612_T203,13,zero-filled,70,17920,26.281423,25.010,180.3,187.4,26.058,338.7,95.64,81.73
2022062612_T203,14,full,256,65536,0.000228,127.105,652.6,663.6,26.327,342.2,102.48,102.48
2022062612_T203,14,zero-filled,70,17920,27.585639,25.452,182.3,189.5,25.764,334.9,102.48,85.29
2022062612_T203,15,full,256,65536,0.000238,127.162,653.3,663.7,26.295,341.8,98.07,98.07
2022062612_T203,15,zero-filled,70,17920,29.879292,25.190,203.3,211.1,23.110,300.4,98.07,78.33
2022062612_T203,16,full,256,65536,0.000241,127.381,658.0,670.4,26.109,339.4,96.49,96.49
2022062612_T203,16,zero-filled,70,17920,31.352672,25.101,181.0,188.3,25.950,337.3,96.49,69.38
2022062612_T203,17,full,256,65536,0.000246,128.218,655.2,665.5,26.221,340.9,110.86,110.86
2022062612_T203,17,zero-filled,70,17920,31.236690,26.160,180.6,187.5,26.012,338.2,110.86,85.47
2022062614_FLAIR01,0,full,256,65536,0.000260,123.064,668.4,1064.0,25.703,334.1,78.50,78.50
2022062614_FLAIR01,0,zero-filled,70,17920,25.160330,23.335,182.3,192.2,25.776,335.1,78.50,62.43
2022062614_FLAIR01,1,full,256,65536,0.000252,122.462,659.1,670.7,26.064,338.8,77.73,77.73
2022062614_FLAIR01,1,zero-filled,70,17920,22.385966,23.504,179.9,188.1,26.106,339.4,77.73,60.91
2022062614_FLAIR01,2,full,256,65536,0.000243,122.536,654.4,665.0,26.253,341.3,76.79,76.79
2022062614_FLAIR01,2,zero-filled,70,17920,22.290202,23.302,179.1,186.7,26.227,341.0,76.79,57.19
2022062614_FLAIR01,3,full,256,65536,0.000239,122.487,657.5,669.5,26.130,339.7,79.09,79.09
2022062614_FLAIR01,3,zero-filled,70,17920,21.519108,23.409,180.2,187.5,26.075,339.0,79.09,60.35
2022062614_FLAIR01,4,full,256,65536,0.000238,123.377,715.6,727.6,24.007,312.1,87.00,87.00
2022062614_FLAIR01,4,zero-filled,70,17920,21.978248,24.060,198.3,206.0,23.691,308.0,87.00,63.47
2022062614_FLAIR01,5,full,256,65536,0.000238,122.944,736.8,747.8,23.317,303.1,84.48,84.48
2022062614_FLAIR01,5,zero-filled,70,17920,22.007895,23.629,193.9,201.7,24.222,314.9,84.48,63.36
2022062614_FLAIR01,6,full,256,65536,0.000233,123.211,717.6,729.6,23.942,311.2,85.98,85.98
2022062614_FLAIR01,6,zero-filled,70,17920,22.144553,23.656,196.2,205.1,23.939,311.2,85.98,62.38
2022062614_FLAIR01,7,full,256,65536,0.000230,124.338,704.5,714.9,24.386,317.0,99.09,99.09
2022062614_FLAIR01,7,zero-filled,70,17920,22.314876,24.583,179.7,186.9,26.146,339.9,99.09,65.58
2022062614_FLAIR01,8,full,256,65536,0.000225,124.053,652.9,662.3,26.313,342.1,94.37,94.37
2022062614_FLAIR01,8,zero-filled,70,17920,22.932376,23.879,180.9,188.2,25.972,337.6,94.37,60.15
2022062614_FLAIR01,9,full,256,65536,0.000217,123.774,659.3,670.9,26.056,338.7,87.61,87.61
2022062614_FLAIR01,9,zero-filled,70,17920,22.382659,23.511,181.7,190.6,25.849,336.0,87.61,59.48
2022062614_FLAIR01,10,full,256,65536,0.000215,124.191,653.1,663.7,26.303,341.9,90.72,90.72
2022062614_FLAIR01,10,zero-filled,70,17920,22.017290,23.992,189.9,198.3,24.732,321.5,90.72,63.94
2022062614_FLAIR01,11,full,256,65536,0.000215,124.204,652.4,663.5,26.335,342.4,89.29,89.29
2022062614_FLAIR01,11,zero-filled,70,17920,22.278759,23.876,178.9,185.6,26.257,341.3,89.29,72.39
2022062614_FLAIR01,12,full,256,65536,0.000214,125.552,659.7,671.8,26.043,338.6,102.74,102.74
2022062614_FLAIR01,12,zero-filled,70,17920,22.764542,25.023,180.9,189.0,25.961,337.5,102.74,83.49
2022062614_FLAIR01,13,full,256,65536,0.000215,125.811,654.7,664.9,26.243,341.2,104.48,104.48
2022062614_FLAIR01,13,zero-filled,70,17920,23.482694,25.053,231.8,239.3,20.264,263.4,104.48,90.44
2022062614_FLAIR01,14,full,256,65536,0.000220,126.098,653.1,663.8,26.303,341.9,104.18,104.18
2022062614_FLAIR01,14,zero-filled,70,17920,24.977156,25.006,254.2,261.0,18.481,240.3,104.18,93.04
2022062614_FLAIR01,15,full,256,65536,0.000221,126.121,677.8,688.7,25.346,329.5,101.49,101.49
2022062614_FLAIR01,15,zero-filled,70,17920,25.103520,24.995,178.9,185.5,26.262,341.4,101.49,89.99
2022062614_FLAIR01,16,full,256,65536,0.000222,125.767,660.1,671.3,26.026,338.3,97.24,97.24
2022062614_FLAIR01,16,zero-filled,70,17920,25.884218,24.441,181.0,190.9,25.948,337.3,97.24,92.37
2022062614_FLAIR01,17,full,256,65536,0.000228,125.022,659.6,672.3,26.047,338.6,92.06,92.06
2022062614_FLAIR01,17,zero-filled,70,17920,26.958088,23.580,201.7,209.1,23.288,302.7,92.06,88.35
2022062614_FLAIR02,0,full,256,65536,0.000261,122.440,675.5,972.7,25.434,330.6,72.95,72.95
2022062614_FLAIR02,0,zero-filled,70,17920,25.506891,22.640,184.9,195.5,25.412,330.4,72.95,58.49
2022062614_FLAIR02,1,full,256,65536,0.000251,122.931,660.2,673.2,26.022,338.3,81.36,81.36
2022062614_FLAIR02,1,zero-filled,70,17920,22.427909,23.910,180.7,188.9,25.999,338.0,81.36,59.47
2022062614_FLAIR02,2,full,256,65536,0.000245,122.649,653.2,663.5,26.300,341.9,77.60,77.60
2022062614_FLAIR02,2,zero-filled,70,17920,22.524436,23.371,178.7,185.7,26.283,341.7,77.60,55.23
2022062614_FLAIR02,3,full,256,65536,0.000241,122.654,655.8,666.7,26.197,340.6,81.08,81.08
2022062614_FLAIR02,3,zero-filled,70,17920,21.667159,23.580,191.8,199.8,24.488,318.3,81.08,63.57
2022062614_FLAIR02,4,full,256,65536,0.000239,123.176,717.0,726.7,23.962,311.5,85.47,85.47
2022062614_FLAIR02,4,zero-filled,70,17920,21.973878,23.891,197.9,205.0,23.732,308.5,85.47,60.74
2022062614_FLAIR02,5,full,256,65536,0.000237,123.320,713.4,723.8,24.081,313.0,87.80,87.80
2022062614_FLAIR02,5,zero-filled,70,17920,22.118220,23.910,196.6,203.9,23.889,310.6,87.80,63.90
2022062614_FLAIR02,6,full,256,65536,0.000231,123.748,717.0,726.9,23.961,311.5,90.69,90.69
2022062614_FLAIR02,6,zero-filled,70,17920,22.234756,24.096,197.3,205.5,23.809,309.5,90.69,64.52
2022062614_FLAIR02,7,full,256,65536,0.000228,123.786,727.3,737.3,23.622,307.1,92.38,92.38
2022062614_FLAIR02,7,zero-filled,70,17920,22.249892,24.004,196.7,204.1,23.877,310.4,92.38,63.43
2022062614_FLAIR02,8,full,256,65536,0.000226,124.463,712.2,721.4,24.124,313.6,99.39,99.39
2022062614_FLAIR02,8,zero-filled,70,17920,22.936045,24.348,196.7,203.4,23.887,310.5,99.39,61.55
2022062614_FLAIR02,9,full,256,65536,0.000219,123.827,682.4,692.9,25.177,327.3,89.57,89.57
2022062614_FLAIR02,9,zero-filled,70,17920,22.281155,23.692,180.9,188.7,25.971,337.6,89.57,60.35
2022062614_FLAIR02,10,full,256,65536,0.000215,124.543,655.1,665.2,26.227,340.9,94.42,94.42
2022062614_FLAIR02,10,zero-filled,70,17920,21.980663,24.358,179.2,186.5,26.219,340.8,94.42,65.01
2022062614_FLAIR02,11,full,256,65536,0.000215,124.364,652.4,662.5,26.335,342.4,91.21,91.21
2022062614_FLAIR02,11,zero-filled,70,17920,22.241329,24.076,179.8,186.9,26.132,339.7,91.21,70.98
2022062614_FLAIR02,12,full,256,65536,0.000214,125.553,654.3,667.5,26.255,341.3,103.27,103.27
2022062614_FLAIR02,12,zero-filled,70,17920,22.563837,25.076,181.1,190.7,25.941,337.2,103.27,85.04
2022062614_FLAIR02,13,full,256,65536,0.000216,125.556,665.6,675.7,25.811,335.5,102.04,102.04
2022062614_FLAIR02,13,zero-filled,70,17920,23.400233,24.847,224.1,231.1,20.966,272.6,102.04,92.48
2022062614_FLAIR02,14,full,256,65536,0.000219,126.206,653.2,663.1,26.303,341.9,105.52,105.52
2022062614_FLAIR02,14,zero-filled,70,17920,24.946840,25.074,179.0,186.4,26.243,341.2,105.52,91.17
2022062614_FLAIR02,15,full,256,65536,0.000221,126.109,655.3,665.1,26.216,340.8,102.10,102.10
2022062614_FLAIR02,15,zero-filled,70,17920,25.060419,25.017,227.2,234.1,20.676,268.8,102.10,90.08
2022062614_FLAIR02,16,full,256,65536,0.000221,125.464,654.9,665.4,26.234,341.0,93.79,93.79
2022062614_FLAIR02,16,zero-filled,70,17920,25.777032,24.142,181.3,190.5,25.904,336.7,93.79,88.88
2022062614_FLAIR02,17,full,256,65536,0.000230,125.552,656.5,667.8,26.168,340.2,99.38,99.38
2022062614_FLAIR02,17,zero-filled,70,17920,26.858272,24.191,228.3,235.7,20.580,267.5,99.38,88.23
2022062614_T101,0,full,256,65536,0.000250,123.677,664.1,965.2,25.868,336.3,90.07,90.07
2022062614_T101,0,zero-filled,70,17920,23.044124,24.388,181.5,195.0,25.883,336.5,90.07,59.72
2022062614_T101,1,full,256,65536,0.000244,123.976,659.2,672.4,26.063,338.8,90.30,90.30
2022062614_T101,1,zero-filled,70,17920,23.371347,24.356,199.4,214.2,23.563,306.3,90.30,60.58
2022062614_T101,2,full,256,65536,0.000235,123.859,714.2,724.7,24.056,312.7,90.99,90.99
2022062614_T101,2,zero-filled,70,17920,22.360957,24.289,195.4,202.4,24.043,312.6,90.99,61.41
2022062614_T101,3,full,256,65536,0.000231,124.843,729.2,741.1,23.558,306.3,104.28,104.28
2022062614_T101,3,zero-filled,70,17920,21.818940,25.322,197.7,205.0,23.761,308.9,104.28,64.51
2022062614_T101,4,full,256,65536,0.000229,124.281,714.7,726.7,24.037,312.5,102.35,102.35
2022062614_T101,4,zero-filled,70,17920,21.425576,24.866,196.8,204.5,23.871,310.3,102.35,70.16
2022062614_T101,5,full,256,65536,0.000224,125.242,691.8,701.5,24.834,322.8,112.20,112.20
2022062614_T101,5,zero-filled,70,17920,21.740373,25.497,180.1,187.0,26.089,339.2,112.20,68.02
2022062614_T101,6,full,256,65536,0.000222,124.779,652.4,663.4,26.334,342.3,107.62,107.62
2022062614_T101,6,zero-filled,70,17920,21.537285,25.033,179.8,187.0,26.124,339.6,107.62,68.32
2022062614_T101,7,full,256,65536,0.000217,125.177,657.1,667.7,26.147,339.9,108.77,108.77
2022062614_T101,7,zero-filled,70,17920,22.065029,25.045,191.4,199.3,24.539,319.0,108.77,67.01
2022062614_T101,8,full,256,65536,0.000213,125.202,652.9,663.4,26.314,342.1,109.12,109.12
2022062614_T101,8,zero-filled,70,17920,22.136645,24.851,225.1,232.0,20.867,271.3,109.12,65.89
2022062614_T101,9,full,256,65536,0.000209,125.820,651.7,661.5,26.360,342.7,112.83,112.83
2022062614_T101,9,zero-filled,70,17920,22.132565,25.326,182.4,189.4,25.756,334.8,112.83,61.07
2022062614_T101,10,full,256,65536,0.000205,125.704,658.0,669.1,26.110,339.4,109.10,109.10
2022062614_T101,10,zero-filled,70,17920,21.597197,25.250,207.5,215.2,22.641,294.3,109.10,68.62
2022062614_T101,11,full,256,65536,0.000208,126.012,653.1,662.9,26.304,341.9,111.88,111.88
2022062614_T101,11,zero-filled,70,17920,22.132269,25.454,181.3,188.3,25.906,336.8,111.88,75.56
2022062614_T101,12,full,256,65536,0.000206,127.230,666.2,677.0,25.786,335.2,129.90,129.90
2022062614_T101,12,zero-filled,70,17920,22.814166,26.350,223.8,231.1,20.989,272.9,129.90,99.49
2022062614_T101,13,full,256,65536,0.000211,127.355,658.6,670.4,26.087,339.1,128.93,128.93
2022062614_T101,13,zero-filled,70,17920,24.472541,26.061,230.1,238.3,20.414,265.4,128.93,106.12
2022062614_T101,14,full,256,65536,0.000212,127.585,655.9,668.1,26.191,340.5,132.52,132.52
2022062614_T101,14,zero-filled,70,17920,25.187637,26.087,225.9,233.2,20.799,270.4,132.52,111.70
2022062614_T101,15,full,256,65536,0.000208,127.310,652.3,662.9,26.336,342.4,124.71,124.71
2022062614_T101,15,zero-filled,70,17920,25.205523,25.639,192.7,199.4,24.375,316.9,124.71,103.74
2022062614_T101,16,full,256,65536,0.000212,126.940,651.2,662.3,26.382,343.0,122.36,122.36
2022062614_T101,16,zero-filled,70,17920,26.233865,25.092,180.9,189.1,25.963,337.5,122.36,94.10
2022062614_T101,17,full,256,65536,0.000215,126.600,658.8,670.9,26.078,339.0,125.61,125.61
2022062614_T101,17,zero-filled,70,17920,26.375388,24.834,208.8,217.0,22.501,292.5,125.61,105.69
2022062614_T102,0,full,256,65536,0.000250,124.042,662.2,976.1,25.944,337.3,93.75,93.75
2022062614_T102,0,zero-filled,70,17920,23.106213,24.732,181.6,190.6,25.870,336.3,93.75,60.95
2022062614_T102,1,full,256,65536,0.000242,124.221,665.1,679.3,25.830,335.8,91.76,91.76
2022062614_T102,1,zero-filled,70,17920,23.405560,24.508,211.0,219.8,22.261,289.4,91.76,58.28
2022062614_T102,2,full,256,65536,0.000235,123.629,716.4,730.1,23.980,311.7,88.77,88.77
2022062614_T102,2,zero-filled,70,17920,22.412370,24.057,196.5,204.0,23.904,310.8,88.77,60.17
2022062614_T102,3,full,256,65536,0.000231,124.243,726.3,736.8,23.655,307.5,97.18,97.18
2022062614_T102,3,zero-filled,70,17920,21.871159,24.724,195.9,203.0,23.981,311.8,97.18,61.91
2022062614_T102,4,full,256,65536,0.000229,124.991,717.5,729.4,23.943,311.3,111.47,111.47
2022062614_T102,4,zero-filled,70,17920,21.330186,25.613,196.4,204.0,23.921,311.0,111.47,71.67
2022062614_T102,5,full,256,65536,0.000225,125.299,685.9,696.3,25.048,325.6,112.93,112.93
2022062614_T102,5,zero-filled,70,17920,21.796060,25.571,179.5,186.2,26.172,340.2,112.93,67.49
2022062614_T102,6,full,256,65536,0.000223,124.827,652.5,662.5,26.328,342.3,108.24,108.24
2022062614_T102,6,zero-filled,70,17920,21.566954,25.100,179.5,197.8,26.166,340.2,108.24,67.62
2022062614_T102,7,full,256,65536,0.000218,124.788,658.0,668.9,26.111,339.4,104.06,104.06
2022062614_T102,7,zero-filled,70,17920,22.065523,24.669,179.1,186.7,26.230,341.0,104.06,65.32
2022062614_T102,8,full,256,65536,0.000212,125.122,650.8,660.9,26.397,343.2,108.02,108.02
2022062614_T102,8,zero-filled,70,17920,22.195804,24.718,218.4,225.3,21.510,279.6,108.02,66.55
2022062614_T102,9,full,256,65536,0.000209,125.950,652.3,662.4,26.335,342.4,114.02,114.02
2022062614_T102,9,zero-filled,70,17920,22.346947,25.386,180.7,187.6,25.996,337.9,114.02,61.50
2022062614_T102,10,full,256,65536,0.000206,125.605,657.6,668.7,26.125,339.6,107.93,107.93
2022062614_T102,10,zero-filled,70,17920,21.722325,25.124,204.1,212.2,23.022,299.3,107.93,69.74
2022062614_T102,11,full,256,65536,0.000206,126.234,652.6,664.1,26.325,342.2,113.82,113.82
2022062614_T102,11,zero-filled,70,17920,22.177703,25.589,179.0,185.8,26.243,341.2,113.82,78.01
2022062614_T102,12,full,256,65536,0.000205,126.853,651.8,661.2,26.357,342.6,123.09,123.09
2022062614_T102,12,zero-filled,70,17920,23.023215,25.834,218.5,225.9,21.497,279.5,123.09,99.09
2022062614_T102,13,full,256,65536,0.000209,127.443,657.0,668.1,26.148,339.9,128.97,128.97
2022062614_T102,13,zero-filled,70,17920,24.598777,26.044,197.8,205.5,23.750,308.8,128.97,108.08
2022062614_T102,14,full,256,65536,0.000213,127.527,653.6,664.7,26.285,341.7,132.17,132.17
2022062614_T102,14,zero-filled,70,17920,25.162244,26.062,230.1,237.4,20.411,265.3,132.17,111.97
2022062614_T102,15,full,256,65536,0.000209,127.402,652.1,662.1,26.344,342.5,126.15,126.15
2022062614_T102,15,zero-filled,70,17920,25.270491,25.757,216.5,223.3,21.695,282.0,126.15,101.78
2022062614_T102,16,full,256,65536,0.000212,126.622,650.3,661.1,26.419,343.4,117.88,117.88
2022062614_T102,16,zero-filled,70,17920,26.256358,24.781,191.1,199.2,24.588,319.6,117.88,93.97
2022062614_T102,17,full,256,65536,0.000217,126.039,656.1,666.6,26.183,340.4,119.55,119.55
2022062614_T102,17,zero-filled,70,17920,26.088134,24.444,210.8,219.2,22.284,289.7,119.55,105.30
